obs_peak,mod_peak,peak_bias_pct,peak_bias_mm,obs_peak_date,mod_peak_date,peak_date_bias,obs_meltout,mod_meltout,meltout_bias,rmse,nse,r2,kge,site,wy,config,state,elevation_m,huc2,part_ratio,obs_part_ratio,part_ratio_bias
238.76,196.51042336872922,-17.695416582036678,-42.24957663127077,2000-04-03,2000-03-20,-14,2000-05-16,2000-04-20,-26.0,41.803909255056695,0.7728128519220255,0.8259411108310972,0.6701920053702634,Lemhi_Ridge,2000,baseline,MT,2468.88,10,0.8214278319027338,0.8867924528301886,-0.06536462092745476
238.76,214.5916500179751,-10.122445125659613,-24.168349982024893,2000-04-03,2000-04-03,0,2000-05-16,2000-05-25,9.0,21.44246532473942,0.9402277781077157,0.9438174303717418,0.9070834874644337,Lemhi_Ridge,2000,fracsno,MT,2468.88,10,0.8407569260770503,0.8867924528301886,-0.04603552675313827
238.76,214.25865500000418,-10.261913637123392,-24.50134499999581,2000-04-03,2000-04-03,0,2000-05-16,2000-05-26,10.0,23.058682889291426,0.9308775758337549,0.9337461325280214,0.9065055123493306,Lemhi_Ridge,2000,fracsno_jennings,MT,2468.88,10,0.8394522720157914,0.8867924528301886,-0.04734018081439717
238.76,213.15869651229025,-10.722609937891498,-25.601303487709743,2000-04-03,2000-04-03,0,2000-05-16,2000-05-08,-8.0,13.365485720278784,0.9767769391774626,0.9938837680050716,0.8518168612612417,Lemhi_Ridge,2000,sza_g4_z02,MT,2468.88,10,0.8351427021100414,0.8867924528301886,-0.051649750720147214
238.76,211.14640240608824,-11.5654203358652,-27.61359759391175,2000-04-03,2000-04-03,0,2000-05-16,2000-05-01,-15.0,21.337584067215396,0.9408110742909828,0.9632233488311084,0.8159424099273811,Lemhi_Ridge,2000,sza_g4_z05,MT,2468.88,10,0.8272586571951919,0.8867924528301886,-0.05953379563499672
238.76,210.18285834337686,-11.968982097764755,-28.577141656623127,2000-04-03,2000-04-03,0,2000-05-16,2000-05-01,-15.0,21.74741369573381,0.9385155632062249,0.9618910309044605,0.8118906043265433,Lemhi_Ridge,2000,jennings_sza_g4_z05,MT,2468.88,10,0.8234835506417116,0.8867924528301886,-0.06330890218847696
787.4,483.8112022062956,-38.55585443150932,-303.5887977937044,2000-04-26,2000-04-09,-17,2000-06-21,2000-06-02,-19.0,209.58636874260085,0.531852325086696,0.8887663419437092,0.3739957869730598,Darkhorse_Lake,2000,baseline,MT,2726.436,10,0.8646619338160964,1.1397058823529411,-0.2750439485368448
787.4,537.2125810946617,-31.77386574870946,-250.1874189053383,2000-04-26,2000-04-09,-17,2000-06-21,2000-07-02,11.0,142.38014276537422,0.7839493125705477,0.9769078608377771,0.5571954056651967,Darkhorse_Lake,2000,fracsno,MT,2726.436,10,0.9601002769704001,1.1397058823529411,-0.179605605382541
787.4,538.2069903421466,-31.647575521698425,-249.1930096578534,2000-04-26,2000-04-13,-13,2000-06-21,2000-07-03,12.0,138.80227364239272,0.7946711548252818,0.9761285480471643,0.5698321953569521,Darkhorse_Lake,2000,fracsno_jennings,MT,2726.436,10,0.9471560426073236,1.1397058823529411,-0.19254983974561757
787.4,536.8621403699707,-31.81837180975734,-250.5378596300293,2000-04-26,2000-04-09,-17,2000-06-21,2000-06-19,-2.0,145.07119419363462,0.7757052147770203,0.9868025455097195,0.5417945533799984,Darkhorse_Lake,2000,sza_g4_z02,MT,2726.436,10,0.9594739732525089,1.1397058823529411,-0.18023190910043219
787.4,536.1450646707416,-31.909440605697025,-251.2549353292584,2000-04-26,2000-04-09,-17,2000-06-21,2000-06-09,-12.0,155.76113122264226,0.7414318729799392,0.9633103141560446,0.5229409029811328,Darkhorse_Lake,2000,sza_g4_z05,MT,2726.436,10,0.9581924236357152,1.1397058823529411,-0.1815134587172259
787.4,537.0206897092942,-31.798236003391644,-250.3793102907058,2000-04-26,2000-04-09,-17,2000-06-21,2000-06-10,-11.0,153.3386347303758,0.7494121623136885,0.9677890912333321,0.5280717350089599,Darkhorse_Lake,2000,jennings_sza_g4_z05,MT,2726.436,10,0.9597573308467927,1.1397058823529411,-0.1799485515061484
614.68,553.262222950704,-9.99182941519099,-61.41777704929598,2000-04-08,2000-04-04,-4,2000-06-12,2000-05-20,-23.0,138.64170211624537,0.6770948511363043,0.7628797630778751,0.6282388289090375,Evening_Star,2000,baseline,WY,2804.1600000000003,10,0.9200477661795349,0.9527559055118113,-0.032708139332276454
614.68,566.5230704115528,-7.83447152802225,-48.156929588447156,2000-04-08,2000-04-10,2,2000-06-12,2000-06-09,-3.0,84.45217145288173,0.8801856466069011,0.9340714257031203,0.740196183523832,Evening_Star,2000,fracsno,WY,2804.1600000000003,10,0.9272643136127494,0.9527559055118113,-0.025491591899061916
614.68,566.0448525465024,-7.912271011501522,-48.63514745349755,2000-04-08,2000-04-10,2,2000-06-12,2000-06-09,-3.0,82.04008147258573,0.8869320878390345,0.9395831804941572,0.7447465802799682,Evening_Star,2000,fracsno_jennings,WY,2804.1600000000003,10,0.9264815840408166,0.9527559055118113,-0.026274321470994733
614.68,566.156140914315,-7.894165921403819,-48.52385908568499,2000-04-08,2000-04-10,2,2000-06-12,2000-05-30,-13.0,101.05767936426493,0.8284361241001177,0.8871376839835389,0.7159224718854861,Evening_Star,2000,sza_g4_z02,WY,2804.1600000000003,10,0.9266637367851308,0.9527559055118113,-0.02609216872668052
614.68,565.7828055696815,-7.954902458241435,-48.89719443031845,2000-04-08,2000-04-09,1,2000-06-12,2000-05-25,-18.0,113.97418819418859,0.7817771507311015,0.8455228199225221,0.6937806316191464,Evening_Star,2000,sza_g4_z05,WY,2804.1600000000003,10,0.9260526750999687,0.9527559055118113,-0.026703230411842638
614.68,565.3574034802996,-8.024109539874468,-49.32259651970037,2000-04-08,2000-04-10,2,2000-06-12,2000-05-26,-17.0,109.72231315780388,0.7977553153255874,0.8590090449533907,0.7028305049744406,Evening_Star,2000,jennings_sza_g4_z05,WY,2804.1600000000003,10,0.9253563924646762,0.9527559055118113,-0.02739951304713517
398.78,307.12177807135436,-22.984658691169475,-91.65822192864562,2000-04-20,2000-03-23,-28,2000-05-31,2000-05-15,-16.0,61.612835939513424,0.7777375282130039,0.8592709277032741,0.6352313882943204,Deer_Park,2000,baseline,WY,2956.56,10,0.7931509069727134,0.7810945273631839,0.012056379609529544
398.78,338.632949098042,-15.082765159225135,-60.14705090195798,2000-04-20,2000-04-04,-16,2000-05-31,2000-06-09,9.0,20.845153770103295,0.9745590134760289,0.9764676408789972,0.9428681800614748,Deer_Park,2000,fracsno,WY,2956.56,10,0.8516138350245049,0.7810945273631839,0.07051930766132108
398.78,355.66544624583076,-10.811613860817797,-43.11455375416921,2000-04-20,2000-04-21,1,2000-05-31,2000-06-09,9.0,21.62737959508696,0.9726138143859487,0.972674284910237,0.976190035677444,Deer_Park,2000,fracsno_jennings,WY,2956.56,10,0.7608122333333218,0.7810945273631839,-0.020282294029862036
398.78,335.1081473577392,-15.966661478073318,-63.671852642260774,2000-04-20,2000-04-04,-16,2000-05-31,2000-05-30,-1.0,18.11936068677665,0.9807775171544159,0.9914335600994651,0.8830481436519174,Deer_Park,2000,sza_g4_z02,WY,2956.56,10,0.8427494586082241,0.7810945273631839,0.06165493124504029
398.78,334.59377212536674,-16.09564869718472,-64.18622787463323,2000-04-20,2000-04-04,-16,2000-05-31,2000-05-24,-7.0,34.084458417400924,0.9319800141928481,0.9535521087152932,0.8212220223130402,Deer_Park,2000,sza_g4_z05,WY,2956.56,10,0.8414558778581847,0.7810945273631839,0.0603613504950008
398.78,335.7464550403212,-15.80659635881407,-63.03354495967875,2000-04-20,2000-04-04,-16,2000-05-31,2000-05-27,-4.0,23.156184962438804,0.9686051970645849,0.981781135106127,0.8663483524681667,Deer_Park,2000,jennings_sza_g4_z05,WY,2956.56,10,0.844354711891867,0.7810945273631839,0.0632601845286831
88.89999999999999,64.59666187752124,-27.337838158018847,-24.30333812247875,2015-03-06,2015-03-05,-1,2015-03-29,2015-03-14,-15.0,21.124506715172256,0.1828338920088135,0.42171654065417813,0.05526457373767191,Apishapa,2015,baseline,CO,3056.2296,11,0.27235581196743885,0.3431372549019607,-0.07078144293452182
88.89999999999999,218.49419399517726,145.77524633878207,129.59419399517725,2015-03-06,2015-04-29,54,2015-03-29,2015-06-04,67.0,85.47889871112754,-12.379966606412985,0.23994928375888822,-3.162017595314005,Apishapa,2015,fracsno,CO,3056.2296,11,0.760577717169357,0.3431372549019607,0.4174404622673963
88.89999999999999,217.8491909476855,145.0497086025709,128.9491909476855,2015-03-06,2015-04-29,54,2015-03-29,2015-06-03,66.0,85.24167345686121,-12.305804172973366,0.2415267201122004,-3.1453630628016374,Apishapa,2015,fracsno_jennings,CO,3056.2296,11,0.758332463249981,0.3431372549019607,0.4151952083480204
88.89999999999999,217.6071701586856,144.7774692448657,128.70717015868559,2015-03-06,2015-04-29,54,2015-03-29,2015-05-20,52.0,81.18349952096229,-11.069040081318485,0.2761386648495966,-2.8540535645282383,Apishapa,2015,sza_g4_z02,CO,3056.2296,11,0.7574899895172046,0.3431372549019607,0.4143527346152439
88.89999999999999,202.2293185507557,127.47954842604692,113.3293185507557,2015-03-06,2015-03-26,20,2015-03-29,2015-05-10,42.0,75.02783206868432,-9.30817988082636,0.33909649913927997,-2.5167230833790017,Apishapa,2015,sza_g4_z05,CO,3056.2296,11,0.8039882345896476,0.3431372549019607,0.46085097968768696
88.89999999999999,197.76616388178832,122.45912697613986,108.86616388178832,2015-03-06,2015-03-11,5,2015-03-29,2015-05-09,41.0,72.66547496184347,-8.669264185868963,0.35957521129467507,-2.411407839114781,Apishapa,2015,jennings_sza_g4_z05,CO,3056.2296,11,0.8335467033504647,0.3431372549019607,0.490409448448504
203.2,16.459421407804516,-91.89989103946628,-186.74057859219548,1990-04-08,1990-02-22,-45,1990-04-23,1990-02-24,-58.0,69.51447484008176,-0.40325139677373834,0.06860996976950927,-0.5485064611656834,Red_River_Pass_#2,1990,baseline,NM,3003.804,13,0.09676072850130017,0.6896551724137933,-0.5928944439124931
203.2,94.58391379854937,-53.45279832748554,-108.61608620145061,1990-04-08,1990-04-08,0,1990-04-23,1990-04-24,1.0,34.58625896841654,0.6526301118300399,0.9710106520552804,0.33012061849999375,Red_River_Pass_#2,1990,fracsno,NM,3003.804,13,0.37216554348994796,0.6896551724137933,-0.3174896289238453
203.2,104.83483282823362,-48.40805471051495,-98.36516717176637,1990-04-08,1990-04-08,0,1990-04-23,1990-04-27,4.0,32.85004249401413,0.6866304007174312,0.9633751634758172,0.37103232043313206,Red_River_Pass_#2,1990,fracsno_jennings,NM,3003.804,13,0.41250050848282604,0.6896551724137933,-0.2771546639309672
203.2,86.22168498719293,-57.5680684118145,-116.97831501280706,1990-04-08,1990-03-19,-20,1990-04-23,1990-04-11,-12.0,44.62565817108878,0.42169857856163007,0.7382869665029663,0.194176165434643,Red_River_Pass_#2,1990,sza_g4_z02,NM,3003.804,13,0.4175311551823674,0.6896551724137933,-0.2721240172314259
203.2,82.41643220432576,-59.44073218291055,-120.78356779567423,1990-04-08,1990-03-08,-31,1990-04-23,1990-03-27,-27.0,51.7999143870638,0.22081053007164164,0.47221602316954275,0.08619947674142803,Red_River_Pass_#2,1990,sza_g4_z05,NM,3003.804,13,0.41906069496270365,0.6896551724137933,-0.2705944774510896
203.2,85.13544910530207,-58.10263331431984,-118.06455089469792,1990-04-08,1990-03-19,-20,1990-04-23,1990-03-28,-26.0,51.096494476116604,0.2418289403922319,0.4908336998618674,0.10245524294865682,Red_River_Pass_#2,1990,jennings_sza_g4_z05,NM,3003.804,13,0.41227102459417725,0.6896551724137933,-0.277384147819616
513.0799999999999,326.2564312358866,-36.41217135029885,-186.8235687641133,2005-04-22,2005-03-31,-22,2005-06-18,2005-05-08,-41.0,157.32490152084728,0.30909583775792315,0.5883141102585245,0.3362912236572636,Blind_Bull_Sum,2005,baseline,WY,2636.52,14,0.75650410799229,1.1812865497076008,-0.4247824417153109
513.0799999999999,420.3097989260689,-18.0810402030738,-92.77020107393105,2005-04-22,2005-03-31,-22,2005-06-18,2005-06-18,0.0,71.97979171510153,0.8553747764922588,0.9221809261900552,0.7147724555809651,Blind_Bull_Sum,2005,fracsno,WY,2636.52,14,0.9745894918071112,1.1812865497076008,-0.20669705790048964
513.0799999999999,418.46034371523484,-18.441501575731873,-94.61965628476509,2005-04-22,2005-03-31,-22,2005-06-18,2005-06-18,0.0,71.23027362367493,0.8583710298575882,0.9273503931416335,0.7123517272065033,Blind_Bull_Sum,2005,fracsno_jennings,WY,2636.52,14,0.9703010844974262,1.1812865497076008,-0.21098546521017458
513.0799999999999,419.86911268252715,-18.166930560043813,-93.21088731747278,2005-04-22,2005-03-31,-22,2005-06-18,2005-05-29,-20.0,87.48105135580902,0.7863755982626244,0.8566495843596844,0.6895848036639627,Blind_Bull_Sum,2005,sza_g4_z02,WY,2636.52,14,0.9735676546212138,1.1812865497076008,-0.20771889508638708
513.0799999999999,417.62614556374774,-18.604087946568214,-95.45385443625219,2005-04-22,2005-03-31,-22,2005-06-18,2005-05-22,-27.0,103.92378860805113,0.6985239519840457,0.7766829786430803,0.6497845719991769,Blind_Bull_Sum,2005,sza_g4_z05,WY,2636.52,14,0.9683667951836831,1.1812865497076008,-0.21291975452391776
513.0799999999999,415.5063082845938,-19.017247157442537,-97.57369171540614,2005-04-22,2005-03-31,-22,2005-06-18,2005-05-23,-26.0,102.29576677277687,0.7078955347159813,0.7888079551500705,0.6488925433174979,Blind_Bull_Sum,2005,jennings_sza_g4_z05,WY,2636.52,14,0.9634514419326212,1.1812865497076008,-0.2178351077749796
457.2,229.25588028080517,-49.8565441205588,-227.94411971919482,1995-05-15,1995-03-31,-45,1995-06-20,1995-05-19,-32.0,129.8075592058288,0.23703591824248682,0.561657079080278,0.24936105350478666,Elkhart_Park_G.S.,1995,baseline,WY,2865.1200000000003,14,0.6548616921329352,0.8999999999999994,-0.24513830786706414
457.2,289.96873799093737,-36.57726640618167,-167.23126200906262,1995-05-15,1995-05-04,-11,1995-06-20,1995-06-19,-1.0,68.42404459053353,0.7880069567542924,0.9536704013483016,0.5714317787705259,Elkhart_Park_G.S.,1995,fracsno,WY,2865.1200000000003,14,0.6590441358597532,0.8999999999999994,-0.24095586414024617
457.2,295.49716922267015,-35.36807322338798,-161.70283077732984,1995-05-15,1995-05-04,-11,1995-06-20,1995-06-20,0.0,64.95907169494774,0.808933853275656,0.9649529110072,0.5880227870813062,Elkhart_Park_G.S.,1995,fracsno_jennings,WY,2865.1200000000003,14,0.6716092151473393,0.8999999999999994,-0.22839078485266007
457.2,280.9968285973179,-38.539626291050325,-176.20317140268207,1995-05-15,1995-05-04,-11,1995-06-20,1995-06-06,-14.0,90.15149422803138,0.6319981651431816,0.8196275899461863,0.4930855891817827,Elkhart_Park_G.S.,1995,sza_g4_z02,WY,2865.1200000000003,14,0.6386526815454101,0.8999999999999994,-0.26134731845458925
457.2,263.7286981339831,-42.31655771347702,-193.47130186601692,1995-05-15,1995-05-04,-11,1995-06-20,1995-05-27,-24.0,109.85621751227973,0.4535462525885221,0.6634205524849035,0.40673147814028743,Elkhart_Park_G.S.,1995,sza_g4_z05,WY,2865.1200000000003,14,0.5994054847683642,0.8999999999999994,-0.30059451523163516
457.2,263.9389628518662,-42.270568055147365,-193.26103714813377,1995-05-15,1995-05-04,-11,1995-06-20,1995-05-28,-23.0,109.2152693361385,0.4599041409403769,0.670809782146163,0.40827508135027646,Elkhart_Park_G.S.,1995,jennings_sza_g4_z05,WY,2865.1200000000003,14,0.5998833767309917,0.8999999999999994,-0.3001166232690077
543.56,441.01086174431765,-18.866203961969664,-102.5491382556823,2000-04-02,2000-04-04,2,2000-05-11,2000-05-12,1.0,58.09125406155314,0.8859644374432395,0.9539112211467085,0.6479191277497243,Spud_Mountain,2000,baseline,CO,3253.4352000000003,14,0.8602117160702716,0.9907407407407405,-0.1305290246704689
543.56,509.31363219706736,-6.300384097971261,-34.24636780293258,2000-04-02,2000-04-04,2,2000-05-11,2000-06-09,29.0,66.49291142658655,0.8505934960227223,0.8558000144882564,0.8881763349699536,Spud_Mountain,2000,fracsno,CO,3253.4352000000003,14,0.9934393720765711,0.9907407407407405,0.0026986313358305924
543.56,508.86175606124306,-6.3835168038039765,-34.69824393875689,2000-04-02,2000-04-04,2,2000-05-11,2000-06-09,29.0,67.32808344583023,0.8468167394361866,0.852000588254693,0.8852152849203978,Spud_Mountain,2000,fracsno_jennings,CO,3253.4352000000003,14,0.9925579671499187,0.9907407407407405,0.001817226409178252
543.56,508.80176134748854,-6.3945541711147635,-34.75823865251141,2000-04-02,2000-04-04,2,2000-05-11,2000-05-27,16.0,54.78237566865843,0.898585389085775,0.89914257059037,0.934835680477049,Spud_Mountain,2000,sza_g4_z02,CO,3253.4352000000003,14,0.9924409447358453,0.9907407407407405,0.001700203995104843
543.56,507.4313612140656,-6.646669877462353,-36.128638785934356,2000-04-02,2000-04-04,2,2000-05-11,2000-05-24,13.0,46.63283415532683,0.9265143690953845,0.9265776705745256,0.9429826933226252,Spud_Mountain,2000,sza_g4_z05,CO,3253.4352000000003,14,0.989767917033507,0.9907407407407405,-0.0009728237072335055
543.56,506.9589997672793,-6.733571313695021,-36.60100023272065,2000-04-02,2000-04-04,2,2000-05-11,2000-05-23,12.0,46.15228462511302,0.9280210985920042,0.9281372773566795,0.9426661977812006,Spud_Mountain,2000,jennings_sza_g4_z05,CO,3253.4352000000003,14,0.9888465545774026,0.9907407407407405,-0.0018941861633379187
520.6999999999999,230.06569878426436,-55.81607474855688,-290.6343012157356,2024-04-01,2024-04-06,5,2024-05-17,2024-04-26,-21.0,136.1682066243706,0.36548076609090274,0.867814511004839,0.10074574197671005,Kolob,2024,baseline,UT,2823.3624,15,0.5666672863356268,1.2275449101796398,-0.660877623844013
520.6999999999999,361.5490862007739,-30.564800038261197,-159.15091379922603,2024-04-01,2024-04-06,5,2024-05-17,2024-06-08,22.0,72.71542978432551,0.8190550334868686,0.8801657676043217,0.670648984823391,Kolob,2024,fracsno,UT,2823.3624,15,0.8905197108354471,1.2275449101796398,-0.3370251993441927
520.6999999999999,359.67152758543267,-30.925383601798977,-161.02847241456726,2024-04-01,2024-04-06,5,2024-05-17,2024-06-09,23.0,74.74049886165145,0.8088363384966801,0.8652199041343392,0.6722058206571302,Kolob,2024,fracsno_jennings,UT,2823.3624,15,0.8858951577138227,1.2275449101796398,-0.3416497524658172
520.6999999999999,360.63969066703777,-30.73944869079358,-160.06030933296216,2024-04-01,2024-04-06,5,2024-05-17,2024-05-25,8.0,63.690722817587066,0.8611820230021752,0.9618042462311488,0.6287371877922268,Kolob,2024,sza_g4_z02,UT,2823.3624,15,0.8882798084856787,1.2275449101796398,-0.3392651016939612
520.6999999999999,355.41149455310375,-31.743519386767083,-165.28850544689618,2024-04-01,2024-04-06,5,2024-05-17,2024-05-15,-2.0,64.74002170003027,0.8565703174969546,0.995423628491178,0.573405630184485,Kolob,2024,sza_g4_z05,UT,2823.3624,15,0.8754024098992359,1.2275449101796398,-0.35214250028040395
520.6999999999999,355.17987103892824,-31.78800248916299,-165.5201289610717,2024-04-01,2024-04-06,5,2024-05-17,2024-05-16,-1.0,64.92239341264262,0.855761100606859,0.9960206728478492,0.5713229249274473,Kolob,2024,jennings_sza_g4_z05,UT,2823.3624,15,0.8748319056088399,1.2275449101796398,-0.3527130045707999
187.96,66.87251884274421,-64.42194145416886,-121.0874811572558,2022-03-21,2022-01-15,-65,2022-04-17,2022-02-07,-69.0,62.59503459662166,-0.09442668560031464,0.22431595528798245,-0.19319371572781585,Gooseberry_RS,2022,baseline,UT,2421.3312,16,0.26720501251306755,0.5362318840579708,-0.2690268715449033
187.96,214.758000524566,14.257289063931683,26.798000524565992,2022-03-21,2022-03-21,0,2022-04-17,2022-05-16,29.0,46.73583113311865,0.3898918208147141,0.7561544029509389,0.29588168758678657,Gooseberry_RS,2022,fracsno,UT,2421.3312,16,0.639863514508537,0.5362318840579708,0.10363163045056611
187.96,213.0283110945322,13.337045698303996,25.06831109453219,2022-03-21,2022-03-21,0,2022-04-17,2022-05-17,30.0,46.385025090331865,0.39901656993468204,0.7461450513133763,0.3170413921567643,Gooseberry_RS,2022,fracsno_jennings,UT,2421.3312,16,0.634709968866436,0.5362318840579708,0.0984780848084652
187.96,211.89652737667294,12.734904967372273,23.936527376672927,2022-03-21,2022-03-21,0,2022-04-17,2022-05-02,15.0,35.73276346916994,0.6433517350676655,0.8632544299221558,0.4564970958382705,Gooseberry_RS,2022,sza_g4_z02,UT,2421.3312,16,0.6313378611656562,0.5362318840579708,0.09510597710768531
187.96,207.76598968241447,10.537342882748703,19.805989682414463,2022-03-21,2022-03-16,-5,2022-04-17,2022-04-21,4.0,22.254156630295224,0.8616659196695552,0.9676631931596067,0.6128796044312106,Gooseberry_RS,2022,sza_g4_z05,UT,2421.3312,16,0.6459769403899945,0.5362318840579708,0.1097450563320237
187.96,206.7804998734889,10.01303462092408,18.8204998734889,2022-03-21,2022-03-21,0,2022-04-17,2022-04-22,5.0,22.638917432520216,0.8568411445847262,0.9585039373782797,0.621953975699214,Gooseberry_RS,2022,jennings_sza_g4_z05,UT,2421.3312,16,0.6160948465607814,0.5362318840579708,0.07986296250281055
952.5,626.1272122650688,-34.26485960471719,-326.3727877349312,2010-04-14,2010-04-13,-1,2010-06-19,2010-06-07,-12.0,197.3324664029477,0.6915085419612053,0.9042679772453667,0.4740943350392306,Forestdale_Creek,2010,baseline,CA,2443.5816,16,0.6364063120999692,0.8844339622641509,-0.2480276501641817
952.5,756.4306853248899,-20.584704952767467,-196.06931467511015,2010-04-14,2010-04-14,0,2010-06-19,2010-06-28,9.0,106.67659091089536,0.9098461429542661,0.9807194828141933,0.7141932967442891,Forestdale_Creek,2010,fracsno,CA,2443.5816,16,0.7688489709069977,0.8844339622641509,-0.11558499135715328
952.5,753.2132659289597,-20.922491765988486,-199.2867340710403,2010-04-14,2010-04-14,0,2010-06-19,2010-06-28,9.0,107.55286619269057,0.908358955190669,0.9799583488597704,0.7124632064814035,Forestdale_Creek,2010,fracsno_jennings,CA,2443.5816,16,0.7655787312941313,0.8844339622641509,-0.1188552309700196
952.5,751.9858503798191,-21.051354290832638,-200.5141496201809,2010-04-14,2010-04-14,0,2010-06-19,2010-06-16,-3.0,113.27347660895329,0.8983511392918232,0.976194522899411,0.6974339984508673,Forestdale_Creek,2010,sza_g4_z02,CA,2443.5816,16,0.7643311653239239,0.8844339622641509,-0.12010279694022707
952.5,744.1891313217347,-21.869907472783755,-208.31086867826525,2010-04-14,2010-04-14,0,2010-06-19,2010-06-11,-8.0,129.63247100762294,0.8668706982995622,0.9543666541734712,0.6700042877033892,Forestdale_Creek,2010,sza_g4_z05,CA,2443.5816,16,0.7564064479102134,0.8844339622641509,-0.12802751435393755
952.5,740.3689397989286,-22.270977448931376,-212.13106020107136,2010-04-14,2010-04-14,0,2010-06-19,2010-06-11,-8.0,128.85946750301224,0.8684536749957676,0.9556747721809833,0.6711007953490018,Forestdale_Creek,2010,jennings_sza_g4_z05,CA,2443.5816,16,0.7525235404899313,0.8844339622641509,-0.13191042177421963
480.05999999999995,159.7706170163224,-66.718614961396,-320.28938298367757,2015-03-12,2015-01-17,-54,2015-05-30,2015-02-26,-93.0,218.3231882435753,-0.3900477765834167,0.15363537601048272,-0.2360600896156999,Independence_Lake,2015,baseline,CA,2541.4224,16,0.4870224251495497,0.8399999999999999,-0.35297757485045017
480.05999999999995,267.8389227338825,-44.207198530624815,-212.22107726611745,2015-03-12,2015-03-03,-9,2015-05-30,2015-05-21,-9.0,115.09491421172987,0.6136843832341768,0.9625571934598293,0.3614202524673792,Independence_Lake,2015,fracsno,CA,2541.4224,16,0.5156274612606409,0.8399999999999999,-0.324372538739359
480.05999999999995,255.58769853434873,-46.75921790310612,-224.4723014656512,2015-03-12,2015-03-03,-9,2015-05-30,2015-05-21,-9.0,120.52541172638543,0.5763694757323432,0.9658870462642344,0.32744688504839925,Independence_Lake,2015,fracsno_jennings,CA,2541.4224,16,0.49204213778763317,0.8399999999999999,-0.3479578622123667
480.05999999999995,268.60255715945544,-44.0481279091248,-211.4574428405445,2015-03-12,2015-03-03,-9,2015-05-30,2015-05-04,-26.0,127.49769476006821,0.5259385257647002,0.8796164314110383,0.32126159891200634,Independence_Lake,2015,sza_g4_z02,CA,2541.4224,16,0.5170975645457434,0.8399999999999999,-0.32290243545425645
480.05999999999995,269.6305763689506,-43.83398400846757,-210.42942363104936,2015-03-12,2015-03-03,-9,2015-05-30,2015-04-22,-38.0,144.4677198483698,0.39134438289301476,0.739775403488838,0.2650222007351526,Independence_Lake,2015,sza_g4_z05,CA,2541.4224,16,0.5190766455908304,0.8399999999999999,-0.3209233544091694
480.05999999999995,254.1310830963607,-47.06264152473425,-225.92891690363925,2015-03-12,2015-03-03,-9,2015-05-30,2015-04-21,-39.0,149.7252931463846,0.34623699401312447,0.7356956560593042,0.2270582251856228,Independence_Lake,2015,jennings_sza_g4_z05,CA,2541.4224,16,0.48923794893913986,0.8399999999999999,-0.35076205106086
289.56,252.96060093920678,-12.639659849700655,-36.59939906079322,2003-04-08,2003-03-09,-30,2003-05-14,2003-03-20,-55.0,71.83907584043179,0.10340294973594544,0.25276426455201545,0.15234277885557646,North_Fork,2003,baseline,OR,932.688,17,0.12810064397807433,0.10674157303370793,0.0213590709443664
289.56,399.28949222739465,37.89525218517566,109.72949222739464,2003-04-08,2003-03-09,-30,2003-05-14,2003-05-01,-13.0,48.486665840936716,0.5915673291356695,0.7075882307380893,0.7157128597127226,North_Fork,2003,fracsno,OR,932.688,17,0.20220240186850322,0.10674157303370793,0.09546082883479529
289.56,256.7934152145106,-11.315991430269852,-32.766584785489385,2003-04-08,2003-03-09,-30,2003-05-14,2003-04-15,-29.0,61.10717778406992,0.3512755223969616,0.43503061504212465,0.3325111133567805,North_Fork,2003,fracsno_jennings,OR,932.688,17,0.1300416022739189,0.10674157303370793,0.023300029240210962
289.56,397.42064943901977,37.24984439805905,107.86064943901977,2003-04-08,2003-03-09,-30,2003-05-14,2003-04-25,-19.0,52.59236728631115,0.5194691533020566,0.645343255146656,0.7224457149604964,North_Fork,2003,sza_g4_z02,OR,932.688,17,0.20125600956948217,0.10674157303370793,0.09451443653577424
289.56,395.9621306775445,36.74614265697766,106.4021306775445,2003-04-08,2003-03-09,-30,2003-05-14,2003-04-21,-23.0,54.92710678811841,0.4758576160990824,0.6007634626224075,0.7300513946927771,North_Fork,2003,sza_g4_z05,OR,932.688,17,0.20051740762156858,0.10674157303370793,0.09377583458786065
289.56,240.7743297154996,-16.848207723615282,-48.78567028450041,2003-04-08,2003-03-09,-30,2003-05-14,2003-03-29,-46.0,67.31444159148916,0.21278687380253847,0.32523685032504057,0.21479928987565722,North_Fork,2003,jennings_sza_g4_z05,OR,932.688,17,0.12192944899493333,0.10674157303370793,0.015187875961225394
1285.24,724.0509510795126,-43.664144355955884,-561.1890489204874,2023-04-23,2023-04-07,-16,2023-06-07,2023-05-15,-23.0,297.35224085734995,0.5480606674993788,0.8564113224718441,0.3594244935651958,Pinto_Rock,2023,baseline,WA,1353.312,17,0.4709602138222212,0.779661016949153,-0.3087008031269318
1285.24,784.2012580249138,-38.98406071823832,-501.03874197508617,2023-04-23,2023-04-07,-16,2023-06-07,2023-05-20,-18.0,260.1581418789743,0.6540506232171883,0.8993614544809387,0.4400499257766528,Pinto_Rock,2023,fracsno,WA,1353.312,17,0.5100850867033943,0.779661016949153,-0.26957593024575877
1285.24,735.1094100107551,-42.80372459534755,-550.1305899892449,2023-04-23,2023-04-07,-16,2023-06-07,2023-05-19,-19.0,282.2712715174019,0.5927406464365905,0.8826368308682621,0.3880371365153099,Pinto_Rock,2023,fracsno_jennings,WA,1353.312,17,0.4781532078719318,0.779661016949153,-0.30150780907722124
1285.24,781.2318703897489,-39.21509831706538,-504.0081296102511,2023-04-23,2023-04-07,-16,2023-06-07,2023-05-19,-19.0,264.36861521447094,0.6427621221844829,0.8902136688350862,0.4340627508992413,Pinto_Rock,2023,sza_g4_z02,WA,1353.312,17,0.508153643296693,0.779661016949153,-0.27150737365246
1285.24,779.8176603936271,-39.32513301845359,-505.42233960637293,2023-04-23,2023-04-07,-16,2023-06-07,2023-05-17,-21.0,267.8543191180281,0.633279645440377,0.8804470810347169,0.4303826429532247,Pinto_Rock,2023,sza_g4_z05,WA,1353.312,17,0.5072337679189035,0.779661016949153,-0.2724272490302495
1285.24,731.5989837841171,-43.07685850237177,-553.6410162158829,2023-04-23,2023-04-06,-17,2023-06-07,2023-05-16,-22.0,289.7796049776333,0.5707865323838278,0.8612203232359631,0.3786002782444502,Pinto_Rock,2023,jennings_sza_g4_z05,WA,1353.312,17,0.48272337361943757,0.779661016949153,-0.29693764332971545
1079.5,612.8689825679263,-43.226587997413034,-466.6310174320737,2022-04-25,2022-03-02,-54,2022-06-16,2022-04-18,-59.0,407.683487987445,-0.04529289659799285,0.37015916855451925,0.10509201569680227,Park_Creek_Ridge,2022,baseline,WA,1402.0800000000002,17,0.3884682548934499,0.6115107913669068,-0.2230425364734569
1079.5,650.1319568177769,-39.77471451433285,-429.3680431822231,2022-04-25,2022-03-02,-54,2022-06-16,2022-05-11,-36.0,357.6422047598591,0.1955681040789622,0.5573367282196684,0.22552563157681993,Park_Creek_Ridge,2022,fracsno,WA,1402.0800000000002,17,0.41208746714061995,0.6115107913669068,-0.19942332422628684
1079.5,584.7478967377345,-45.83159826422098,-494.75210326226545,2022-04-25,2022-03-01,-55,2022-06-16,2022-05-06,-41.0,381.43655459256684,0.08496780059153441,0.5042909954455352,0.1517766062448902,Park_Creek_Ridge,2022,fracsno_jennings,WA,1402.0800000000002,17,0.37248294500216517,0.6115107913669068,-0.23902784636474161
1079.5,649.2904681685735,-39.85266621875188,-430.2095318314265,2022-04-25,2022-03-02,-54,2022-06-16,2022-05-06,-41.0,363.2874086102711,0.16997256685076245,0.532891113181734,0.21511287602501872,Park_Creek_Ridge,2022,sza_g4_z02,WA,1402.0800000000002,17,0.41155408784363057,0.6115107913669068,-0.1999567035232762
1079.5,648.556780707537,-39.9206317084264,-430.943219292463,2022-04-25,2022-03-02,-54,2022-06-16,2022-05-03,-44.0,368.8135124501047,0.14452877993965363,0.5087292460443202,0.20468912063651934,Park_Creek_Ridge,2022,sza_g4_z05,WA,1402.0800000000002,17,0.4110890385496822,0.6115107913669068,-0.20042175281722457
1079.5,584.4035253664595,-45.863499271286756,-495.09647463354054,2022-04-25,2022-03-01,-55,2022-06-16,2022-04-29,-48.0,393.07008762897203,0.028301021375381707,0.4484259964745386,0.12795661763999555,Park_Creek_Ridge,2022,jennings_sza_g4_z05,WA,1402.0800000000002,17,0.3722635813015643,0.6115107913669068,-0.2392472100653425
607.06,479.47248299545794,-21.017282806401678,-127.58751700454201,2020-04-06,2020-04-07,1,2020-06-03,2020-05-08,-26.0,109.93489731111647,0.75187604135286,0.851071190282101,0.5866875994288614,Sunset,2020,baseline,ID,1688.592,17,0.7093052163868065,0.9263565891472868,-0.21705137276048025
607.06,554.5991784661414,-8.641785249210706,-52.46082153385851,2020-04-06,2020-04-07,1,2020-06-03,2020-05-28,-6.0,57.94817169710456,0.9310590874495125,0.9478333348167516,0.8360006501602887,Sunset,2020,fracsno,ID,1688.592,17,0.8204435170758237,0.9263565891472868,-0.10591307207146305
607.06,546.8352326138265,-9.92072733933605,-60.224767386173426,2020-04-06,2020-04-07,1,2020-06-03,2020-05-28,-6.0,60.65270837093129,0.9244737453961246,0.9467813810293912,0.8135406494125119,Sunset,2020,fracsno_jennings,ID,1688.592,17,0.8089579626632176,0.9263565891472868,-0.11739862648406918
607.06,548.5576080732602,-9.637003249553542,-58.50239192673973,2020-04-06,2020-04-07,1,2020-06-03,2020-05-21,-13.0,69.31459923429088,0.9013613807419811,0.9225951965901531,0.8058352537932656,Sunset,2020,sza_g4_z02,ID,1688.592,17,0.811505950172992,0.9263565891472868,-0.11485063897429482
607.06,547.5509132967796,-9.802834432052896,-59.509086703220305,2020-04-06,2020-04-07,1,2020-06-03,2020-05-16,-18.0,77.80154094069779,0.8757278108828975,0.8994009744659733,0.7870547425573502,Sunset,2020,sza_g4_z05,ID,1688.592,17,0.8100167012972149,0.9263565891472868,-0.11633988785007188
607.06,540.5172411079028,-10.961479737109535,-66.54275889209714,2020-04-06,2020-04-07,1,2020-06-03,2020-05-16,-18.0,79.51728112148265,0.8701862799822672,0.897222039911948,0.7743926353122867,Sunset,2020,jennings_sza_g4_z05,ID,1688.592,17,0.7996114735712009,0.9263565891472868,-0.12674511557608592
749.3,438.58558596793983,-41.46729134286136,-310.7144140320601,2010-05-10,2010-04-12,-28,2010-06-27,2010-05-20,-38.0,192.70598060915603,0.3832045393772735,0.5688977270273865,0.42510727621092537,Hoodoo_Basin,2010,baseline,MT,1844.04,17,0.5882369131560388,0.7908847184986592,-0.2026478053426204
749.3,514.0012847724668,-31.40247100327415,-235.2987152275332,2010-05-10,2010-04-14,-26,2010-06-27,2010-06-10,-17.0,142.27826867945217,0.6637766072965594,0.779191504140007,0.5892713090843003,Hoodoo_Basin,2010,fracsno,MT,1844.04,17,0.6804404909368343,0.7908847184986592,-0.11044422756182481
749.3,534.6777000246715,-28.643040167533496,-214.62229997532847,2010-05-10,2010-04-14,-26,2010-06-27,2010-06-11,-16.0,135.34442611086345,0.6957493376382238,0.7918723831248708,0.6230349197974434,Hoodoo_Basin,2010,fracsno_jennings,MT,1844.04,17,0.7078121543194502,0.7908847184986592,-0.08307256417920894
749.3,510.72455148703733,-31.839776926860086,-238.57544851296262,2010-05-10,2010-04-14,-26,2010-06-27,2010-06-02,-25.0,153.07598878630358,0.6108070816524391,0.7295963890672378,0.5697218401281139,Hoodoo_Basin,2010,sza_g4_z02,MT,1844.04,17,0.6761027157766153,0.7908847184986592,-0.11478200272204386
749.3,499.5319674883163,-33.33351561613288,-249.76803251168366,2010-05-10,2010-04-12,-28,2010-06-27,2010-05-27,-31.0,164.81528823110736,0.548824226975129,0.6807436741286692,0.5368766829742961,Hoodoo_Basin,2010,sza_g4_z05,MT,1844.04,17,0.6699790234318588,0.7908847184986592,-0.12090569506680038
749.3,515.1160023197137,-31.253703146975344,-234.1839976802862,2010-05-10,2010-04-13,-27,2010-06-27,2010-05-27,-31.0,162.18752716367558,0.5630963357900062,0.6879540978616848,0.5504511706157242,Hoodoo_Basin,2010,jennings_sza_g4_z05,MT,1844.04,17,0.6842676931884382,0.7908847184986592,-0.10661702531022099
535.94,349.4764071523009,-34.7918783534909,-186.46359284769915,2020-04-01,2020-04-06,5,2020-05-28,2020-04-30,-28.0,117.37425606606003,0.607936151588661,0.8029415739771095,0.44866175473206116,Banner_Summit,2020,baseline,ID,2145.792,17,0.6590605140851228,0.9419642857142856,-0.2829037716291628
535.94,418.55039211020363,-21.903498132215624,-117.38960788979642,2020-04-01,2020-04-06,5,2020-05-28,2020-05-21,-7.0,70.6783127076832,0.8578380279086123,0.9550860361546446,0.6467229999155084,Banner_Summit,2020,fracsno,ID,2145.792,17,0.7893237739349478,0.9419642857142856,-0.1526405117793378
535.94,418.5797432417051,-21.89802156179702,-117.36025675829495,2020-04-01,2020-04-06,5,2020-05-28,2020-05-21,-7.0,69.79169388556205,0.861382337440893,0.9606098869751138,0.6452600625329925,Banner_Summit,2020,fracsno_jennings,ID,2145.792,17,0.789379125802543,0.9419642857142856,-0.1525851599117426
535.94,412.2997888425704,-23.069786012880105,-123.64021115742963,2020-04-01,2020-04-06,5,2020-05-28,2020-05-13,-15.0,81.68307291419283,0.8101217465703318,0.9204935823731648,0.611275200073342,Banner_Summit,2020,sza_g4_z02,ID,2145.792,17,0.7775360660422281,0.9419642857142856,-0.16442821967205745
535.94,401.18713280019375,-25.143274844162832,-134.7528671998063,2020-04-01,2020-04-06,5,2020-05-28,2020-05-07,-21.0,93.17016883088738,0.7529613768653308,0.8802331062650427,0.5701514747059919,Banner_Summit,2020,sza_g4_z05,ID,2145.792,17,0.7565792499188777,0.9419642857142856,-0.18538503579540788
535.94,399.67883096258987,-25.42470594421207,-136.26116903741018,2020-04-01,2020-04-06,5,2020-05-28,2020-05-07,-21.0,92.66067623777154,0.7556558060244667,0.8836834587077519,0.5702340843192744,Banner_Summit,2020,jennings_sza_g4_z05,ID,2145.792,17,0.7537348170354483,0.9419642857142856,-0.18822946867883728
515.62,457.5096441285859,-11.269996484118948,-58.11035587141413,2021-03-24,2021-03-24,0,2021-05-08,2021-05-06,-2.0,39.194502857787036,0.9493558143149976,0.9911076810827746,0.7570593739936591,Carson_Pass,2021,baseline,CA,2548.128,18,0.8450758424869943,0.9854368932038835,-0.1403610507168892
515.62,533.8740330296556,3.5402104320343666,18.254033029655602,2021-03-24,2021-03-24,0,2021-05-08,2021-06-15,38.0,81.59554828293908,0.7805112819272706,0.8377852276176111,0.7195716037570296,Carson_Pass,2021,fracsno,CA,2548.128,18,0.9861301374396017,0.9854368932038835,0.000693244235718149
515.62,533.1927715226292,3.40808570703797,17.572771522629182,2021-03-24,2021-03-24,0,2021-05-08,2021-06-15,38.0,85.38401672574497,0.7596564703028466,0.8215721151094382,0.7091330000948852,Carson_Pass,2021,fracsno_jennings,CA,2548.128,18,0.9848717647486809,0.9854368932038835,-0.0005651284552026237
515.62,533.4661742434837,3.4611097791946954,17.846174243483688,2021-03-24,2021-03-24,0,2021-05-08,2021-05-30,22.0,58.91251140952701,0.88558200168736,0.9112394984873488,0.8142011031240319,Carson_Pass,2021,sza_g4_z02,CA,2548.128,18,0.9853767727580846,0.9854368932038835,-6.012044579895015e-05
515.62,532.6391267039478,3.3007111252371497,17.01912670394779,2021-03-24,2021-03-24,0,2021-05-08,2021-05-18,10.0,40.62677238536339,0.9455868442680851,0.9569589008790645,0.8786235007551672,Carson_Pass,2021,sza_g4_z05,CA,2548.128,18,0.9838491155704829,0.9854368932038835,-0.0015877776334005667
515.62,531.9070950048136,3.1587399644726033,16.287095004813636,2021-03-24,2021-03-24,0,2021-05-08,2021-05-17,9.0,38.99567616377548,0.9498683288313832,0.9602560391307603,0.8836940015242274,Carson_Pass,2021,jennings_sza_g4_z05,CA,2548.128,18,0.9824969641725572,0.9854368932038835,-0.002939929031326338
213.36,27.080305607068414,-87.30769328502605,-186.2796943929316,2020-04-15,2020-02-19,-56,2020-04-29,2020-02-23,-66.0,89.09575598697867,-0.5618454335863301,0.08932215871917924,-0.48289315315093817,Rocky_Boy,2020,baseline,MT,1432.5600000000002,10,0.10621982048530619,0.5419354838709676,-0.43571566338566137
213.36,69.31662260969813,-67.51189416493338,-144.04337739030188,2020-04-15,2020-04-16,1,2020-04-29,2020-04-22,-7.0,68.1712517155461,0.08562034519572148,0.7772439007528179,-0.010501339559635392,Rocky_Boy,2020,fracsno,MT,1432.5600000000002,10,0.2035135603878409,0.5419354838709676,-0.33842192348312666
213.36,69.23072638596905,-67.55215298745358,-144.12927361403098,2020-04-15,2020-04-16,1,2020-04-29,2020-04-22,-7.0,66.91409959511816,0.11903370186121243,0.8056224073542454,0.007616031887233254,Rocky_Boy,2020,fracsno_jennings,MT,1432.5600000000002,10,0.20326136912899373,0.5419354838709676,-0.33867411474197384
213.36,68.74814578523169,-67.77833437137623,-144.61185421476833,2020-04-15,2020-03-23,-23,2020-04-29,2020-04-20,-9.0,69.67410039783773,0.04486060569880712,0.7381020553428073,-0.03109275044035842,Rocky_Boy,2020,sza_g4_z02,MT,1432.5600000000002,10,0.22717429202859452,0.5419354838709676,-0.31476119184237306
213.36,67.55360276992218,-68.33820642579576,-145.80639723007783,2020-04-15,2020-03-22,-24,2020-04-29,2020-04-18,-11.0,72.046877423543,-0.02130237868844631,0.6534238815973563,-0.06369926325637487,Rocky_Boy,2020,sza_g4_z05,MT,1432.5600000000002,10,0.22322699336764745,0.5419354838709676,-0.3187084905033201
213.36,68.2440214673281,-68.01461311055115,-145.11597853267193,2020-04-15,2020-03-22,-24,2020-04-29,2020-04-18,-11.0,70.58460276346875,0.019733936897094684,0.6864737068828056,-0.040212927117313946,Rocky_Boy,2020,jennings_sza_g4_z05,MT,1432.5600000000002,10,0.22550844222703162,0.5419354838709676,-0.316427041643936
271.78,96.56615303278029,-64.46899954640507,-175.2138469672197,2020-04-19,2020-01-17,-93,2020-05-22,2020-03-29,-54.0,96.68414451176974,-0.17348059557405837,0.24802238156174566,-0.05561417485072906,Wood_Creek,2020,baseline,MT,1816.608,10,0.470247716871627,0.6948051948051944,-0.22455747793356745
271.78,158.67741208340175,-41.61549338310333,-113.10258791659822,2020-04-19,2020-04-19,0,2020-05-22,2020-04-26,-26.0,62.83794681157472,0.5043109016863274,0.7084652343480834,0.40811684457076847,Wood_Creek,2020,fracsno,MT,1816.608,10,0.4496420721686554,0.6948051948051944,-0.245163122636539
271.78,157.90247501927823,-41.90062733855389,-113.87752498072174,2020-04-19,2020-04-19,0,2020-05-22,2020-04-27,-25.0,62.82386614687136,0.5045330238386279,0.7099207765639363,0.4072317686422958,Wood_Creek,2020,fracsno_jennings,MT,1816.608,10,0.4474461433169191,0.6948051948051944,-0.2473590514882753
271.78,156.36823806740776,-42.4651416338922,-115.41176193259221,2020-04-19,2020-03-24,-26,2020-05-22,2020-04-25,-27.0,64.52553531673783,0.4773287314686515,0.6848562283346592,0.39372381985889016,Wood_Creek,2020,sza_g4_z02,MT,1816.608,10,0.5290722687075079,0.6948051948051944,-0.16573292609768653
271.78,155.4847049423563,-42.790232930180174,-116.29529505764367,2020-04-19,2020-03-24,-26,2020-05-22,2020-04-24,-28.0,66.2012919354715,0.4498282017526952,0.6637426028306554,0.37655344704878513,Wood_Creek,2020,sza_g4_z05,MT,1816.608,10,0.5260828324848672,0.6948051948051944,-0.16872236232032722
271.78,155.85083081253637,-42.65551887094842,-115.9291691874636,2020-04-19,2020-03-24,-26,2020-05-22,2020-04-24,-28.0,66.10835268874565,0.45137187737588336,0.6640101615705134,0.3782712374230116,Wood_Creek,2020,jennings_sza_g4_z05,MT,1816.608,10,0.5273216201514852,0.6948051948051944,-0.16748357465370922
149.86,99.6059819724877,-33.5339770636009,-50.254018027512316,2000-03-25,2000-02-28,-26,2000-04-21,2000-03-24,-28.0,38.494309972692804,0.3751513777555753,0.5206393860458706,0.28594079984841725,Porcupine,2000,baseline,MT,1981.2,10,0.5944573616119992,0.7564102564102565,-0.16195289479825725
149.86,169.3349919476443,12.99545705835066,19.4749919476443,2000-03-25,2000-04-04,10,2000-04-21,2000-05-08,17.0,22.206687271473225,0.792054612525332,0.8688047516676259,0.7028465392696435,Porcupine,2000,fracsno,MT,1981.2,10,0.7543343297026047,0.7564102564102565,-0.0020759267076517762
149.86,169.68411809387317,13.228425259490958,19.824118093873153,2000-03-25,2000-04-04,10,2000-04-21,2000-05-09,18.0,23.44923312434435,0.7681329552019194,0.8559102880462666,0.6823549919124321,Porcupine,2000,fracsno_jennings,MT,1981.2,10,0.7558895772888723,0.7564102564102565,-0.0005206791213842044
149.86,166.7943071485998,11.300084844921793,16.9343071485998,2000-03-25,2000-04-04,10,2000-04-21,2000-04-29,8.0,15.395415257985817,0.9000541988827022,0.9392682240683625,0.7867181361628922,Porcupine,2000,sza_g4_z02,MT,1981.2,10,0.743016375021003,0.7564102564102565,-0.01339388138925346
149.86,164.18311775770843,9.557665659754715,14.323117757708417,2000-03-25,2000-04-04,10,2000-04-21,2000-04-23,2.0,10.714760153275368,0.9515887110144426,0.9748400914284076,0.8342279302342607,Porcupine,2000,sza_g4_z05,MT,1981.2,10,0.7313843444746314,0.7564102564102565,-0.02502591193562509
149.86,167.66705282823995,11.8824588470839,17.807052828239932,2000-03-25,2000-04-04,10,2000-04-21,2000-04-24,3.0,12.320007309238685,0.9359965080328503,0.9653784343872374,0.815379571135963,Porcupine,2000,jennings_sza_g4_z05,MT,1981.2,10,0.7469041835576801,0.7564102564102565,-0.00950607285257643
223.52,58.45009825591353,-73.85017078744026,-165.06990174408648,2015-04-16,2015-01-06,-100,2015-05-14,2015-03-03,-72.0,101.52040569195395,-0.5618780268830053,0.08103280578180891,-0.42982352978849514,Lick_Creek,2015,baseline,MT,2090.928,10,0.32953202435829837,0.602739726027397,-0.27320770166909863
223.52,98.63603232536731,-55.87149591742694,-124.8839676746327,2015-04-16,2015-02-05,-70,2015-05-14,2015-03-24,-51.0,79.7059362656352,0.037231747024091155,0.4256953545962111,0.04997989621624499,Lick_Creek,2015,fracsno,MT,2090.928,10,0.48641745116159174,0.602739726027397,-0.11632227486580526
223.52,97.04488799736646,-56.583353616067264,-126.47511200263355,2015-04-16,2015-02-05,-70,2015-05-14,2015-03-24,-51.0,79.92102279038083,0.03202867462844605,0.4263572358352776,0.044572862242132416,Lick_Creek,2015,fracsno_jennings,MT,2090.928,10,0.4785708219916008,0.602739726027397,-0.12416890403579622
223.52,98.19988979252211,-56.066620529472935,-125.3201102074779,2015-04-16,2015-02-05,-70,2015-05-14,2015-03-22,-53.0,81.16806719836818,0.0015856027349205881,0.38843667852019875,0.03104176931946967,Lick_Creek,2015,sza_g4_z02,MT,2090.928,10,0.4842666414202802,0.602739726027397,-0.11847308460711681
223.52,97.57620586838073,-56.34564877040948,-125.94379413161928,2015-04-16,2015-02-05,-70,2015-05-14,2015-03-20,-55.0,81.93071985723346,-0.017264683355877164,0.3737839174694764,0.018818686066043755,Lick_Creek,2015,sza_g4_z05,MT,2090.928,10,0.4811909829863461,0.602739726027397,-0.1215487430410509
223.52,95.93028339509499,-57.082013513289645,-127.58971660490502,2015-04-16,2015-02-05,-70,2015-05-14,2015-03-19,-56.0,82.32481362492449,-0.02707447993870482,0.36887292910161384,0.010960905159137835,Lick_Creek,2015,jennings_sza_g4_z05,MT,2090.928,10,0.4730742188040207,0.602739726027397,-0.12966550722337633
360.6799999999999,212.90165334839847,-40.97214889974533,-147.77834665160142,2015-04-16,2015-03-04,-43,2015-05-31,2015-03-23,-69.0,134.43734842556,0.007359049379037641,0.3246350640952525,0.12672376814454878,Onion_Park,2015,baseline,MT,2258.568,10,0.6451403850587255,0.7759562841530051,-0.1308158990942796
360.6799999999999,236.75511982748094,-34.35867810039896,-123.92488017251895,2015-04-16,2015-03-04,-43,2015-05-31,2015-04-30,-31.0,114.65592550582906,0.2779864962937688,0.5172532497773554,0.2878525457234469,Onion_Park,2015,fracsno,MT,2258.568,10,0.717421808463728,0.7759562841530051,-0.058534475689277055
360.6799999999999,237.05793333848405,-34.27472182031603,-123.62206666151584,2015-04-16,2015-03-04,-43,2015-05-31,2015-04-30,-31.0,113.49103438518708,0.29258311731926423,0.5314094787450588,0.29381529719055954,Onion_Park,2015,fracsno_jennings,MT,2258.568,10,0.7183394022072104,0.7759562841530051,-0.05761688194579473
360.6799999999999,236.6951572792992,-34.37530296126781,-123.9848427207007,2015-04-16,2015-03-04,-43,2015-05-31,2015-04-13,-48.0,120.65168424718276,0.20049885644718823,0.45094930442155157,0.25221950775906654,Onion_Park,2015,sza_g4_z02,MT,2258.568,10,0.7172401083180755,0.7759562841530051,-0.05871617583492961
360.6799999999999,236.5270293448365,-34.421917116325666,-124.15297065516339,2015-04-16,2015-03-04,-43,2015-05-31,2015-04-09,-52.0,122.77924423128407,0.17205359823321176,0.42653127880518765,0.2398827670112409,Onion_Park,2015,sza_g4_z05,MT,2258.568,10,0.7167306424747037,0.7759562841530051,-0.059225641678301355
360.6799999999999,234.4537495940818,-34.996742377153744,-126.22625040591808,2015-04-16,2015-03-04,-43,2015-05-31,2015-04-09,-52.0,122.59511231922902,0.174535076913378,0.43041734419587346,0.23879288818626065,Onion_Park,2015,jennings_sza_g4_z05,MT,2258.568,10,0.7104481337402716,0.7759562841530051,-0.0655081504127335
251.46,154.90346765370586,-38.39836647828448,-96.55653234629415,1990-04-13,1990-03-14,-30,1990-06-06,1990-04-14,-53.0,91.12603297171886,0.01917325492611721,0.4533461246630601,0.16425142209830812,Divide,1990,baseline,MT,2377.44,10,0.5644177271823988,0.8114754098360654,-0.24705768265366657
251.46,195.7386258358836,-22.15914028637414,-55.72137416411641,1990-04-13,1990-04-12,-1,1990-06-06,1990-06-05,-1.0,30.356005651418705,0.8911579730656987,0.9840026060289678,0.6953843856558479,Divide,1990,fracsno,MT,2377.44,10,0.6853769005420011,0.8114754098360654,-0.1260985092940643
251.46,197.1128097991806,-21.612658156692675,-54.3471902008194,1990-04-13,1990-04-12,-1,1990-06-06,1990-06-07,1.0,28.150532015069647,0.9063989792588815,0.9832407758228147,0.7217286209652234,Divide,1990,fracsno_jennings,MT,2377.44,10,0.6901885923658146,0.8114754098360654,-0.12128681747025072
251.46,194.64644634339263,-22.593475565341357,-56.81355365660738,1990-04-13,1990-04-12,-1,1990-06-06,1990-05-23,-14.0,46.05581065259981,0.7494604847422949,0.8774028616426982,0.6113532852153052,Divide,1990,sza_g4_z02,MT,2377.44,10,0.681552644638485,0.8114754098360654,-0.1299227651975804
251.46,193.37806124367614,-23.097883860782574,-58.081938756323865,1990-04-13,1990-03-24,-20,1990-06-06,1990-05-08,-29.0,63.46904773325595,0.5241924427644827,0.6834229284966998,0.5139885874238077,Divide,1990,sza_g4_z05,MT,2377.44,10,0.6912241548943133,0.8114754098360654,-0.12025125494175204
251.46,194.08845612309713,-22.8153757563441,-57.37154387690288,1990-04-13,1990-03-24,-20,1990-06-06,1990-05-11,-26.0,60.58104997814775,0.5665081236092497,0.7166528651026352,0.5345306987700398,Divide,1990,jennings_sza_g4_z05,MT,2377.44,10,0.6937634403593292,0.8114754098360654,-0.11771196947673612
218.43999999999997,120.02145949853833,-45.05518243062701,-98.41854050146164,2000-04-20,2000-03-23,-28,2000-05-05,2000-04-14,-21.0,52.52980573879403,0.3972137403264355,0.6630614503342817,0.22338906108249013,Windy_Peak,2000,baseline,WY,2412.492,10,0.5290739645689019,0.6323529411764705,-0.10327897660756857
218.43999999999997,240.63972049135756,10.162845857607397,22.199720491357596,2000-04-20,2000-04-22,2,2000-05-05,2000-05-27,22.0,37.35338833888839,0.695202247320056,0.8101996537765689,0.6113680491482593,Windy_Peak,2000,fracsno,WY,2412.492,10,0.745383743323234,0.6323529411764705,0.11303080214676353
218.43999999999997,243.14025821852863,11.307571057740644,24.70025821852866,2000-04-20,2000-04-22,2,2000-05-05,2000-05-28,23.0,38.3868987436247,0.6781023479447956,0.803575960719713,0.5957894761539599,Windy_Peak,2000,fracsno_jennings,WY,2412.492,10,0.7531291818883802,0.6323529411764705,0.12077624071190973
218.43999999999997,231.033450055442,5.765175817360384,12.59345005544202,2000-04-20,2000-04-21,1,2000-05-05,2000-05-17,12.0,26.628647228342412,0.8451005188086451,0.8929183108973633,0.7413855680515726,Windy_Peak,2000,sza_g4_z02,WY,2412.492,10,0.719556927160891,0.6323529411764705,0.08720398598442058
218.43999999999997,209.99789294413222,-3.8647258083994473,-8.442107055867751,2000-04-20,2000-04-21,1,2000-05-05,2000-05-08,3.0,12.781777333741344,0.9643110106316676,0.9679902946296982,0.91633115601955,Windy_Peak,2000,sza_g4_z05,WY,2412.492,10,0.6540413889022572,0.6323529411764705,0.021688447725786708
218.43999999999997,213.56631199340077,-2.2311334950554826,-4.873688006599195,2000-04-20,2000-04-21,1,2000-05-05,2000-05-08,3.0,13.486079020114813,0.9602695801230283,0.9657892165118107,0.9021996805914216,Windy_Peak,2000,jennings_sza_g4_z05,WY,2412.492,10,0.6651552801820605,0.6323529411764705,0.03280233900559004
492.75999999999993,337.32811539212713,-31.54312131826301,-155.4318846078728,1995-05-06,1995-05-02,-4,1995-06-18,1995-05-24,-25.0,98.08264786576262,0.6225570466093233,0.7662422807512074,0.5590913835094851,Younts_Peak,1995,baseline,WY,2545.08,10,0.6077762370630345,0.9603960396039596,-0.35261980254092506
492.75999999999993,438.06060344516476,-11.100616234035876,-54.699396554835175,1995-05-06,1995-05-04,-2,1995-06-18,1995-06-26,8.0,32.173254477305065,0.9593877597565758,0.9741464120233698,0.8685066773170147,Younts_Peak,1995,fracsno,WY,2545.08,10,0.7746104473850758,0.9603960396039596,-0.1857855922188838
492.75999999999993,443.4210045953276,-10.01278419609391,-49.338995404672346,1995-05-06,1995-05-04,-2,1995-06-18,1995-06-27,9.0,30.64267285621602,0.9631599468786497,0.9743147432755503,0.8835469238167242,Younts_Peak,1995,fracsno_jennings,WY,2545.08,10,0.7840890964588241,0.9603960396039596,-0.1763069431451355
492.75999999999993,406.577719826251,-17.489706991993863,-86.18228017374895,1995-05-06,1995-05-03,-3,1995-06-18,1995-06-09,-9.0,54.466476577565444,0.8836073591612007,0.9481213504330975,0.7384320662047468,Younts_Peak,1995,sza_g4_z02,WY,2545.08,10,0.7206274105231091,0.9603960396039596,-0.2397686290808505
492.75999999999993,397.0623525134454,-19.420741839141687,-95.69764748655456,1995-05-06,1995-05-03,-3,1995-06-18,1995-06-02,-16.0,70.3993120826948,0.805551861791045,0.8802865860491553,0.7012517537685616,Younts_Peak,1995,sza_g4_z05,WY,2545.08,10,0.7037621614638797,0.9603960396039596,-0.2566338781400799
492.75999999999993,403.14235494267405,-18.186874960898997,-89.61764505732589,1995-05-06,1995-05-03,-3,1995-06-18,1995-06-02,-16.0,67.43506821782435,0.8215820435315817,0.891739770116268,0.7134524239212702,Younts_Peak,1995,jennings_sza_g4_z05,WY,2545.08,10,0.7145384932521086,0.9603960396039596,-0.24585754635185098
434.34,295.12369106041723,-32.052380379330195,-139.21630893958275,2000-05-17,2000-04-04,-43,2000-06-10,2000-05-04,-37.0,133.88301693013665,0.2545476807186392,0.5399408052812354,0.2799860851913025,Clover_Meadow,2000,baseline,MT,2621.28,10,0.8150251055092955,0.8028169014084505,0.012208204100845
434.34,318.0439018012875,-26.77535990208419,-116.29609819871246,2000-05-17,2000-04-04,-43,2000-06-10,2000-06-09,-1.0,72.18826059990565,0.7832784766231905,0.9625020242534018,0.5532052802959984,Clover_Meadow,2000,fracsno,MT,2621.28,10,0.8783224541913057,0.8028169014084505,0.0755055527828552
434.34,317.3375796232096,-26.937979549843533,-117.00242037679038,2000-05-17,2000-04-04,-43,2000-06-10,2000-06-09,-1.0,71.26601739934061,0.7887805687235556,0.9653725050831001,0.5574410208770911,Clover_Meadow,2000,fracsno_jennings,MT,2621.28,10,0.8763718472927438,0.8028169014084505,0.07355494588429323
434.34,317.7005819692309,-26.854403930277915,-116.6394180307691,2000-05-17,2000-04-04,-43,2000-06-10,2000-05-31,-10.0,85.76315541900672,0.6941063987174325,0.8874780705644717,0.5094205947925637,Clover_Meadow,2000,sza_g4_z02,MT,2621.28,10,0.8773743287414647,0.8028169014084505,0.07455742733301418
434.34,317.2118903119338,-26.966917550321444,-117.12810968806616,2000-05-17,2000-04-04,-43,2000-06-10,2000-05-23,-18.0,100.54918356257605,0.5795387404363805,0.78035587775574,0.4615566004472469,Clover_Meadow,2000,sza_g4_z05,MT,2621.28,10,0.8760247387843897,0.8028169014084505,0.07320783737593917
434.34,316.3638101408861,-27.16217476150341,-117.9761898591139,2000-05-17,2000-04-04,-43,2000-06-10,2000-05-24,-17.0,97.03569930661308,0.6084096599147443,0.8079232636791507,0.47328462450404984,Clover_Meadow,2000,jennings_sza_g4_z05,MT,2621.28,10,0.8736826474788597,0.8028169014084505,0.07086574607040919
482.6,399.4698911443809,-17.22546805959783,-83.13010885561914,2000-04-08,2000-04-09,1,2000-06-08,2000-05-20,-19.0,103.948046119881,0.6388052659838478,0.7779961625451641,0.5484851904240982,Placer_Basin,2000,baseline,MT,2691.384,10,0.8422366271024301,0.9405940594059405,-0.09835743230351046
482.6,445.12758322245446,-7.764694732189299,-37.47241677754556,2000-04-08,2000-04-09,1,2000-06-08,2000-06-13,5.0,38.0650992124348,0.9515646233602842,0.975710915667276,0.8326317097816243,Placer_Basin,2000,fracsno,MT,2691.384,10,0.9385006545788321,0.9405940594059405,-0.0020934048271084027
482.6,445.4937496012986,-7.688821052362502,-37.106250398701434,2000-04-08,2000-04-09,1,2000-06-08,2000-06-13,5.0,37.02548682807524,0.9541741737490655,0.9770226581097214,0.8374179595555666,Placer_Basin,2000,fracsno_jennings,MT,2691.384,10,0.9392726745550875,0.9405940594059405,-0.0013213848508530912
482.6,444.0122415297182,-7.995805733585125,-38.58775847028181,2000-04-08,2000-04-09,1,2000-06-08,2000-06-03,-5.0,50.426693707764656,0.9149978839749343,0.9454006818740002,0.8031991622555461,Placer_Basin,2000,sza_g4_z02,MT,2691.384,10,0.9361490840445278,0.9405940594059405,-0.004444975361412751
482.6,441.5745239455032,-8.500927487463082,-41.025476054496835,2000-04-08,2000-04-09,1,2000-06-08,2000-05-27,-12.0,66.68478099531494,0.8513509262208943,0.8920172420719898,0.7584949387231774,Placer_Basin,2000,sza_g4_z05,MT,2691.384,10,0.9310094350209785,0.9405940594059405,-0.009584624384961993
482.6,443.58292820443836,-8.08476415158758,-39.01707179556166,2000-04-08,2000-04-09,1,2000-06-08,2000-05-28,-11.0,65.19273874508373,0.8579284229526586,0.8954169749068303,0.767662755199269,Placer_Basin,2000,jennings_sza_g4_z05,MT,2691.384,10,0.9352439259460839,0.9405940594059405,-0.005350133459856687
289.56,202.56754587177957,-30.04298042831207,-86.99245412822043,2022-04-18,2022-04-18,0,2022-05-12,2022-05-12,0.0,44.03477570811681,0.8109561062090822,0.9573603805425,0.5512919035808965,Hourglass_Lake,2022,baseline,CO,2870.3016,10,0.601260792020751,0.8201438848920859,-0.2188830928713349
289.56,266.2323463059436,-8.056241778580045,-23.32765369405638,2022-04-18,2022-05-05,17,2022-05-12,2022-06-15,34.0,61.731805016855226,0.628474156932072,0.6754840753986743,0.7463976474161267,Hourglass_Lake,2022,fracsno,CO,2870.3016,10,0.6988139850944439,0.8201438848920859,-0.12132989979764197
289.56,264.71797890816225,-8.579230933774607,-24.84202109183775,2022-04-18,2022-04-18,0,2022-05-12,2022-06-15,34.0,61.48365091257357,0.6314551277715061,0.6804745616586291,0.742057457037558,Hourglass_Lake,2022,fracsno_jennings,CO,2870.3016,10,0.7857356467220147,0.8201438848920859,-0.034408238170071215
289.56,253.9026229391857,-12.314331075015298,-35.6573770608143,2022-04-18,2022-04-18,0,2022-05-12,2022-06-03,22.0,45.580585623239095,0.7974506386005649,0.8002109996147374,0.8719064925769586,Hourglass_Lake,2022,sza_g4_z02,CO,2870.3016,10,0.7536335176869453,0.8201438848920859,-0.06651036720514059
289.56,241.59884209543068,-16.563461080456317,-47.96115790456932,2022-04-18,2022-04-18,0,2022-05-12,2022-05-20,8.0,38.76512918388765,0.8534946285203266,0.8702661539744284,0.7978383585035209,Hourglass_Lake,2022,sza_g4_z05,CO,2870.3016,10,0.7171134473907463,0.8201438848920859,-0.10303043750133956
289.56,241.46170627292122,-16.610821151774687,-48.09829372707878,2022-04-18,2022-04-18,0,2022-05-12,2022-05-20,8.0,38.917633988262935,0.8523396357458315,0.8690827150006485,0.7973460167040719,Hourglass_Lake,2022,jennings_sza_g4_z05,CO,2870.3016,10,0.7167064009761709,0.8201438848920859,-0.10343748391591501
485.14,443.8704997653656,-8.506719758138763,-41.26950023463439,2023-04-05,2023-04-26,21,2023-05-31,2023-05-28,-3.0,22.5279061607441,0.9823006556629378,0.9948394146076367,0.8808390182003761,Long_Draw_Resv,2023,baseline,CO,3050.4384,10,0.8417435718800215,0.9595959595959589,-0.11785238771593742
485.14,489.44387893197745,0.8871416358118204,4.303878931977465,2023-04-05,2023-04-29,24,2023-05-31,2023-07-16,46.0,73.85405857466293,0.8097764621334341,0.8426336658462581,0.7989406132558567,Long_Draw_Resv,2023,fracsno,CO,3050.4384,10,0.9094377509806023,0.9595959595959589,-0.05015820861535658
485.14,488.6495072584186,0.7234009272413401,3.509507258418637,2023-04-05,2023-04-29,24,2023-05-31,2023-07-10,40.0,68.31718107748308,0.8372296123693668,0.8627136393687896,0.8268691003112568,Long_Draw_Resv,2023,fracsno_jennings,CO,3050.4384,10,0.9079617255988558,0.9595959595959589,-0.051634233997103096
485.14,485.3102975004183,0.03510275393047667,0.17029750041831448,2023-04-05,2023-04-29,24,2023-05-31,2023-06-15,15.0,42.483054100294176,0.9370570660558424,0.9416590928581621,0.9306926045712165,Long_Draw_Resv,2023,sza_g4_z02,CO,3050.4384,10,0.9017571257599633,0.9595959595959589,-0.05783883383599564
485.14,478.2238940537622,-1.4255897155950432,-6.916105946237792,2023-04-05,2023-04-29,24,2023-05-31,2023-06-03,3.0,17.84705385734004,0.9888916746807932,0.9889528217131519,0.9935603010775018,Long_Draw_Resv,2023,sza_g4_z05,CO,3050.4384,10,0.8885898494071952,0.9595959595959589,-0.07100611018876368
485.14,480.2893417444507,-0.9998471071338713,-4.850658255549263,2023-04-05,2023-04-29,24,2023-05-31,2023-06-04,4.0,20.46536922043345,0.9853932132086232,0.9855422720651599,0.9890402892068029,Long_Draw_Resv,2023,jennings_sza_g4_z05,CO,3050.4384,10,0.8924276665368868,0.9595959595959589,-0.06716829305907213
482.6,406.31305189139493,-15.807490283589948,-76.28694810860509,2000-04-10,2000-04-21,11,2000-05-29,2000-05-28,-1.0,38.09483812712244,0.9525398496544921,0.9946472569556783,0.7737751810792524,Brooklyn_Lake,2000,baseline,WY,3124.2000000000003,10,0.8157589444329904,1.0270270270270254,-0.21126808259403507
482.6,449.81937631360194,-6.792503872026126,-32.78062368639809,2000-04-10,2000-04-26,16,2000-05-29,2000-06-17,19.0,50.81378358301973,0.9155577276284949,0.9189482023626269,0.8933833245359561,Brooklyn_Lake,2000,fracsno,WY,3124.2000000000003,10,0.8713474261482577,1.0270270270270254,-0.15567960087876775
482.6,451.60824498483953,-6.421830711802837,-30.991755015160493,2000-04-10,2000-04-26,16,2000-05-29,2000-06-20,22.0,55.39735913234795,0.8996366917848588,0.9007447167081213,0.9021151925573818,Brooklyn_Lake,2000,fracsno_jennings,WY,3124.2000000000003,10,0.8748126528469703,1.0270270270270254,-0.15221437418005512
482.6,446.70676044313063,-7.43747193470149,-35.89323955686939,2000-04-10,2000-04-26,16,2000-05-29,2000-06-06,8.0,41.32985405750862,0.9441369571334984,0.9516346557963855,0.8853048344495617,Brooklyn_Lake,2000,sza_g4_z02,WY,3124.2000000000003,10,0.8653179619452027,1.0270270270270254,-0.1617090650818227
482.6,437.5015599026953,-9.344890198364011,-45.09844009730472,2000-04-10,2000-04-26,16,2000-05-29,2000-06-01,3.0,33.08323387141356,0.9642057922234958,0.9794995706517757,0.8578674193154912,Brooklyn_Lake,2000,sza_g4_z05,WY,3124.2000000000003,10,0.847486520659101,1.0270270270270254,-0.1795405063679244
482.6,444.5976933945776,-7.874493701910983,-38.002306605422405,2000-04-10,2000-04-26,16,2000-05-29,2000-06-01,3.0,34.63109307303202,0.9607780443978563,0.9722790854478094,0.8726516190486499,Brooklyn_Lake,2000,jennings_sza_g4_z05,WY,3124.2000000000003,10,0.8612324773238165,1.0270270270270254,-0.16579454970320895
701.04,595.6948099795457,-15.026987050732385,-105.34519002045431,1995-06-01,1995-05-31,-1,1995-06-25,1995-07-10,15.0,56.3212410580586,0.9186121295261597,0.9209017845702993,0.9220020628528038,Willow_Park,1995,baseline,CO,3271.1136,10,0.6913586738254511,0.8093841642228732,-0.11802549039742205
701.04,740.9993575404051,5.700011060767589,39.95935754040511,1995-06-01,1995-05-31,-1,1995-06-25,1995-08-13,49.0,123.47324436225873,0.6088341138897546,0.8077454932937438,0.55034835380173,Willow_Park,1995,fracsno,CO,3271.1136,10,0.8599979797578503,0.8093841642228732,0.050613815534977125
701.04,749.2361184515613,6.8749455739417655,48.19611845156135,1995-06-01,1995-05-31,-1,1995-06-25,1995-08-13,49.0,126.5168360724036,0.5893121087881449,0.7999973733517262,0.538901703192397,Willow_Park,1995,fracsno_jennings,CO,3271.1136,10,0.8695574991707352,0.8093841642228732,0.060173334947862034
701.04,722.3775731925338,3.043702669253366,21.337573192533796,1995-06-01,1995-05-31,-1,1995-06-25,1995-07-27,32.0,103.3881758864962,0.7257434559583018,0.8582963457422949,0.6361370560823316,Willow_Park,1995,sza_g4_z02,CO,3271.1136,10,0.838385684476228,0.8093841642228732,0.029001520253354784
701.04,685.1799521956103,-2.2623598944981227,-15.860047804389637,1995-06-01,1995-05-31,-1,1995-06-25,1995-07-15,20.0,75.95310473800436,0.8519848002533945,0.9048852714437771,0.7738012260798743,Willow_Park,1995,sza_g4_z05,CO,3271.1136,10,0.7952144204479619,0.8093841642228732,-0.014169743774911314
701.04,694.0322235901418,-0.9996257574258443,-7.007776409858138,1995-06-01,1995-05-31,-1,1995-06-25,1995-07-16,21.0,78.15565799484567,0.8432757859244683,0.9014226012963202,0.7637126946724754,Willow_Park,1995,jennings_sza_g4_z05,CO,3271.1136,10,0.8054882964481178,0.8093841642228732,-0.0038958677747553683
274.32,140.9800233694107,-48.60745721441721,-133.3399766305893,1995-03-07,1995-03-08,1,1995-05-04,1995-03-22,-43.0,90.32609208594529,0.02353621173957199,0.5423099623745943,-0.0016427703187911202,Chamita,1995,baseline,NM,2555.1384000000003,13,0.29280443616427937,0.5714285714285711,-0.2786241352642917
274.32,342.01167100115873,24.676170531189392,67.69167100115874,1995-03-07,1995-03-08,1,1995-05-04,1995-05-22,18.0,47.59491331271716,0.7288867267678965,0.8708653932871268,0.6213006698874912,Chamita,1995,fracsno,NM,2555.1384000000003,13,0.7103313795507984,0.5714285714285711,0.13890280812222733
274.32,324.2246366478243,18.19212476225733,49.904636647824304,1995-03-07,1995-03-10,3,1995-05-04,1995-05-23,19.0,48.81011497484533,0.7148657670569786,0.8649423180517299,0.6057774582913518,Chamita,1995,fracsno_jennings,NM,2555.1384000000003,13,0.673326427813159,0.5714285714285711,0.10189785638458793
274.32,323.01267640009604,17.750319480933236,48.69267640009605,1995-03-07,1995-03-08,1,1995-05-04,1995-05-12,8.0,29.19256926690965,0.898006067041571,0.933984706864905,0.8174492341409041,Chamita,1995,sza_g4_z02,NM,2555.1384000000003,13,0.6708719599188722,0.5714285714285711,0.0994433884903011
274.32,304.4869315744165,10.996985846608515,30.16693157441648,1995-03-07,1995-03-08,1,1995-05-04,1995-05-02,-2.0,20.809731404009966,0.948172214877978,0.9548610176831044,0.906576357479462,Chamita,1995,sza_g4_z05,NM,2555.1384000000003,13,0.6323954429020407,0.5714285714285711,0.060966871473469686
274.32,277.84451254669426,1.284817930407651,3.524512546694268,1995-03-07,1995-03-08,1,1995-05-04,1995-05-01,-3.0,20.925814630322215,0.9475923787521743,0.9599480930544309,0.8617311486430828,Chamita,1995,jennings_sza_g4_z05,NM,2555.1384000000003,13,0.5770612310398138,0.5714285714285711,0.005632659611242707
960.12,884.4051669655296,-7.885976027420575,-75.71483303447042,1995-05-19,1995-05-17,-2,1995-06-25,1995-07-20,25.0,93.73511027201151,0.9202793000286826,0.9280232776645321,0.8700632619921732,Beartown,1995,baseline,CO,3535.6800000000003,13,0.9001850654925491,0.9973614775725589,-0.09717641208000982
960.12,926.7151252205585,-3.4792395512479124,-33.40487477944146,1995-05-19,1995-05-18,-1,1995-06-25,,,183.13927796132293,0.695680690920741,0.7829958980409412,0.639295548921651,Beartown,1995,fracsno,CO,3535.6800000000003,13,0.9405853924636933,0.9973614775725589,-0.05677608510886556
960.12,927.2392226269056,-3.424652894752152,-32.88077737309436,1995-05-19,1995-05-19,0,1995-06-25,1995-09-03,70.0,156.56013808405467,0.7776030098277055,0.8166123205217016,0.7510839332480082,Beartown,1995,fracsno_jennings,CO,3535.6800000000003,13,0.9409047653670971,0.9973614775725589,-0.05645671220546178
960.12,910.2904423998293,-5.18993017541252,-49.82955760017069,1995-05-19,1995-05-18,-1,1995-06-25,1995-08-21,57.0,146.12578295826066,0.8062595891595377,0.8294446952256241,0.7801347655641035,Beartown,1995,sza_g4_z02,CO,3535.6800000000003,13,0.9239148792535518,0.9973614775725589,-0.07344659831900713
960.12,904.010828420175,-5.843974876038931,-56.10917157982499,1995-05-19,1995-05-17,-2,1995-06-25,1995-07-21,26.0,96.79871034827858,0.9149830233853071,0.9205501856326783,0.8814106640302634,Beartown,1995,sza_g4_z05,CO,3535.6800000000003,13,0.9201405387301479,0.9973614775725589,-0.07722093884241099
960.12,904.075666515193,-5.837221751948403,-56.044333484807,1995-05-19,1995-05-17,-2,1995-06-25,1995-07-21,26.0,97.96219134181042,0.9129270022079344,0.9179127344796479,0.8841971330843026,Beartown,1995,jennings_sza_g4_z05,CO,3535.6800000000003,13,0.9202065336914962,0.9973614775725589,-0.0771549438810627
269.23999999999995,202.2767091829621,-24.871226718555146,-66.96329081703786,1995-03-13,1995-03-07,-6,1995-05-16,1995-04-05,-41.0,66.74479703124402,0.5106029329237416,0.6753242916390361,0.42292348965723414,Battle_Mountain,1995,baseline,WY,2285.3904,14,0.6164760368591684,0.6928104575163397,-0.07633442065717133
269.23999999999995,228.11067845397383,-15.276081394304757,-41.12932154602612,1995-03-13,1995-03-07,-6,1995-05-16,1995-05-19,3.0,17.881186858535653,0.9648747671394351,0.9861216425519325,0.8400249040529117,Battle_Mountain,1995,fracsno,WY,2285.3904,14,0.6952098814864781,0.6928104575163397,0.00239942397013837
269.23999999999995,227.5496969524062,-15.484438808347106,-41.690303047593744,1995-03-13,1995-03-07,-6,1995-05-16,1995-05-19,3.0,18.16367225773203,0.9637561901871629,0.9851041128155087,0.8395545623473502,Battle_Mountain,1995,fracsno_jennings,WY,2285.3904,14,0.6935001856236445,0.6928104575163397,0.0006897281073047212
269.23999999999995,227.55576633560847,-15.482184543303926,-41.684233664391485,1995-03-13,1995-03-07,-6,1995-05-16,1995-05-08,-8.0,26.738779080685802,0.9214566040068066,0.9521485884370289,0.7890990012177348,Battle_Mountain,1995,sza_g4_z02,WY,2285.3904,14,0.6935186832021241,0.6928104575163397,0.000708225685784325
269.23999999999995,225.38361923868254,-16.288954375767872,-43.85638076131741,1995-03-13,1995-03-07,-6,1995-05-16,1995-04-27,-19.0,38.48659222452572,0.8372783101496504,0.8843111324003257,0.7164288478367278,Battle_Mountain,1995,sza_g4_z05,WY,2285.3904,14,0.686898659378339,0.6928104575163397,-0.00591179813800069
269.23999999999995,224.65709943663856,-16.55879533626556,-44.58290056336139,1995-03-13,1995-03-07,-6,1995-05-16,1995-04-28,-18.0,37.75925432449101,0.843370577281793,0.8909982132886461,0.7172507936891304,Battle_Mountain,1995,jennings_sza_g4_z05,WY,2285.3904,14,0.6846844546383427,0.6928104575163397,-0.00812600287799703
767.0799999999999,573.3587690893605,-25.254371240371203,-193.7212309106394,2023-04-05,2023-04-06,1,2023-05-21,2023-05-21,0.0,88.86484036898167,0.8796211181369497,0.993325208560915,0.619795904042681,Daniels-Strawberry,2023,baseline,UT,2440.8384,14,0.8076965604986878,1.048611111111111,-0.24091455061242317
767.0799999999999,659.1992389588291,-14.063821379930488,-107.88076104117079,2023-04-05,2023-04-06,1,2023-05-21,2023-06-14,24.0,58.78668261218774,0.9473196949197354,0.9575553079944283,0.8754868059375593,Daniels-Strawberry,2023,fracsno,UT,2440.8384,14,0.9286209380490296,1.048611111111111,-0.11999017306208137
767.0799999999999,658.6214260508136,-14.139147670280325,-108.4585739491863,2023-04-05,2023-04-06,1,2023-05-21,2023-06-14,24.0,58.05012543764972,0.9486315217911511,0.9591674742098132,0.8749546905554971,Daniels-Strawberry,2023,fracsno_jennings,UT,2440.8384,14,0.9278069668959291,1.048611111111111,-0.12080414421518182
767.0799999999999,657.5285371778775,-14.281621580815877,-109.5514628221224,2023-04-05,2023-04-06,1,2023-05-21,2023-06-02,12.0,49.04696135326966,0.9633296894750162,0.9757512591181258,0.8740615887556765,Daniels-Strawberry,2023,sza_g4_z02,UT,2440.8384,14,0.9262674027848233,1.048611111111111,-0.1223437083262876
767.0799999999999,655.1237085660318,-14.595125858315704,-111.95629143396809,2023-04-05,2023-04-06,1,2023-05-21,2023-05-27,6.0,43.00315410120996,0.9718102648385228,0.9876796616876529,0.8629489746796649,Daniels-Strawberry,2023,sza_g4_z05,UT,2440.8384,14,0.9228796952915524,1.048611111111111,-0.1257314158195585
767.0799999999999,655.9487841361025,-14.487565294871125,-111.13121586389741,2023-04-05,2023-04-06,1,2023-05-21,2023-05-27,6.0,42.55027674210275,0.9724008851991593,0.9875756091590846,0.8661140114658944,Daniels-Strawberry,2023,jennings_sza_g4_z05,UT,2440.8384,14,0.9240419879711534,1.048611111111111,-0.1245691231399575
436.87999999999994,103.24942677177654,-76.36663917511066,-333.6305732282234,2021-03-28,2021-03-05,-23,2021-05-07,2021-03-16,-52.0,178.40265498218156,-0.442189984224419,0.2994709565657646,-0.3394909531387167,Dry_Lake,2021,baseline,CO,2521.0008000000003,14,0.3243449811925878,1.1466666666666656,-0.8223216854740778
436.87999999999994,273.9871022900622,-37.28550121542249,-162.89289770993776,2021-03-28,2021-03-28,0,2021-05-07,2021-05-19,12.0,72.5791087861572,0.7613051159574489,0.9380999844685133,0.5103606567571748,Dry_Lake,2021,fracsno,CO,2521.0008000000003,14,0.7556877593959994,1.1466666666666656,-0.3909789072706662
436.87999999999994,273.2199083701195,-37.461108686568494,-163.6600916298804,2021-03-28,2021-03-09,-19,2021-05-07,2021-05-20,13.0,73.12345587189098,0.7577112411274693,0.9323040264795406,0.5118527312860821,Dry_Lake,2021,fracsno_jennings,CO,2521.0008000000003,14,0.858285695257446,1.1466666666666656,-0.2883809714092196
436.87999999999994,270.87126409643923,-37.99870351207671,-166.0087359035607,2021-03-28,2021-03-09,-19,2021-05-07,2021-05-06,-1.0,75.30864246337936,0.7430139870322511,0.9821059080321806,0.45035479449455196,Dry_Lake,2021,sza_g4_z02,CO,2521.0008000000003,14,0.8509077271021482,1.1466666666666656,-0.2957589395645174
436.87999999999994,269.91029462484124,-38.21866539442381,-166.9697053751587,2021-03-28,2021-03-08,-20,2021-05-07,2021-04-27,-10.0,84.98957289991444,0.6726961286344639,0.9480001147843502,0.39461886674365176,Dry_Lake,2021,sza_g4_z05,CO,2521.0008000000003,14,0.8478889633672071,1.1466666666666656,-0.2987777032994585
436.87999999999994,269.6519095644825,-38.27780865123546,-167.22809043551746,2021-03-28,2021-03-08,-20,2021-05-07,2021-04-29,-8.0,82.4953695334753,0.6916251202132381,0.9601874422811798,0.40707166569114783,Dry_Lake,2021,jennings_sza_g4_z05,CO,2521.0008000000003,14,0.8470772794657773,1.1466666666666656,-0.29958938720088835
500.37999999999994,387.5962223321983,-22.53962541824247,-112.78377766780164,2023-04-07,2023-04-06,-1,2023-05-06,2023-05-13,7.0,59.83975309890139,0.8619960722796225,0.9261725569926376,0.6777431707415853,Lasal_Mountain-Lower,2023,baseline,UT,2677.0584000000003,14,0.6658554117441559,0.9849999999999998,-0.3191445882558439
500.37999999999994,510.8369469885274,2.089801148832383,10.456946988527477,2023-04-07,2023-04-06,-1,2023-05-06,2023-06-12,37.0,88.61637520412303,0.6973505951957069,0.8161541473892677,0.6085687436405964,Lasal_Mountain-Lower,2023,fracsno,UT,2677.0584000000003,14,0.8775718804081779,0.9849999999999998,-0.10742811959182186
500.37999999999994,512.4652730585943,2.4152190452444935,12.085273058594396,2023-04-07,2023-04-06,-1,2023-05-06,2023-06-12,37.0,87.78446680665643,0.7030063167920131,0.822323172265181,0.6067785569354253,Lasal_Mountain-Lower,2023,fracsno_jennings,UT,2677.0584000000003,14,0.880369197986028,0.9849999999999998,-0.10463080201397179
500.37999999999994,510.2106668520984,1.9646402438343837,9.830666852098489,2023-04-07,2023-04-06,-1,2023-05-06,2023-05-30,24.0,79.2698749032042,0.7578256143043284,0.8503577475648899,0.6596978380018353,Lasal_Mountain-Lower,2023,sza_g4_z02,UT,2677.0584000000003,14,0.8764959875225354,0.9849999999999998,-0.10850401247746433
500.37999999999994,509.3191983710056,1.7864819479207124,8.93919837100566,2023-04-07,2023-04-06,-1,2023-05-06,2023-05-23,17.0,68.20850170018439,0.8206964531435883,0.8891831062863524,0.7065600664411203,Lasal_Mountain-Lower,2023,sza_g4_z05,UT,2677.0584000000003,14,0.874964524937675,0.9849999999999998,-0.1100354750623248
500.37999999999994,511.0594188358671,2.134261728259959,10.679418835867182,2023-04-07,2023-04-06,-1,2023-05-06,2023-05-24,18.0,70.19136331251525,0.8101200028499004,0.884686422926791,0.6940317878887563,Lasal_Mountain-Lower,2023,jennings_sza_g4_z05,UT,2677.0584000000003,14,0.8779540670110826,0.9849999999999998,-0.10704593298891718
200.66,112.42229448975554,-43.973739415052556,-88.23770551024445,2005-04-02,2005-02-24,-37,2005-04-21,2005-03-27,-25.0,55.63885246789613,0.4263119255409491,0.6797938964630437,0.26797138750114025,Stillwater_Creek,2005,baseline,CO,2706.6240000000003,14,0.6824386945559959,0.918604651162791,-0.23616595660679507
200.66,158.97910910963705,-20.771898181183566,-41.680890890362946,2005-04-02,2005-04-11,9,2005-04-21,2005-05-21,30.0,43.668001197589206,0.6466166196942427,0.6491337563383514,0.7474599795130311,Stillwater_Creek,2005,fracsno,CO,2706.6240000000003,14,0.820694317631218,0.918604651162791,-0.09791033353157297
200.66,161.6675932872693,-19.432077500613318,-38.992406712730684,2005-04-02,2005-04-11,9,2005-04-21,2005-05-21,30.0,44.225204410355566,0.6375407467041329,0.6411184545535454,0.7556426152204074,Stillwater_Creek,2005,fracsno_jennings,CO,2706.6240000000003,14,0.8345730196819549,0.918604651162791,-0.08403163148083614
200.66,154.70014554517294,-22.904342895857198,-45.95985445482705,2005-04-02,2005-04-07,5,2005-04-21,2005-05-08,17.0,34.10714223056436,0.7844191608289719,0.8051091572942406,0.7368740739451638,Stillwater_Creek,2005,sza_g4_z02,CO,2706.6240000000003,14,0.8188675802762762,0.918604651162791,-0.09973707088651484
200.66,148.9588827600392,-25.765532363181904,-51.70111723996081,2005-04-02,2005-04-02,0,2005-04-21,2005-04-23,2.0,26.721894105972165,0.8676713228933595,0.9667442017180466,0.6281781862912246,Stillwater_Creek,2005,sza_g4_z05,CO,2706.6240000000003,14,0.7931560405432249,0.918604651162791,-0.12544861061956614
200.66,151.38221846370323,-24.55784986359851,-49.27778153629677,2005-04-02,2005-04-02,0,2005-04-21,2005-04-25,4.0,25.75362473334404,0.877087452545503,0.9595251963080235,0.6574630888785802,Stillwater_Creek,2005,jennings_sza_g4_z05,CO,2706.6240000000003,14,0.8060594895756771,0.918604651162791,-0.11254516158711392
337.82,204.7526488242962,-39.390015740839445,-133.0673511757038,1995-05-04,1995-03-11,-54,1995-06-23,1995-04-20,-64.0,99.13454418628686,0.13062106637796556,0.43924928789669154,0.22760125975796908,Crosho,1995,baseline,CO,2734.9704,14,0.7002312337936483,0.6244131455399056,0.0758180882537427
337.82,283.62021157229066,-16.043984496983406,-54.199788427709336,1995-05-04,1995-04-28,-6,1995-06-23,1995-06-06,-17.0,27.89943970612821,0.9311426907974634,0.9538121735317304,0.8339278444060052,Crosho,1995,fracsno,CO,2734.9704,14,0.6239489301289974,0.6244131455399056,-0.0004642154109081309
337.82,288.5364378126083,-14.588704691075627,-49.28356218739168,1995-05-04,1995-04-28,-6,1995-06-23,1995-06-06,-17.0,27.139661829288446,0.934841969598042,0.9554757572603185,0.8421176379911524,Crosho,1995,fracsno_jennings,CO,2734.9704,14,0.6347643585708327,0.6244131455399056,0.01035121303092712
337.82,272.15834407979315,-19.436876419456173,-65.66165592020684,1995-05-04,1995-04-28,-6,1995-06-23,1995-05-24,-30.0,31.404449969577268,0.912754815177435,0.9554307370163665,0.777709197796514,Crosho,1995,sza_g4_z02,CO,2734.9704,14,0.5987334494706266,0.6244131455399056,-0.025679696069279
337.82,241.0507390475185,-28.64521370921837,-96.76926095248149,1995-05-04,1995-03-11,-54,1995-06-23,1995-05-16,-38.0,50.45157741601565,0.7748310083164496,0.85354478175264,0.6722591826031281,Crosho,1995,sza_g4_z05,CO,2734.9704,14,0.824366655959401,0.6244131455399056,0.19995351041949538
337.82,244.2071561816443,-27.710864903900212,-93.61284381835569,1995-05-04,1995-04-27,-7,1995-06-23,1995-05-17,-37.0,46.48585840671875,0.8088383395047161,0.8790722736624976,0.6964974846301681,Crosho,1995,jennings_sza_g4_z05,CO,2734.9704,14,0.5434766103593422,0.6244131455399056,-0.08093653518056332
314.96,227.48917294945295,-27.77204313263495,-87.47082705054703,2000-04-20,2000-03-28,-23,2000-05-20,2000-04-27,-23.0,57.12506888881661,0.7214575085774059,0.8322999763111336,0.5389513529898696,Big_Sandy_Opening,2000,baseline,WY,2767.5840000000003,14,0.8605384341090064,1.0333333333333332,-0.17279489922432678
314.96,254.31506041100565,-19.25480682911936,-60.64493958899433,2000-04-20,2000-04-04,-16,2000-05-20,2000-05-29,9.0,31.83498315153116,0.9134938008085239,0.9262068544123863,0.8413488200894824,Big_Sandy_Opening,2000,fracsno,WY,2767.5840000000003,14,0.9454685177145232,1.0333333333333332,-0.08786481561880999
314.96,254.07633504488504,-19.330602284453562,-60.88366495511494,2000-04-20,2000-04-04,-16,2000-05-20,2000-05-29,9.0,33.15893443923179,0.906148954645672,0.9165537971315291,0.8469391526418357,Big_Sandy_Opening,2000,fracsno_jennings,WY,2767.5840000000003,14,0.9445810070901736,1.0333333333333332,-0.08875232624315965
314.96,253.8056480652372,-19.41654557237833,-61.154351934762786,2000-04-20,2000-04-04,-16,2000-05-20,2000-05-21,1.0,23.115183547340695,0.9543928772070338,0.9876888903434987,0.7914822924305068,Big_Sandy_Opening,2000,sza_g4_z02,WY,2767.5840000000003,14,0.9435746725970505,1.0333333333333332,-0.08975866073628269
314.96,253.18804955032954,-19.61263349303735,-61.77195044967044,2000-04-20,2000-04-04,-16,2000-05-20,2000-05-06,-14.0,31.223031702487408,0.9167875857839526,0.9661599578538188,0.7281626518391395,Big_Sandy_Opening,2000,sza_g4_z05,WY,2767.5840000000003,14,0.9412786231555084,1.0333333333333332,-0.09205471017782485
314.96,252.82907431287072,-19.72660835888026,-62.13092568712926,2000-04-20,2000-04-04,-16,2000-05-20,2000-05-07,-13.0,30.70954083655128,0.9195020856521198,0.9686077290179601,0.7301954832432302,Big_Sandy_Opening,2000,jennings_sza_g4_z05,WY,2767.5840000000003,14,0.9399440589141776,1.0333333333333332,-0.09338927441915557
441.9599999999999,369.82666150994714,-16.321236874389715,-72.13333849005278,2010-04-08,2010-04-08,0,2010-05-21,2010-05-10,-11.0,30.052479498725685,0.950039059597828,0.9705525591250538,0.8259666002411011,North_Lost_Trail,2010,baseline,CO,2809.9512,14,0.6338297777256956,0.7733333333333325,-0.13950355560763694
441.9599999999999,475.2897835064216,7.541357477242665,33.32978350642168,2010-04-08,2010-04-08,0,2010-05-21,2010-06-02,12.0,59.30571560192818,0.8054357310867994,0.9072841348325047,0.6733587196849702,North_Lost_Trail,2010,fracsno,CO,2809.9512,14,0.8145784206179155,0.7733333333333325,0.04124508728458298
441.9599999999999,476.05150837475907,7.7137090177299195,34.091508374759144,2010-04-08,2010-04-08,0,2010-05-21,2010-06-05,15.0,61.07969066620478,0.793621884171923,0.8999758504203194,0.6645790999579677,North_Lost_Trail,2010,fracsno_jennings,CO,2809.9512,14,0.8158839076317919,0.7733333333333325,0.04255057429845932
441.9599999999999,471.6477931010995,6.717303172481584,29.6877931010996,2010-04-08,2010-04-08,0,2010-05-21,2010-05-26,5.0,48.134678168802324,0.8718300750046701,0.9414065549557178,0.7276932036051655,North_Lost_Trail,2010,sza_g4_z02,CO,2809.9512,14,0.8083365721809761,0.7733333333333325,0.03500323884764356
441.9599999999999,462.32865112806877,4.608709188177404,20.368651128068848,2010-04-08,2010-04-08,0,2010-05-21,2010-05-23,2.0,37.33623418757844,0.9228863945272445,0.9647717529659532,0.7881965612899182,North_Lost_Trail,2010,sza_g4_z05,CO,2809.9512,14,0.7923649013954143,0.7733333333333325,0.019031568062081727
441.9599999999999,461.332987679572,4.3834255768784685,19.372987679572077,2010-04-08,2010-04-08,0,2010-05-21,2010-05-23,2.0,37.57482341223425,0.9218976895062938,0.9638060699909143,0.7881777973994007,North_Lost_Trail,2010,jennings_sza_g4_z05,CO,2809.9512,14,0.7906584772569444,0.7733333333333325,0.01732514392361184
365.76,89.40965314247046,-75.55510358090812,-276.35034685752953,2010-05-16,2010-03-08,-69,2010-06-05,2010-03-25,-72.0,120.07044530630782,-0.4890678094333214,0.041184214490889805,-0.3566085390090912,Willow_Creek_Pass,2010,baseline,CO,2902.6104,14,0.5459285475398357,0.8044692737430167,-0.258540726203181
365.76,269.60541368894843,-26.28898357148173,-96.15458631105156,2010-05-16,2010-05-03,-13,2010-06-05,2010-06-08,3.0,26.8573706617562,0.925497779222737,0.9616912768598604,0.7846597347693426,Willow_Creek_Pass,2010,fracsno,CO,2902.6104,14,0.8376427999713504,0.8044692737430167,0.033173526228333694
365.76,268.22784310106925,-26.665615950057614,-97.53215689893074,2010-05-16,2010-05-03,-13,2010-06-05,2010-06-08,3.0,26.60028559745379,0.9269172582921288,0.9631660584256997,0.7852050252216736,Willow_Creek_Pass,2010,fracsno_jennings,CO,2902.6104,14,0.8333627965819503,0.8044692737430167,0.02889352283893365
365.76,254.90520505032904,-30.30806948536498,-110.85479494967095,2010-05-16,2010-05-14,-2,2010-06-05,2010-06-01,-4.0,33.85346766553795,0.8816281175628773,0.9384073284837702,0.7229591105141726,Willow_Creek_Pass,2010,sza_g4_z02,CO,2902.6104,14,0.7039792609412878,0.8044692737430167,-0.10049001280172887
365.76,228.5217608881446,-37.5213908332938,-137.2382391118554,2010-05-16,2010-05-03,-13,2010-06-05,2010-05-25,-11.0,52.78454340694553,0.71222320534822,0.7925454967264497,0.6072930049456653,Willow_Creek_Pass,2010,sza_g4_z05,CO,2902.6104,14,0.7099991243706079,0.8044692737430167,-0.09447014937240883
365.76,227.4865861333832,-37.80441105277143,-138.27341386661678,2010-05-16,2010-05-03,-13,2010-06-05,2010-05-26,-10.0,50.80844297534829,0.7333669350734193,0.8149985661730584,0.6156445847615681,Willow_Creek_Pass,2010,jennings_sza_g4_z05,CO,2902.6104,14,0.7067829178850867,0.8044692737430167,-0.09768635585792995
205.74,165.04027723824333,-19.782114689295554,-40.699722761756675,2021-04-02,2021-03-27,-6,2021-05-01,2021-04-21,-10.0,32.59597635546913,0.7056972149687839,0.8318347989015075,0.5030446822082209,Trapper_Lake,2021,baseline,CO,2974.5432,14,0.568832298436121,0.6806722689075627,-0.11183997047144167
205.74,254.6193562743697,23.75782846037216,48.879356274369684,2021-04-02,2021-03-28,-5,2021-05-01,2021-06-02,32.0,57.11034452198624,0.0965670130254942,0.7299810392564071,0.15930964538034365,Trapper_Lake,2021,fracsno,CO,2974.5432,14,0.8775779832628261,0.6806722689075627,0.19690571435526338
205.74,254.27805410611975,23.59193842039455,48.538054106119745,2021-04-02,2021-03-28,-5,2021-05-01,2021-06-02,32.0,58.1552976328823,0.0632041693113039,0.7193639460150048,0.14680623327048814,Trapper_Lake,2021,fracsno_jennings,CO,2974.5432,14,0.8764016419473871,0.6806722689075627,0.1957293730398244
205.74,252.61915058314904,22.78562777444786,46.87915058314903,2021-04-02,2021-03-28,-5,2021-05-01,2021-05-22,21.0,48.01128495237422,0.36151155437779836,0.8149008259408602,0.2826713577686011,Trapper_Lake,2021,sza_g4_z02,CO,2974.5432,14,0.8706840200453527,0.6806722689075627,0.19001175113779
205.74,250.60138849956763,21.804893797787315,44.861388499567624,2021-04-02,2021-03-28,-5,2021-05-01,2021-05-14,13.0,37.26780232323465,0.6152895793824622,0.9098799229708574,0.40996704055667965,Trapper_Lake,2021,sza_g4_z05,CO,2974.5432,14,0.8637295464895188,0.6806722689075627,0.1830572775819561
205.74,249.0205044888473,21.03650456345256,43.2805044888473,2021-04-02,2021-03-28,-5,2021-05-01,2021-05-14,13.0,36.49295264221658,0.6311206102434257,0.9085278290358876,0.42908952893568986,Trapper_Lake,2021,jennings_sza_g4_z05,CO,2974.5432,14,0.8582808287557208,0.6806722689075627,0.17760855984815804
701.04,507.9367442981302,-27.54525500711369,-193.10325570186978,2010-04-07,2010-04-08,1,2010-06-10,2010-06-06,-4.0,108.47774293647893,0.816882013338678,0.9698804336718173,0.5816571304156226,Park_Reservoir,2010,baseline,CO,3044.0376,14,0.7892415912712367,1.0036363636363634,-0.21439477236512672
701.04,601.5576217445908,-14.190685018744883,-99.48237825540912,2010-04-07,2010-05-03,26,2010-06-10,2010-07-01,21.0,51.49229921714837,0.9587395184382697,0.968118395326034,0.885966606211743,Park_Reservoir,2010,fracsno,CO,3044.0376,14,0.8381733615890536,1.0036363636363634,-0.1654630020473098
701.04,596.0740841678231,-14.97288540342589,-104.96591583217685,2010-04-07,2010-04-08,1,2010-06-10,2010-07-01,21.0,52.83270952195073,0.9565634331559401,0.9669161158185864,0.8804173867750844,Park_Reservoir,2010,fracsno_jennings,CO,3044.0376,14,0.9261910345829053,1.0036363636363634,-0.07744532905345813
701.04,594.8331995119955,-15.149891659249748,-106.20680048800443,2010-04-07,2010-04-08,1,2010-06-10,2010-06-19,9.0,43.25700379282231,0.9708819294989504,0.984923175857365,0.872686811989082,Park_Reservoir,2010,sza_g4_z02,CO,3044.0376,14,0.9242629248500631,1.0036363636363634,-0.07937343878630032
701.04,593.8090631387334,-15.29597981017724,-107.23093686126651,2010-04-07,2010-04-08,1,2010-06-10,2010-06-11,1.0,43.10776414505292,0.971082501611938,0.99194814753796,0.8483867140091008,Park_Reservoir,2010,sza_g4_z05,CO,3044.0376,14,0.9226716026431434,1.0036363636363634,-0.08096476099322003
701.04,593.8417211990553,-15.291321294212121,-107.19827880094465,2010-04-07,2010-04-08,1,2010-06-10,2010-06-11,1.0,41.76885617061072,0.9728509342854226,0.9925556691825341,0.852921707626383,Park_Reservoir,2010,jennings_sza_g4_z05,CO,3044.0376,14,0.9227223473466633,1.0036363636363634,-0.08091401628970019
477.52,370.01826949246015,-22.51250848289911,-107.50173050753983,2005-04-06,2005-04-07,1,2005-05-26,2005-05-15,-11.0,88.21034874292145,0.75288402600736,0.9066701653403566,0.5603760749080118,Lizard_Head_Pass,2005,baseline,CO,3106.8264000000004,14,0.7123782483286257,0.9690721649484533,-0.25669391661982754
477.52,450.35311798840263,-5.689161084686998,-27.16688201159735,2005-04-06,2005-04-07,1,2005-05-26,2005-06-11,16.0,38.71580297840514,0.9523965658855402,0.9573232262254535,0.9073116692100839,Lizard_Head_Pass,2005,fracsno,CO,3106.8264000000004,14,0.8670430402314244,0.9690721649484533,-0.10202912471702885
477.52,453.36020288371,-5.059431461779614,-24.159797116290008,2005-04-06,2005-04-07,1,2005-05-26,2005-06-11,16.0,37.68770006231305,0.9548912272654742,0.958612837257758,0.9165951957291193,Lizard_Head_Pass,2005,fracsno_jennings,CO,3106.8264000000004,14,0.8728324350989612,0.9690721649484533,-0.09623972984949203
477.52,448.58466656188085,-6.059501892720542,-28.93533343811913,2005-04-06,2005-04-07,1,2005-05-26,2005-05-31,5.0,28.71497794280808,0.9738134240410159,0.9854294353083379,0.8831450938744224,Lizard_Head_Pass,2005,sza_g4_z02,CO,3106.8264000000004,14,0.863638326374436,0.9690721649484533,-0.10543383857401722
477.52,446.73426725263863,-6.44700384221841,-30.78573274736135,2005-04-06,2005-04-07,1,2005-05-26,2005-05-23,-3.0,35.196041523683846,0.9606586386036129,0.9798473139180407,0.8490584901158982,Lizard_Head_Pass,2005,sza_g4_z05,CO,3106.8264000000004,14,0.8600758422288975,0.9690721649484533,-0.10899632271955573
477.52,447.77050488979324,-6.2299998136636665,-29.749495110206738,2005-04-06,2005-04-07,1,2005-05-26,2005-05-24,-2.0,32.05236763306767,0.967372637179888,0.9842261286343107,0.8596011579656162,Lizard_Head_Pass,2005,jennings_sza_g4_z05,CO,3106.8264000000004,14,0.8620708603500864,0.9690721649484533,-0.10700130459836688
335.28,227.0340352587008,-32.285243599767114,-108.24596474129916,1990-05-02,1990-04-13,-19,1990-05-29,1990-05-21,-8.0,60.42940743481696,0.7342343859603897,0.8841497291439004,0.5361901921377835,Copper_Mountain,1990,baseline,CO,3207.4104,14,0.7220065217458115,0.7333333333333331,-0.011326811587521579
335.28,321.35091589953413,-4.154463165254666,-13.929084100465843,1990-05-02,1990-05-06,4,1990-05-29,1990-06-21,23.0,49.87834150328287,0.8189384946447816,0.825749282915735,0.8594658726257969,Copper_Mountain,1990,fracsno,CO,3207.4104,14,0.8377956439035047,0.7333333333333331,0.10446231057017163
335.28,320.96218060102217,-4.2704066448872,-14.317819398977804,1990-05-02,1990-05-06,4,1990-05-29,1990-06-19,21.0,49.193446241803116,0.8238767811108982,0.8305047649484725,0.8638977944777937,Copper_Mountain,1990,fracsno_jennings,CO,3207.4104,14,0.8367821700852858,0.7333333333333331,0.10344883675195271
335.28,303.6978760016441,-9.419626580277942,-31.582123998355883,1990-05-02,1990-05-06,4,1990-05-29,1990-06-10,12.0,37.210924564469885,0.8992272663447499,0.9025766158525609,0.8819713452310515,Copper_Mountain,1990,sza_g4_z02,CO,3207.4104,14,0.791772311787872,0.7333333333333331,0.05843897845453894
335.28,278.0998218559486,-17.054455423541924,-57.180178144051354,1990-05-02,1990-05-05,3,1990-05-29,1990-06-01,3.0,26.85429505387215,0.9475156732498247,0.9817138131893915,0.7977778774611853,Copper_Mountain,1990,sza_g4_z05,CO,3207.4104,14,0.7252578071639301,0.7333333333333331,-0.008075526169402991
335.28,276.23772399785156,-17.609841327293132,-59.04227600214841,1990-05-02,1990-05-05,3,1990-05-29,1990-06-01,3.0,27.089865680450078,0.9465908309269699,0.9851678571476576,0.7871488156548364,Copper_Mountain,1990,jennings_sza_g4_z05,CO,3207.4104,14,0.7204016335774986,0.7333333333333331,-0.012931699755834414
812.8,665.6503630541504,-18.10403997857401,-147.14963694584958,2023-04-26,2023-04-27,1,2023-06-25,2023-06-16,-9.0,88.82583424653525,0.9053399630469644,0.9755962849166557,0.727035943683632,Lakefork_Basin,2023,baseline,UT,3317.748,14,0.8922370056613598,1.1072664359861586,-0.21502943032479882
812.8,703.9480645547209,-13.392216467184928,-108.85193544527908,2023-04-26,2023-05-08,12,2023-06-25,2023-07-24,29.0,72.58605343181516,0.9367887399359307,0.962405729673533,0.8214976176860938,Lakefork_Basin,2023,fracsno,UT,3317.748,14,0.9174868973266487,1.1072664359861586,-0.18977953865950992
812.8,703.2817312857137,-13.474196446147424,-109.51826871428625,2023-04-26,2023-05-08,12,2023-06-25,2023-07-19,24.0,71.38347214955111,0.9388659149649725,0.9633330001138473,0.8258010686654016,Lakefork_Basin,2023,fracsno_jennings,UT,3317.748,14,0.9166184354693756,1.1072664359861586,-0.190648000516783
812.8,703.1071642255052,-13.495673692728188,-109.69283577449471,2023-04-26,2023-05-08,12,2023-06-25,2023-07-01,6.0,57.603959096236075,0.9601899478740649,0.9918666024038134,0.8188339198018458,Lakefork_Basin,2023,sza_g4_z02,UT,3317.748,14,0.9163909144369151,1.1072664359861586,-0.19087552154924348
812.8,701.9019596403194,-13.643951815905577,-110.89804035968052,2023-04-26,2023-05-08,12,2023-06-25,2023-06-20,-5.0,62.607035947196685,0.9529743977884005,0.9884193839742368,0.8076673261939793,Lakefork_Basin,2023,sza_g4_z05,UT,3317.748,14,0.9148201175682492,1.1072664359861586,-0.19244631841790938
812.8,697.8825698558821,-14.138463354345204,-114.91743014411782,2023-04-26,2023-05-08,12,2023-06-25,2023-06-20,-5.0,64.3416995327339,0.95033240443545,0.9871032447755765,0.8037367721433343,Lakefork_Basin,2023,jennings_sza_g4_z05,UT,3317.748,14,0.909581467661878,1.1072664359861586,-0.19768496832428062
566.42,371.6385143864987,-34.388172312683395,-194.78148561350127,2015-05-24,2015-04-29,-25,2015-06-20,2015-06-08,-12.0,103.04114411286803,0.686390344232603,0.8505146111010855,0.5418587686710097,Hoosier_Pass,2015,baseline,CO,3539.0328,14,0.7421130037474555,0.7824561403508767,-0.04034313660342126
566.42,433.3571914871141,-23.491897975510373,-133.06280851288585,2015-05-24,2015-05-01,-23,2015-06-20,2015-07-06,16.0,52.60226073775724,0.9182708653484928,0.9534853210769602,0.7918316322483899,Hoosier_Pass,2015,fracsno,CO,3539.0328,14,0.8649467294010075,0.7824561403508767,0.08249058905013074
566.42,437.84519050450393,-22.699553245912227,-128.57480949549603,2015-05-24,2015-05-20,-4,2015-06-20,2015-07-06,16.0,51.59683668419826,0.9213652999555692,0.9555031188534545,0.7956590249084214,Hoosier_Pass,2015,fracsno_jennings,CO,3539.0328,14,0.7029377313089556,0.7824561403508767,-0.07951840904192109
566.42,430.6490471140847,-23.97001392710626,-135.77095288591528,2015-05-24,2015-05-01,-23,2015-06-20,2015-06-23,3.0,50.83680773462401,0.9236648392793507,0.9813826536691729,0.7539215281038748,Hoosier_Pass,2015,sza_g4_z02,CO,3539.0328,14,0.8595414871107865,0.7824561403508767,0.07708534675990975
566.42,425.0774469748082,-24.953665658908896,-141.34255302519176,2015-05-24,2015-05-01,-23,2015-06-20,2015-06-15,-5.0,68.77242296282319,0.860299895060155,0.9427629145882753,0.6940957782195651,Hoosier_Pass,2015,sza_g4_z05,CO,3539.0328,14,0.848421013255351,0.7824561403508767,0.06596487290447428
566.42,424.76354172508326,-25.009084826615712,-141.6564582749167,2015-05-24,2015-05-01,-23,2015-06-20,2015-06-15,-5.0,67.16061687525209,0.8667714091652237,0.9483503713879511,0.6976509257701874,Hoosier_Pass,2015,jennings_sza_g4_z05,CO,3539.0328,14,0.8477944831678736,0.7824561403508767,0.06533834281699691
35.559999999999995,4.052355957255354,-88.60417334855075,-31.50764404274464,2015-01-02,2015-03-01,58,2015-03-06,2015-03-01,-5.0,5.698167688510727,-0.0621873282504708,0.021624640178664018,-0.6118140717199843,Bar_M,2015,baseline,AZ,1949.8056,15,0.01541990261069412,0.24137931034482757,-0.22595940773413345
35.559999999999995,6.572651364658783,-81.51672844584145,-28.987348635341213,2015-01-02,2015-01-15,13,2015-03-06,2015-03-01,-5.0,5.617284449846266,-0.032246686196927055,0.03002002831917038,-0.4866746114188274,Bar_M,2015,fracsno,AZ,1949.8056,15,0.04520345829584599,0.24137931034482757,-0.19617585204898158
35.559999999999995,2.7782219124919902,-92.1872274676828,-32.781778087508,2015-01-02,2015-01-15,13,2015-03-06,2015-03-03,-3.0,5.632804440735432,-0.03795855311965157,0.09247344772833728,-0.5146717115509869,Bar_M,2015,fracsno_jennings,AZ,1949.8056,15,0.01910724171880017,0.24137931034482757,-0.22227206862602739
35.559999999999995,5.724137881706504,-83.90287434840691,-29.83586211829349,2015-01-02,2015-01-14,12,2015-03-06,2015-03-01,-5.0,5.6605748149815724,-0.04821829205477601,0.019215100238256094,-0.5480696792944495,Bar_M,2015,sza_g4_z02,AZ,1949.8056,15,0.03936780055103761,0.24137931034482757,-0.20201150979378996
35.559999999999995,5.017070185847198,-85.89125369559281,-30.542929814152796,2015-01-02,2015-01-14,12,2015-03-06,2015-03-01,-5.0,5.666716872129038,-0.05049428337563899,0.025202504993233097,-0.5688053173133583,Bar_M,2015,sza_g4_z05,AZ,1949.8056,15,0.03450493725146029,0.24137931034482757,-0.2068743730933673
35.559999999999995,1.695786219165271,-95.23119735892782,-33.864213780834724,2015-01-02,2015-03-03,60,2015-03-06,2015-03-03,-3.0,5.693132992051462,-0.06031113628321849,0.07354510088826374,-0.5657846900530523,Bar_M,2015,jennings_sza_g4_z05,AZ,1949.8056,15,0.005551826651474192,0.24137931034482757,-0.23582748369335338
170.18,52.91424146437034,-68.90689771749304,-117.26575853562966,1990-03-14,1990-03-14,0,1990-04-07,1990-03-20,-18.0,38.146055238253034,0.06364831936621573,0.35716761027949095,-0.20934873101356577,Mormon_Mountain,1990,baseline,AZ,2286.0,15,0.18551545217521656,0.5537190082644629,-0.36820355608924626
170.18,212.06811366159457,24.614004972143942,41.88811366159456,1990-03-14,1990-03-15,1,1990-04-07,1990-04-26,19.0,39.557898605532046,-0.006945936276531395,0.7206299550479273,-0.12201984802394517,Mormon_Mountain,1990,fracsno,AZ,2286.0,15,0.7435032783067806,0.5537190082644629,0.1897842700423178
170.18,211.821263767325,24.46895273670525,41.641263767325,1990-03-14,1990-03-15,1,1990-04-07,1990-04-28,21.0,41.29268163167868,-0.09720026342793897,0.6944644395820581,-0.16772538368918744,Mormon_Mountain,1990,fracsno_jennings,AZ,2286.0,15,0.7426378313403783,0.5537190082644629,0.18891882307591545
170.18,204.86604670947682,20.381975972192272,34.68604670947681,1990-03-14,1990-03-15,1,1990-04-07,1990-04-16,9.0,32.715879856696105,0.31125741389144834,0.7997025962890665,0.08610077426627649,Mormon_Mountain,1990,sza_g4_z02,AZ,2286.0,15,0.7182530872383145,0.5537190082644629,0.16453407897385164
170.18,202.9615749812957,19.262883406566992,32.781574981295705,1990-03-14,1990-03-14,0,1990-04-07,1990-04-10,3.0,26.973089550534603,0.531832657068741,0.8729261212832647,0.22689688436591493,Mormon_Mountain,1990,sza_g4_z05,AZ,2286.0,15,0.7115760769660169,0.5537190082644629,0.15785706870155403
170.18,202.84642320098155,19.195218710178363,32.66642320098154,1990-03-14,1990-03-14,0,1990-04-07,1990-04-11,4.0,28.129060276829243,0.49084480999579216,0.8561172069625604,0.20215419545559898,Mormon_Mountain,1990,jennings_sza_g4_z05,AZ,2286.0,15,0.7111723589120003,0.5537190082644629,0.1574533506475374
45.72,12.567010701113652,-72.51309995381966,-33.15298929888635,2021-01-26,2021-01-27,1,2021-02-05,2021-02-14,9.0,7.88948538001024,0.069949892973317,0.2810386952429176,-0.36548623233017974,Beaver_Head,2021,baseline,AZ,2461.5648,15,0.23324286296589136,0.6666666666666669,-0.4334238037007755
45.72,16.773541739756713,-63.3124633863589,-28.946458260243286,2021-01-26,2021-01-27,1,2021-02-05,2021-02-03,-2.0,5.537842655588851,0.5417629294125088,0.9399299465198724,0.10411721615639846,Beaver_Head,2021,fracsno,AZ,2461.5648,15,0.3113157926341255,0.6666666666666669,-0.35535087403254134
45.72,16.761212491899965,-63.339430245188176,-28.958787508100034,2021-01-26,2021-01-27,1,2021-02-05,2021-02-03,-2.0,5.54259163849682,0.5409766690452165,0.9403778789422782,0.10277881217398244,Beaver_Head,2021,fracsno_jennings,AZ,2461.5648,15,0.31108696263336255,0.6666666666666669,-0.3555797040333043
45.72,16.69999349791826,-63.473330057046674,-29.02000650208174,2021-01-26,2021-01-27,1,2021-02-05,2021-02-03,-2.0,5.694444650303446,0.5154799564211299,0.9463873494545811,0.05148844313672296,Beaver_Head,2021,sza_g4_z02,AZ,2461.5648,15,0.30995074227326375,0.6666666666666669,-0.3567159243934031
45.72,16.603647409434213,-63.68406078426463,-29.116352590565786,2021-01-26,2021-01-27,1,2021-02-05,2021-02-02,-3.0,6.177855463163542,0.42972480415168035,0.8763911245406771,-0.03111279350970686,Beaver_Head,2021,sza_g4_z05,AZ,2461.5648,15,0.3081625654308908,0.6666666666666669,-0.35850410123577603
45.72,16.58408845969021,-63.72684063934775,-29.135911540309788,2021-01-26,2021-01-27,1,2021-02-05,2021-02-02,-3.0,6.192530610895821,0.4270122730184944,0.8753346476145902,-0.03382557592799196,Beaver_Head,2021,jennings_sza_g4_z05,AZ,2461.5648,15,0.30779955265534725,0.6666666666666669,-0.3588671140113196
1193.8,1016.8127794668203,-14.82553363487851,-176.98722053317965,2023-04-06,2023-04-06,0,2023-05-23,2023-05-28,5.0,70.5123401143929,0.9648989881982697,0.9841692036202634,0.8442795534441686,Ben_Lomond_Trail,2023,baseline,UT,1820.2656,16,0.820302815421056,1.0352422907488983,-0.2149394753278423
1193.8,1076.6760836669343,-9.811016613592361,-117.12391633306561,2023-04-06,2023-04-06,0,2023-05-23,2023-06-11,19.0,76.21934271028523,0.9589871662181904,0.9636110019124461,0.9085632919236873,Ben_Lomond_Trail,2023,fracsno,UT,1820.2656,16,0.8685968946924731,1.0352422907488983,-0.16664539605642514
1193.8,1073.3245346298556,-10.091762889105741,-120.47546537014432,2023-04-06,2023-04-06,0,2023-05-23,2023-06-11,19.0,75.94513765221912,0.9592817291734341,0.9644055645573573,0.9060990065140565,Ben_Lomond_Trail,2023,fracsno_jennings,UT,1820.2656,16,0.8658930684162348,1.0352422907488983,-0.16934922233266347
1193.8,1075.6135210339978,-9.900023367901001,-118.18647896600214,2023-04-06,2023-04-06,0,2023-05-23,2023-06-05,13.0,70.86090348900727,0.9645511010755404,0.9687382429272201,0.9162005758499181,Ben_Lomond_Trail,2023,sza_g4_z02,UT,1820.2656,16,0.8677396836729421,1.0352422907488983,-0.1675026070759562
1193.8,1072.9227297910895,-10.125420523447012,-120.87727020891043,2023-04-06,2023-04-06,0,2023-05-23,2023-05-31,8.0,64.29972823663161,0.9708117770982368,0.9750524890830291,0.9206904167764058,Ben_Lomond_Trail,2023,sza_g4_z05,UT,1820.2656,16,0.8655689166676086,1.0352422907488983,-0.16967337408128969
1193.8,1068.8948457918325,-10.462820757929926,-124.90515420816746,2023-04-06,2023-04-06,0,2023-05-23,2023-05-31,8.0,63.35352707987329,0.9716644937587765,0.9768861578997983,0.9151798551318553,Ben_Lomond_Trail,2023,jennings_sza_g4_z05,UT,1820.2656,16,0.862319464407073,1.0352422907488983,-0.17292282634182532
665.4799999999999,561.41667073063,-15.63733384464896,-104.06332926936989,2023-04-08,2023-03-13,-26,2023-05-17,2023-05-09,-8.0,76.7789801110499,0.8825844112664358,0.9581404286663774,0.6709656101197086,Independence_Creek,2023,baseline,CA,1961.6928,16,0.6433706468640427,0.7528735632183904,-0.10950291635434772
665.4799999999999,633.9795491279605,-4.73349324878876,-31.500450872039437,2023-04-08,2023-03-13,-26,2023-05-17,2023-06-03,17.0,40.9462588914267,0.9666059157663465,0.9678235133676417,0.9462271352053759,Independence_Creek,2023,fracsno,CA,1961.6928,16,0.7265260436427873,0.7528735632183904,-0.026347519575603107
665.4799999999999,623.3839600451626,-6.3256656781326805,-42.09603995483735,2023-04-08,2023-03-13,-26,2023-05-17,2023-06-04,18.0,46.140488635349676,0.9575961332442976,0.9600190400170583,0.9276792731071789,Independence_Creek,2023,fracsno_jennings,CA,1961.6928,16,0.7143837412183976,0.7528735632183904,-0.038489821999992735
665.4799999999999,633.5829554221378,-4.793088384002835,-31.89704457786206,2023-04-08,2023-03-13,-26,2023-05-17,2023-05-24,7.0,29.949509151318733,0.9821342809421434,0.983684580388293,0.9514296169178542,Independence_Creek,2023,sza_g4_z02,CA,1961.6928,16,0.7260715563388652,0.7528735632183904,-0.026802006879525164
665.4799999999999,633.246830977048,-4.843596956024505,-32.23316902295187,2023-04-08,2023-03-13,-26,2023-05-17,2023-05-18,1.0,24.458204539487568,0.9880851047811937,0.9910382785394406,0.9370166713703915,Independence_Creek,2023,sza_g4_z05,CA,1961.6928,16,0.7256863654228513,0.7528735632183904,-0.02718719779553913
665.4799999999999,621.8336692122384,-6.558623968828739,-43.646330787761485,2023-04-08,2023-03-13,-26,2023-05-17,2023-05-18,1.0,29.97169618768835,0.9821078007630332,0.9897031330538072,0.9004943172817306,Independence_Creek,2023,jennings_sza_g4_z05,CA,1961.6928,16,0.7126071434292587,0.7528735632183904,-0.0402664197891317
1785.62,1592.9091321398507,-10.792378437749866,-192.71086786014916,2023-04-08,2023-04-04,-4,2023-06-14,2023-06-17,3.0,109.27779425312414,0.9706931834974782,0.991375127959166,0.8454176627035455,Ward_Creek_#3,2023,baseline,CA,2055.876,16,0.8174372752039083,0.8389021479713609,-0.02146487276745257
1785.62,1606.1198066608806,-10.052541601187222,-179.50019333911928,2023-04-08,2023-04-04,-4,2023-06-14,2023-07-01,17.0,105.51416928591493,0.9726771264205198,0.987173342394371,0.8703404491291561,Ward_Creek_#3,2023,fracsno,CA,2055.876,16,0.824216631016609,0.8389021479713609,-0.014685516954751843
1785.62,1494.6567482755866,-16.29480246213715,-290.96325172441334,2023-04-08,2023-04-04,-4,2023-06-14,2023-07-02,18.0,155.06197963654031,0.9409913807146901,0.9882406561453245,0.7678442586588188,Ward_Creek_#3,2023,fracsno_jennings,CA,2055.876,16,0.7670168467389146,0.8389021479713609,-0.0718853012324463
1785.62,1605.8799084230334,-10.065976611875232,-179.7400915769665,2023-04-08,2023-04-04,-4,2023-06-14,2023-06-23,9.0,102.59809279588086,0.9741664922509401,0.9894101807014948,0.8673500554778084,Ward_Creek_#3,2023,sza_g4_z02,CA,2055.876,16,0.8240935218210401,0.8389021479713609,-0.014808626150320747
1785.62,1604.8188109328385,-10.125401208944872,-180.80118906716143,2023-04-08,2023-04-04,-4,2023-06-14,2023-06-18,4.0,101.11828515050355,0.9749063292000263,0.9913607063051326,0.862377919360215,Ward_Creek_#3,2023,sza_g4_z05,CA,2055.876,16,0.8235489956935859,0.8389021479713609,-0.015353152277775006
1785.62,1495.0437590393851,-16.273128714990577,-290.57624096061477,2023-04-08,2023-04-04,-4,2023-06-14,2023-06-16,2.0,155.21757885702684,0.9408728951653926,0.99179652686837,0.7582766855205372,Ward_Creek_#3,2023,jennings_sza_g4_z05,CA,2055.876,16,0.7672154500476979,0.8389021479713609,-0.071686697923663
596.9,545.0664148681196,-8.683797140539511,-51.83358513188034,2023-04-05,2023-04-06,1,2023-05-17,2023-05-15,-2.0,37.37976373269013,0.9628825555688457,0.990003881146304,0.8129482174958094,Kilfoil_Creek,2023,baseline,UT,2200.656,16,0.8161156677578758,0.8274647887323944,-0.011349120974518567
596.9,588.4368801717349,-1.417845506494408,-8.463119828265121,2023-04-05,2023-04-06,1,2023-05-17,2023-05-31,14.0,27.66818560105215,0.979663962987495,0.980041776855145,0.9755168884219665,Kilfoil_Creek,2023,fracsno,UT,2200.656,16,0.8810532887279621,0.8274647887323944,0.053588499995567695
596.9,593.1318471837493,-0.6312871194924906,-3.7681528162506766,2023-04-05,2023-04-06,1,2023-05-17,2023-05-31,14.0,27.299498374932963,0.9802023201464612,0.9814093899883843,0.9619165694553035,Kilfoil_Creek,2023,fracsno_jennings,UT,2200.656,16,0.8880829571015646,0.8274647887323944,0.06061816836917022
596.9,581.5353346796729,-2.574076950967842,-15.364665320327049,2023-04-05,2023-04-06,1,2023-05-17,2023-05-24,7.0,19.265933827413814,0.99013981435964,0.9904995038366968,0.9754294540382322,Kilfoil_Creek,2023,sza_g4_z02,UT,2200.656,16,0.8707197600896616,0.8274647887323944,0.04325497135726719
596.9,580.0970435861148,-2.815037093966364,-16.802956413885227,2023-04-05,2023-04-06,1,2023-05-17,2023-05-19,2.0,13.36896194456913,0.9952521134049768,0.9967758628018715,0.9548253954522781,Kilfoil_Creek,2023,sza_g4_z05,UT,2200.656,16,0.8685662392264591,0.8274647887323944,0.04110145049406477
596.9,581.8787271677271,-2.5165476348254097,-15.02127283227287,2023-04-05,2023-04-06,1,2023-05-17,2023-05-19,2.0,12.335914833082573,0.9959575217889176,0.9969555496328365,0.963092566787996,Kilfoil_Creek,2023,jennings_sza_g4_z05,UT,2200.656,16,0.8712339139286194,0.8274647887323944,0.043769125196225
523.24,324.6492085656375,-37.954053863306044,-198.59079143436253,2024-04-01,2024-03-08,-24,2024-05-16,2024-04-16,-30.0,125.5577364635339,0.49789670427817667,0.7720787874176986,0.3111490390912164,Temple_Fork,2024,baseline,UT,2257.3488,16,0.6515549238430436,0.9537037037037037,-0.30214877986066013
523.24,402.9869372454421,-22.98239101646623,-120.2530627545579,2024-04-01,2024-03-14,-18,2024-05-16,2024-05-23,7.0,58.359337944221224,0.8915257066969696,0.9632759804330889,0.6939729856374974,Temple_Fork,2024,fracsno,UT,2257.3488,16,0.7996316313903042,0.9537037037037037,-0.15407207231339948
523.24,400.4688078358204,-23.46364807051823,-122.77119216417958,2024-04-01,2024-03-14,-18,2024-05-16,2024-05-23,7.0,58.90736419735645,0.88947887472462,0.9638540550087418,0.6891365083970961,Temple_Fork,2024,fracsno_jennings,UT,2257.3488,16,0.7946350031084269,0.9537037037037037,-0.15906870059527678
523.24,399.71859653851976,-23.60702611831669,-123.52140346148025,2024-04-01,2024-03-14,-18,2024-05-16,2024-05-14,-2.0,61.907904515505365,0.8779329849383578,0.9713972251584184,0.6511920483801206,Temple_Fork,2024,sza_g4_z02,UT,2257.3488,16,0.7931463874037878,0.9537037037037037,-0.16055731629991588
523.24,394.4473235700919,-24.614455399034497,-128.7926764299081,2024-04-01,2024-03-14,-18,2024-05-16,2024-05-01,-15.0,73.58220607369135,0.8275545558360999,0.9382855554232793,0.6018148265434816,Temple_Fork,2024,sza_g4_z05,UT,2257.3488,16,0.7826868012145701,0.9537037037037037,-0.1710169024891336
523.24,393.80086014731745,-24.738005476011494,-129.43913985268256,2024-04-01,2024-03-14,-18,2024-05-16,2024-05-01,-15.0,74.1082422261714,0.8250801318438816,0.935324059195108,0.6017992727132542,Temple_Fork,2024,jennings_sza_g4_z05,UT,2257.3488,16,0.7814040484660053,0.9537037037037037,-0.1722996552376984
317.5,231.47788927932694,-27.09357817973955,-86.02211072067306,2015-03-05,2015-03-04,-1,2015-04-29,2015-03-30,-30.0,75.86595011958016,0.6057497748458411,0.72707601992856,0.4868497742814868,Garden_City_Summit,2015,baseline,UT,2348.484,16,0.8216288114079142,1.0504201680672265,-0.22879135665931227
317.5,261.4612686956477,-17.649994111607032,-56.038731304352325,2015-03-05,2015-03-26,21,2015-04-29,2015-05-29,30.0,53.24783441149735,0.8057853228752745,0.8064274543369102,0.8418839286769572,Garden_City_Summit,2015,fracsno,UT,2348.484,16,0.8673412612161103,1.0504201680672265,-0.18307890685111616
317.5,261.98576376233876,-17.484798815011413,-55.51423623766124,2015-03-05,2015-03-28,23,2015-04-29,2015-05-28,29.0,54.26479565919949,0.7982960089017346,0.7987562880372355,0.8399819269614919,Garden_City_Summit,2015,fracsno_jennings,UT,2348.484,16,0.8690811602646957,1.0504201680672265,-0.18133900780253076
317.5,259.7462023944858,-18.1901724741777,-57.753797605514194,2015-03-05,2015-03-26,21,2015-04-29,2015-05-11,12.0,38.39464362798874,0.899023705485037,0.9076047048253815,0.8522219749299837,Garden_City_Summit,2015,sza_g4_z02,UT,2348.484,16,0.8616518993609495,1.0504201680672265,-0.18876826870627694
317.5,256.3588588413465,-19.257052333434178,-61.14114115865351,2015-03-05,2015-03-11,6,2015-04-29,2015-04-30,1.0,26.238975592620747,0.9528402060591022,0.9869382671085791,0.7931099697485856,Garden_City_Summit,2015,sza_g4_z05,UT,2348.484,16,0.9099436025595213,1.0504201680672265,-0.14047656550770515
317.5,255.0266652124352,-19.676640877973163,-62.473334787564795,2015-03-05,2015-03-11,6,2015-04-29,2015-05-02,3.0,27.562488170435017,0.9479626719829943,0.978140069397879,0.8019245744248338,Garden_City_Summit,2015,jennings_sza_g4_z05,UT,2348.484,16,0.9052149925341951,1.0504201680672265,-0.14520517553303136
604.52,309.5922749715782,-48.787091416069245,-294.9277250284218,2005-04-01,2005-02-26,-34,2005-05-24,2005-04-23,-31.0,179.00764200542358,0.29496476055488796,0.7247356107873657,0.21938660373096364,Horse_Ridge,2005,baseline,UT,2499.0552,16,0.5802296792509596,0.9444444444444445,-0.36421476519348495
604.52,421.993132180896,-30.193685538791765,-182.52686781910398,2005-04-01,2005-02-28,-32,2005-05-24,2005-05-27,3.0,81.92545482798262,0.8523255359612267,0.9687732949211681,0.6379245651410024,Horse_Ridge,2005,fracsno,UT,2499.0552,16,0.7908884023475959,0.9444444444444445,-0.1535560420968486
604.52,416.0296151712828,-31.18017349776967,-188.4903848287172,2005-04-01,2005-02-28,-32,2005-05-24,2005-05-28,4.0,85.1672893098304,0.8404071866522614,0.9685317232213587,0.6207026741182695,Horse_Ridge,2005,fracsno_jennings,UT,2499.0552,16,0.7797117359982395,0.9444444444444445,-0.16473270844620502
604.52,419.135839587529,-30.66634030511331,-185.38416041247098,2005-04-01,2005-03-02,-30,2005-05-24,2005-05-20,-4.0,89.29999016651557,0.8245430792912275,0.9531021028795441,0.613639957190673,Horse_Ridge,2005,sza_g4_z02,UT,2499.0552,16,0.7855333399025537,0.9444444444444445,-0.15891110454189084
604.52,416.7035118302793,-31.06869717622588,-187.81648816972069,2005-04-01,2005-02-28,-32,2005-05-24,2005-05-11,-13.0,102.37466703995806,0.7694035136290553,0.9074719496374078,0.5826139823732173,Horse_Ridge,2005,sza_g4_z05,UT,2499.0552,16,0.7809747353490267,0.9444444444444445,-0.1634697090954178
604.52,412.7203634185716,-31.72759157371607,-191.7996365814284,2005-04-01,2005-03-02,-30,2005-05-24,2005-05-12,-12.0,104.64580339977134,0.7590586639960445,0.9083218426355444,0.5676997230568135,Horse_Ridge,2005,jennings_sza_g4_z05,UT,2499.0552,16,0.7735096236128043,0.9444444444444445,-0.17093482083164024
952.5,836.4638347907886,-12.182274562646866,-116.03616520921139,2010-04-29,2010-04-14,-15,2010-06-15,2010-06-20,5.0,71.29710296287546,0.9609293924574063,0.9920726404555078,0.81235666783365,Ebbetts_Pass,2010,baseline,CA,2639.8728,16,0.7642828471692075,0.7500000000000001,0.014282847169207358
952.5,913.9896357949715,-4.043082856170972,-38.51036420502851,2010-04-29,2010-04-30,1,2010-06-15,2010-07-14,29.0,85.74793882948528,0.9434862954729282,0.9456269354690428,0.9233720776347316,Ebbetts_Pass,2010,fracsno,CA,2639.8728,16,0.7700844323025955,0.7500000000000001,0.02008443230259538
952.5,919.5975748192274,-3.454322853624424,-32.90242518077264,2010-04-29,2010-04-30,1,2010-06-15,2010-07-13,28.0,85.55946977499731,0.9437344502243193,0.9457043284225332,0.9254248814488946,Ebbetts_Pass,2010,fracsno_jennings,CA,2639.8728,16,0.7748094164498451,0.7500000000000001,0.024809416449845023
952.5,911.5827717910184,-4.2957719904442575,-40.917228208981555,2010-04-29,2010-04-30,1,2010-06-15,2010-07-02,17.0,72.08894471799243,0.9600567191532088,0.9617426072198217,0.9366407520453206,Ebbetts_Pass,2010,sza_g4_z02,CA,2639.8728,16,0.7680565225457178,0.7500000000000001,0.018056522545717657
952.5,904.5710222804549,-5.031913671343313,-47.92897771954506,2010-04-29,2010-04-23,-6,2010-06-15,2010-06-24,9.0,53.06228402159966,0.9783589525381786,0.9819459751442664,0.9302086548255672,Ebbetts_Pass,2010,sza_g4_z05,CA,2639.8728,16,0.7949856414283338,0.7500000000000001,0.04498564142833372
952.5,903.848614621561,-5.1077569951117106,-48.651385378439045,2010-04-29,2010-04-30,1,2010-06-15,2010-06-25,10.0,54.29807710800677,0.9773391968825225,0.980798532438079,0.9306954834580579,Ebbetts_Pass,2010,jennings_sza_g4_z05,CA,2639.8728,16,0.7615400875666709,0.7500000000000001,0.011540087566670798
149.86,25.540418784603904,-82.95714748124657,-124.31958121539611,2015-03-07,2014-11-26,-101,2015-03-31,2015-03-01,-30.0,56.546340967073,-0.3898827077371949,0.0371201540947493,-0.545144540575262,Bear_River_RS,2015,baseline,UT,2675.2296,16,0.377656710542203,0.8550724637681156,-0.4774157532259126
149.86,94.20300071966346,-37.1393295611481,-55.65699928033655,2015-03-07,2015-03-15,8,2015-03-31,2015-04-26,26.0,25.866810689787656,0.7091594844827329,0.7344812369749693,0.6631609635315239,Bear_River_RS,2015,fracsno,UT,2675.2296,16,0.5341205447836935,0.8550724637681156,-0.3209519189844221
149.86,81.97863140570051,-45.29652248385126,-67.8813685942995,2015-03-07,2015-03-15,8,2015-03-31,2015-04-21,21.0,26.160799675272195,0.7025108252379446,0.8091594685807234,0.5295283692387615,Bear_River_RS,2015,fracsno_jennings,UT,2675.2296,16,0.46480972933481723,0.8550724637681156,-0.3902627344332984
149.86,85.47184193765185,-42.96553987878564,-64.38815806234817,2015-03-07,2015-03-04,-3,2015-03-31,2015-04-07,7.0,23.18457985880491,0.7663490254010012,0.9008550678285187,0.5297225822208479,Bear_River_RS,2015,sza_g4_z02,UT,2675.2296,16,0.49105597578315935,0.8550724637681156,-0.3640164879849563
149.86,81.36964041043412,-45.70289576242219,-68.4903595895659,2015-03-07,2015-03-04,-3,2015-03-31,2015-03-29,-2.0,24.38224945977078,0.7415856200629551,0.9275123038260299,0.4615376675258481,Bear_River_RS,2015,sza_g4_z05,UT,2675.2296,16,0.4674878564102728,0.8550724637681156,-0.38758460735784284
149.86,74.74208505284426,-50.12539366552499,-75.11791494715575,2015-03-07,2015-02-03,-32,2015-03-31,2015-03-26,-5.0,29.156774717886183,0.6304713639834093,0.8826397376626208,0.3506054079758759,Bear_River_RS,2015,jennings_sza_g4_z05,UT,2675.2296,16,0.587342229479824,0.8550724637681156,-0.2677302342882917
436.87999999999994,255.97230160274285,-41.40901355000392,-180.9076983972571,2005-04-06,2005-04-01,-5,2005-05-22,2005-04-30,-22.0,103.20279882539087,0.48917643829586765,0.8469500585149387,0.318017052709465,Lily_Lake,2005,baseline,UT,2783.7384,16,0.5411508478107542,0.9608938547486027,-0.4197430069378485
436.87999999999994,387.7766100118776,-11.239560059540912,-49.10338998812233,2005-04-06,2005-04-02,-4,2005-05-22,2005-06-01,10.0,24.81669057612262,0.9704623662156895,0.9738242311547709,0.930216749124951,Lily_Lake,2005,fracsno,UT,2783.7384,16,0.8192487361552291,0.9608938547486027,-0.1416451185933736
436.87999999999994,373.13342008503804,-14.591324829463906,-63.7465799149619,2005-04-06,2005-04-02,-4,2005-05-22,2005-06-01,10.0,23.814129120249614,0.9728007218570534,0.9770109844040602,0.9226832020686759,Lily_Lake,2005,fracsno_jennings,UT,2783.7384,16,0.7883123296492337,0.9608938547486027,-0.17258152509936897
436.87999999999994,383.7747141960449,-12.15557723035045,-53.10528580395504,2005-04-06,2005-04-02,-4,2005-05-22,2005-05-22,0.0,20.31047182480957,0.9802153671642632,0.9819904633882829,0.9480318771068504,Lily_Lake,2005,sza_g4_z02,UT,2783.7384,16,0.8107940021545232,0.9608938547486027,-0.15009985259407943
436.87999999999994,375.2370318852754,-14.109816909614658,-61.64296811472451,2005-04-06,2005-04-02,-4,2005-05-22,2005-05-16,-6.0,32.06233163762281,0.9506964519166892,0.9561931317622199,0.903804479814662,Lily_Lake,2005,sza_g4_z05,UT,2783.7384,16,0.792756592826048,0.9608938547486027,-0.16813726192255463
436.87999999999994,360.8295444879007,-17.407630358931343,-76.05045551209923,2005-04-06,2005-04-02,-4,2005-05-22,2005-05-16,-6.0,35.81136904062091,0.9384922531503718,0.9581531872983874,0.8376790876964327,Lily_Lake,2005,jennings_sza_g4_z05,UT,2783.7384,16,0.7623181508552699,0.9608938547486027,-0.1985757038933328
627.38,441.99662887898234,-29.548817482389882,-185.38337112101766,2010-04-29,2010-04-13,-16,2010-06-11,2010-06-04,-7.0,111.73556643142942,0.7674910871067718,0.9411308214289086,0.532877080431835,Summit_Meadow,2010,baseline,CA,2838.6024,16,0.7492883247236772,1.016460905349794,-0.2671725806261167
627.38,487.05316325345797,-22.367119886917344,-140.32683674654203,2010-04-29,2010-04-23,-6,2010-06-11,2010-07-01,20.0,78.17181244302283,0.8861961123002712,0.9572636550318597,0.7033235029599472,Summit_Meadow,2010,fracsno,CA,2838.6024,16,0.8022623107541434,1.016460905349794,-0.2141985945956505
627.38,486.6058731211934,-22.438414816985976,-140.7741268788066,2010-04-29,2010-04-23,-6,2010-06-11,2010-07-01,20.0,78.30380989448429,0.8858114594371819,0.9563909871522455,0.7036314351950439,Summit_Meadow,2010,fracsno_jennings,CA,2838.6024,16,0.8015255451561314,1.016460905349794,-0.21493536019366255
627.38,482.3232892710666,-23.121028838811153,-145.0567107289334,2010-04-29,2010-04-13,-16,2010-06-11,2010-06-15,4.0,75.60429162899534,0.8935490275873939,0.9908960285975511,0.6664803533840856,Summit_Meadow,2010,sza_g4_z02,CA,2838.6024,16,0.8176515063242288,1.016460905349794,-0.19880939902556516
627.38,473.94834218035703,-24.455937042883573,-153.43165781964296,2010-04-29,2010-04-13,-16,2010-06-11,2010-06-07,-4.0,89.62828495560873,0.8503947245145096,0.9755833329751689,0.6138630471190141,Summit_Meadow,2010,sza_g4_z05,CA,2838.6024,16,0.8034539996799749,1.016460905349794,-0.21300690566981906
627.38,473.6469338595946,-24.503979428799997,-153.7330661404054,2010-04-29,2010-04-13,-16,2010-06-11,2010-06-07,-4.0,88.65062821666837,0.8536406841262844,0.9784425662094292,0.6155099703759115,Summit_Meadow,2010,jennings_sza_g4_z05,CA,2838.6024,16,0.8029430416296959,1.016460905349794,-0.21351786372009807
266.7,164.46186834825014,-38.3345075559617,-102.23813165174985,2015-03-04,2015-03-04,0,2015-04-23,2015-04-01,-22.0,59.3986635366732,0.5128284734956994,0.8504414994891335,0.25026068767550813,Clayton_Springs,2015,baseline,UT,3062.9352000000003,16,0.6796172672936087,1.0499999999999998,-0.3703827327063911
266.7,238.14969708194812,-10.705025466086191,-28.55030291805187,2015-03-04,2015-04-26,53,2015-04-23,2015-06-19,57.0,82.94829398552689,0.04995655286555145,0.340472724453262,0.4618530096955299,Clayton_Springs,2015,fracsno,UT,3062.9352000000003,16,0.8091054182155476,1.0499999999999998,-0.24089458178445222
266.7,247.4613438420109,-7.213594359950913,-19.238656157989084,2015-03-04,2015-05-24,81,2015-04-23,2015-06-21,59.0,86.87936301764975,-0.042225768120371265,0.3198979265234366,0.40544727525029645,Clayton_Springs,2015,fracsno_jennings,UT,3062.9352000000003,16,0.6511720244471239,1.0499999999999998,-0.39882797555287597
266.7,227.01679958460997,-14.879340238241479,-39.68320041539002,2015-03-04,2015-04-26,53,2015-04-23,2015-05-31,38.0,67.47339317106939,0.3713720998636595,0.45453465398237686,0.6656613251647845,Clayton_Springs,2015,sza_g4_z02,UT,3062.9352000000003,16,0.7712817812514619,1.0499999999999998,-0.27871821874853797
266.7,206.23016672462734,-22.673353309101106,-60.46983327537265,2015-03-04,2015-03-05,1,2015-04-23,2015-05-12,19.0,55.458859961779396,0.5753115734986574,0.598153439933109,0.7050358520756991,Clayton_Springs,2015,sza_g4_z05,UT,3062.9352000000003,16,0.8522193244583057,1.0499999999999998,-0.1977806755416941
266.7,222.76115419751147,-16.4750077999582,-43.938845802488515,2015-03-04,2015-03-05,1,2015-04-23,2015-05-16,23.0,54.87676895285605,0.5841797681351479,0.6117200288855116,0.7752190830538144,Clayton_Springs,2015,jennings_sza_g4_z05,UT,3062.9352000000003,16,0.9205314787881878,1.0499999999999998,-0.12946852121181207
0.0,2.9621991370215413,,2.9621991370215413,2014-10-01,2014-11-13,43,2015-02-01,2015-02-01,0.0,0.21721779054888024,,,,Miller_Woods,2015,baseline,OR,128.01600000000002,17,0.010286564479614846,,
0.0,7.51997078642117,,7.51997078642117,2014-10-01,2014-11-14,44,2015-02-01,2015-02-01,0.0,0.4934420461174994,,,,Miller_Woods,2015,fracsno,OR,128.01600000000002,17,0.026081215146920054,,
0.0,5.838581047136485,,5.838581047136485,2014-10-01,2014-11-14,44,2015-02-01,2015-02-01,0.0,0.3769699896263514,,,,Miller_Woods,2015,fracsno_jennings,OR,128.01600000000002,17,0.020249718086413838,,
0.0,7.458347189049043,,7.458347189049043,2014-10-01,2014-11-14,44,2015-02-01,2015-02-01,0.0,0.48210580614288595,,,,Miller_Woods,2015,sza_g4_z02,OR,128.01600000000002,17,0.02586748847871387,,
0.0,7.366770539023875,,7.366770539023875,2014-10-01,2014-11-14,44,2015-02-01,2015-02-01,0.0,0.46994329505956595,,,,Miller_Woods,2015,sza_g4_z05,OR,128.01600000000002,17,0.0255498768310658,,
0.0,5.622396287004693,,5.622396287004693,2014-10-01,2014-11-14,44,2015-02-01,2015-02-01,0.0,0.3583949608145807,,,,Miller_Woods,2015,jennings_sza_g4_z05,OR,128.01600000000002,17,0.019499933093809374,,
71.11999999999999,119.76463647668085,68.39797029904508,48.64463647668086,2020-01-17,2020-01-18,1,2020-02-01,2020-03-31,59.0,6.651886562969307,0.5438918842294845,0.955835610565598,0.21827840403304055,Railroad_Overpass,2020,baseline,OR,816.864,17,0.23659606285390367,0.16666666666666663,0.06992939618723704
71.11999999999999,136.58260226366818,92.04527877343672,65.46260226366819,2020-01-17,2020-01-19,2,2020-02-01,2020-04-04,63.0,10.379231682324265,-0.11047438077825555,0.9543000358334129,-0.6418960789882728,Railroad_Overpass,2020,fracsno,OR,816.864,17,0.26971912411271576,0.16666666666666663,0.10305245744604913
71.11999999999999,121.62169192530445,71.00912812894329,50.501691925304456,2020-01-17,2020-01-19,2,2020-02-01,2020-04-02,61.0,7.68950413434285,0.3904984693196373,0.9682082626948653,-0.1534313479396474,Railroad_Overpass,2020,fracsno_jennings,OR,816.864,17,0.24017477830648756,0.16666666666666663,0.07350811163982093
71.11999999999999,136.63053859135326,92.11268080898942,65.51053859135327,2020-01-17,2020-01-19,2,2020-02-01,2020-04-01,60.0,10.285231373726742,-0.09045127067211789,0.9589308868649719,-0.5859081919379718,Railroad_Overpass,2020,sza_g4_z02,OR,816.864,17,0.2698137872989643,0.16666666666666663,0.1031471206322977
71.11999999999999,136.35412681205352,91.7240253262845,65.23412681205353,2020-01-17,2020-01-19,2,2020-02-01,2020-03-31,59.0,10.196986150311304,-0.07181983539570402,0.9604683235900547,-0.5589859878591692,Railroad_Overpass,2020,sza_g4_z05,OR,816.864,17,0.26926793781468494,0.16666666666666663,0.10260127114801831
71.11999999999999,121.4673616413475,70.79212829210843,50.347361641347504,2020-01-17,2020-01-19,2,2020-02-01,2020-02-05,4.0,7.608468632488361,0.40327718891863784,0.9699732799475344,-0.11700239063566875,Railroad_Overpass,2020,jennings_sza_g4_z05,OR,816.864,17,0.23987001160616817,0.16666666666666663,0.07320334493950154
767.0799999999999,603.6780470885201,-21.301813749736645,-163.40195291147984,2022-04-20,2022-03-01,-50,2022-06-15,2022-05-02,-44.0,220.25631735669592,0.37715237642796673,0.5241507775622107,0.45173567950330407,Meadows_Pass,2022,baseline,WA,984.504,17,0.3176214143713238,0.33444075304540455,-0.016819338674080753
767.0799999999999,642.1987283740385,-16.280084427434087,-124.8812716259614,2022-04-20,2022-03-01,-50,2022-06-15,2022-05-19,-27.0,176.1590697878648,0.6015855501697587,0.6816984328315715,0.6068162928525832,Meadows_Pass,2022,fracsno,WA,984.504,17,0.3378888289832374,0.33444075304540455,0.003448075937832862
767.0799999999999,583.4580490460504,-23.937783667146782,-183.62195095394952,2022-04-20,2022-03-01,-50,2022-06-15,2022-05-17,-29.0,186.81057262709757,0.5519484667138854,0.6757004208470933,0.5187772358750415,Meadows_Pass,2022,fracsno_jennings,WA,984.504,17,0.3069827893495779,0.33444075304540455,-0.027457963695826648
767.0799999999999,641.8180462639106,-16.329711860052328,-125.26195373608937,2022-04-20,2022-03-01,-50,2022-06-15,2022-05-14,-32.0,182.52180872283074,0.5722848907973546,0.6577794984924281,0.5929239094589388,Meadows_Pass,2022,sza_g4_z02,WA,984.504,17,0.3376885354810505,0.33444075304540455,0.0032477824356459406
767.0799999999999,640.7439894300766,-16.469730741242554,-126.33601056992336,2022-04-20,2022-03-01,-50,2022-06-15,2022-05-10,-36.0,188.3546997751128,0.5445109020657117,0.6358612373382454,0.5783529248940731,Meadows_Pass,2022,sza_g4_z05,WA,984.504,17,0.33712342722123745,0.33444075304540455,0.0026826741758329
767.0799999999999,582.6266479664497,-24.046168852473045,-184.45335203355023,2022-04-20,2022-03-01,-50,2022-06-15,2022-05-08,-38.0,199.83323375823318,0.4873033294603477,0.6210712458615582,0.48884581800908755,Meadows_Pass,2022,jennings_sza_g4_z05,WA,984.504,17,0.306545352891376,0.33444075304540455,-0.027895400154028527
353.06,257.47532250007583,-27.073210644061678,-95.58467749992417,2024-03-16,2024-01-27,-49,2024-04-24,2024-03-21,-34.0,90.92319102465214,0.3859578388724636,0.5199355212340977,0.277925685471312,Clackamas_Lake,2024,baseline,OR,1036.3200000000002,17,0.31200157515438465,0.3432098765432099,-0.031208301388825244
353.06,287.3856913456859,-18.60145829442986,-65.67430865431407,2024-03-16,2024-01-27,-49,2024-04-24,2024-04-15,-9.0,47.786338525446446,0.8303880825714584,0.8628145073197848,0.7054245644957193,Clackamas_Lake,2024,fracsno,OR,1036.3200000000002,17,0.34824614454715136,0.3432098765432099,0.005036268003941469
353.06,262.12516108658923,-25.756199771543297,-90.93483891341077,2024-03-16,2024-01-24,-52,2024-04-24,2024-04-14,-10.0,53.23769146043991,0.7894829464265085,0.85751837526746,0.6043200808407938,Clackamas_Lake,2024,fracsno_jennings,OR,1036.3200000000002,17,0.33343768904056326,0.3432098765432099,-0.009772187502646634
353.06,287.1664215238177,-18.66356383509384,-65.89357847618231,2024-03-16,2024-01-27,-49,2024-04-24,2024-04-13,-11.0,50.77414232146057,0.8085153148308879,0.8421660046403021,0.6894443920858933,Clackamas_Lake,2024,sza_g4_z02,OR,1036.3200000000002,17,0.3479804393559026,0.3432098765432099,0.004770562812692725
353.06,286.7282023520907,-18.787684146578286,-66.3317976479093,2024-03-16,2024-01-27,-49,2024-04-24,2024-04-09,-15.0,55.9605022999275,0.7673987409791421,0.8035238802130771,0.6607847974080439,Clackamas_Lake,2024,sza_g4_z05,OR,1036.3200000000002,17,0.34744941731264783,0.3432098765432099,0.004239540769437944
353.06,261.5615567758977,-25.915833916077236,-91.49844322410229,2024-03-16,2024-01-24,-52,2024-04-24,2024-04-08,-16.0,61.490239738195775,0.7191585377567449,0.7876622478102093,0.5617506112980746,Clackamas_Lake,2024,jennings_sza_g4_z05,OR,1036.3200000000002,17,0.3327207532145202,0.3432098765432099,-0.010489123328689676
502.92,484.1287851788504,-3.7364222582417868,-18.791214821149595,1990-02-21,1990-02-21,0,1990-04-01,1990-04-09,8.0,43.15559943803727,0.8983559038162202,0.9208108452247104,0.7612761969303335,Spirit_Lake,1990,baseline,WA,1072.896,17,0.2712991433457702,0.30985915492957766,-0.03856001158380745
502.92,530.6108531774323,5.506015504937625,27.690853177432302,1990-02-21,1990-02-21,0,1990-04-01,1990-04-20,19.0,74.1777938859643,0.6996997612854394,0.852112503622094,0.39462383009943436,Spirit_Lake,1990,fracsno,WA,1072.896,17,0.2973470578987056,0.30985915492957766,-0.012512097030872082
502.92,484.2221537974654,-3.7178569558845553,-18.697846202534606,1990-02-21,1990-02-21,0,1990-04-01,1990-04-19,18.0,59.46516416366808,0.8070107599337792,0.8619276177091438,0.6076300622387791,Spirit_Lake,1990,fracsno_jennings,WA,1072.896,17,0.27135146584139763,0.30985915492957766,-0.03850768908818003
502.92,530.2818002974633,5.44058703123027,27.361800297463276,1990-02-21,1990-02-21,0,1990-04-01,1990-04-18,17.0,72.49384747714375,0.7131795246978252,0.8572185466625846,0.41397984382038655,Spirit_Lake,1990,sza_g4_z02,WA,1072.896,17,0.2971626611696037,0.30985915492957766,-0.012696493759973948
502.92,530.0226958526067,5.389067019129623,27.1026958526067,1990-02-21,1990-02-21,0,1990-04-01,1990-04-17,16.0,70.28676992435692,0.7303781882616066,0.8656170895617686,0.4336140868975513,Spirit_Lake,1990,sza_g4_z05,WA,1072.896,17,0.2970174625859237,0.30985915492957766,-0.012841692343653954
502.92,482.8872001782847,-3.983297506902757,-20.032799821715344,1990-02-21,1990-02-21,0,1990-04-01,1990-04-16,15.0,55.795155600927316,0.8300970819633399,0.8759675308544993,0.6431609873540607,Spirit_Lake,1990,jennings_sza_g4_z05,WA,1072.896,17,0.27060337610912466,0.30985915492957766,-0.039255778820453
289.56,186.0211432285636,-35.757306524187186,-103.5388567714364,2021-03-26,2021-02-28,-26,2021-04-25,2021-03-13,-43.0,83.858770353582,-2.9979547641501014e-05,0.21584737145604513,-0.11638822434814555,Daly_Lake,2021,baseline,OR,1124.712,17,0.14010363250964677,0.21839080459770135,-0.07828717208805458
289.56,240.41362276228472,-16.97277843545907,-49.146377237715285,2021-03-26,2021-03-01,-25,2021-04-25,2021-04-13,-12.0,53.24461540407202,0.596849290269787,0.6902295061270195,0.41929165348904396,Daly_Lake,2021,fracsno,OR,1124.712,17,0.18106985727108457,0.21839080459770135,-0.03732094732661678
289.56,214.69568851825952,-25.854507349682443,-74.86431148174049,2021-03-26,2021-03-01,-25,2021-04-25,2021-04-09,-16.0,59.45564039433647,0.4973077816856156,0.6377310621661114,0.2974237244190563,Daly_Lake,2021,fracsno_jennings,OR,1124.712,17,0.16170014506689195,0.21839080459770135,-0.0566906595308094
289.56,240.12132388070984,-17.073724312505238,-49.438676119290164,2021-03-26,2021-03-01,-25,2021-04-25,2021-04-07,-18.0,57.89923938507578,0.5232817733333199,0.6198920763990633,0.37260907026436163,Daly_Lake,2021,sza_g4_z02,OR,1124.712,17,0.18084970952671323,0.21839080459770135,-0.03754109507098813
289.56,238.51880696723313,-17.627156041154464,-51.04119303276687,2021-03-26,2021-03-01,-25,2021-04-25,2021-04-04,-21.0,60.767182432081526,0.47488522265147404,0.5772020077228709,0.3362298577310785,Daly_Lake,2021,sza_g4_z05,OR,1124.712,17,0.17964275833374926,0.21839080459770135,-0.03874804626395209
289.56,212.938068036746,-26.461504338739473,-76.62193196325401,2021-03-26,2021-03-01,-25,2021-04-25,2021-04-02,-23.0,65.45943794138248,0.39065874337650097,0.5323840790758312,0.22906024006129788,Daly_Lake,2021,jennings_sza_g4_z05,OR,1124.712,17,0.16037637611375294,0.21839080459770135,-0.058014428483948416
579.12,615.1821470207351,6.227059507655597,36.0621470207351,2020-03-13,2020-03-14,1,2020-05-11,2020-05-02,-9.0,48.293008356907364,0.9475611341396382,0.9548968357203529,0.932294181601507,Swamp_Creek,2020,baseline,WA,1197.864,17,0.6478039909084422,0.6440677966101694,0.003736194298272766
579.12,662.6153628662172,14.417627238951718,83.49536286621719,2020-03-13,2020-03-14,1,2020-05-11,2020-05-19,8.0,51.45478958238758,0.9404699313830441,0.9875399658427999,0.7494514651555653,Swamp_Creek,2020,fracsno,WA,1197.864,17,0.6977524926247789,0.6440677966101694,0.053684696014609457
579.12,615.3613337328735,6.258000713647172,36.2413337328735,2020-03-13,2020-03-14,1,2020-05-11,2020-05-19,8.0,34.46439272367159,0.9732929431457105,0.9855356671542465,0.8721601783398637,Swamp_Creek,2020,fracsno_jennings,WA,1197.864,17,0.6479926795233559,0.6440677966101694,0.003924882913186489
579.12,662.4107653121931,14.382298195916757,83.29076531219312,2020-03-13,2020-03-14,1,2020-05-11,2020-05-13,2.0,49.95953718293216,0.9438794933663097,0.9878410644009346,0.7626933982953037,Swamp_Creek,2020,sza_g4_z02,WA,1197.864,17,0.6975370456833018,0.6440677966101694,0.05346924907313233
579.12,662.1288860889043,14.333624480056692,83.00888608890432,2020-03-13,2020-03-14,1,2020-05-11,2020-05-09,-2.0,51.08190291962919,0.9413296195013847,0.9829138678042317,0.7754381786085931,Swamp_Creek,2020,sza_g4_z05,WA,1197.864,17,0.6972402189845996,0.6440677966101694,0.053172422374430206
579.12,614.9549186869425,6.1878226769827505,35.8349186869425,2020-03-13,2020-03-14,1,2020-05-11,2020-05-08,-3.0,38.41168254040815,0.9668249617813515,0.9758770624426334,0.9044096800932585,Swamp_Creek,2020,jennings_sza_g4_z05,WA,1197.864,17,0.6475647131234947,0.6440677966101694,0.0034969165133252877
624.84,487.9154582253038,-21.91353654930802,-136.92454177469625,1995-01-29,1994-12-16,-44,1995-05-04,1995-02-19,-74.0,174.087879244176,0.24357876411897417,0.5382785598781148,0.20993144084784754,Little_Meadows,1995,baseline,OR,1225.296,17,0.45508293553806956,0.367713004484305,0.08736993105376456
624.84,506.83284123972203,-18.885980212578897,-118.007158760278,1995-01-29,1994-12-16,-44,1995-05-04,1995-02-19,-74.0,163.70019140148045,0.3311557192533291,0.5834386621592162,0.2784291440628561,Little_Meadows,1995,fracsno,OR,1225.296,17,0.47272734103858993,0.367713004484305,0.10501433655428494
624.84,463.6840156959004,-25.79156012804872,-161.1559843040996,1995-01-29,1994-12-16,-44,1995-05-04,1995-02-19,-74.0,180.15825963551617,0.1899067769461822,0.517424022314469,0.16049872267536036,Little_Meadows,1995,fracsno_jennings,OR,1225.296,17,0.4324820611187335,0.367713004484305,0.0647690566344285
624.84,506.23877504639523,-18.981055142693297,-118.6012249536048,1995-01-29,1994-12-16,-44,1995-05-04,1995-02-19,-74.0,164.37294194669326,0.3256469907563382,0.5805137534358741,0.27473814862038126,Little_Meadows,1995,sza_g4_z02,OR,1225.296,17,0.4721732504013586,0.367713004484305,0.1044602459170536
624.84,506.0910161621169,-19.004702617931493,-118.74898383788315,1995-01-29,1994-12-16,-44,1995-05-04,1995-02-19,-74.0,164.80393137707244,0.3221060180536759,0.578263606470043,0.2727152615158772,Little_Meadows,1995,sza_g4_z05,OR,1225.296,17,0.47203543442181617,0.367713004484305,0.10432242993751117
624.84,463.67225655173496,-25.79344207289307,-161.16774344826507,1995-01-29,1994-12-16,-44,1995-05-04,1995-02-19,-74.0,181.2777302934369,0.17980795410868022,0.510036129084499,0.15543676924188032,Little_Meadows,1995,jennings_sza_g4_z05,OR,1225.296,17,0.4324710932640447,0.367713004484305,0.06475808877973971
901.7,608.0435867774615,-32.566974960911445,-293.6564132225385,2023-04-22,2023-04-06,-16,2023-05-27,2023-05-12,-15.0,159.28930550920924,0.6720196757427034,0.8615675427949073,0.4550765384961831,Salt_Creek_Falls,2023,baseline,OR,1286.256,17,0.497558652074348,0.6574074074074076,-0.15984875533305953
901.7,675.9277050044743,-25.038515581182846,-225.77229499552573,2023-04-22,2023-04-06,-16,2023-05-27,2023-05-22,-5.0,112.71969813526118,0.8357617959131622,0.9467268056731698,0.6096901926387339,Salt_Creek_Falls,2023,fracsno,OR,1286.256,17,0.5531078447585396,0.6574074074074076,-0.10429956264886797
901.7,653.2731408076626,-27.55094368330237,-248.42685919233747,2023-04-22,2023-04-06,-16,2023-05-27,2023-05-21,-6.0,124.5863227919314,0.7993610304520332,0.9508058641907459,0.5490039813925769,Salt_Creek_Falls,2023,fracsno_jennings,OR,1286.256,17,0.534569742112252,0.6574074074074076,-0.1228376652951555
901.7,674.7928552754481,-25.164372266225122,-226.90714472455193,2023-04-22,2023-04-06,-16,2023-05-27,2023-05-19,-8.0,116.68528831405362,0.8240023939077414,0.9354745019571933,0.6030782853630205,Salt_Creek_Falls,2023,sza_g4_z02,OR,1286.256,17,0.5521792035989908,0.6574074074074076,-0.1052282038084168
901.7,672.2945248736999,-25.44144118069205,-229.4054751263002,2023-04-22,2023-04-06,-16,2023-05-27,2023-05-16,-11.0,123.60425321144233,0.8025116945149395,0.9151087903471862,0.5912690425472962,Salt_Creek_Falls,2023,sza_g4_z05,OR,1286.256,17,0.5501348338627383,0.6574074074074076,-0.10727257354466924
901.7,648.536053596542,-28.07629437767084,-253.163946403458,2023-04-22,2023-04-06,-16,2023-05-27,2023-05-15,-12.0,137.33721609844793,0.7561902703722742,0.9102443318632975,0.5254888327737919,Salt_Creek_Falls,2023,jennings_sza_g4_z05,OR,1286.256,17,0.5306934102525322,0.6574074074074076,-0.1267139971548753
271.78,375.30473526287454,38.091373634143274,103.52473526287457,2015-02-08,2015-02-06,-2,2015-04-23,2015-04-03,-20.0,46.5705743562562,0.795765770883264,0.9085122744259015,0.6908994429452913,Grave_Creek,2015,baseline,MT,1310.64,17,0.6109880184610322,0.42292490118577064,0.1880631172752616
271.78,392.25076731191353,44.32657565380586,120.47076731191356,2015-02-08,2015-02-06,-2,2015-04-23,2015-05-01,8.0,49.54118999912265,0.7688796370786026,0.9897379332563568,0.47041869848141893,Grave_Creek,2015,fracsno,MT,1310.64,17,0.6385757933266154,0.42292490118577064,0.21565089214084476
271.78,367.80094898598327,35.33039553535334,96.0209489859833,2015-02-08,2015-02-06,-2,2015-04-23,2015-05-02,9.0,40.319321734298846,0.8469153035121216,0.9791755645249695,0.5907807075721815,Grave_Creek,2015,fracsno_jennings,MT,1310.64,17,0.5987720161634283,0.42292490118577064,0.1758471149776577
271.78,392.16857492824585,44.29633340505036,120.38857492824587,2015-02-08,2015-02-06,-2,2015-04-23,2015-04-28,5.0,48.40674095425267,0.7793433448539597,0.9922277486927819,0.48201816300120515,Grave_Creek,2015,sza_g4_z02,MT,1310.64,17,0.6384419858978482,0.42292490118577064,0.21551708471207753
271.78,392.10298136523716,44.27219860373729,120.32298136523718,2015-02-08,2015-02-06,-2,2015-04-23,2015-04-27,4.0,48.487876926131634,0.778603026631792,0.9927580042936102,0.48041244467335054,Grave_Creek,2015,sza_g4_z05,MT,1310.64,17,0.6383352009912884,0.42292490118577064,0.21541029980551774
271.78,367.26073216278934,35.13162563941032,95.48073216278937,2015-02-08,2015-02-06,-2,2015-04-23,2015-04-25,2.0,35.61931364270488,0.8805251660614879,0.9947111485726423,0.6209906956013425,Grave_Creek,2015,jennings_sza_g4_z05,MT,1310.64,17,0.5978925548208707,0.42292490118577064,0.17496765363510003
134.61999999999998,161.93884388725033,20.29330254587012,27.318843887250353,2015-03-26,2015-02-07,-47,2015-04-22,2015-03-21,-32.0,32.62263776133312,0.4812953266057758,0.6126127411173382,0.7273876903440315,Sentinel_Butte,2015,baseline,WA,1426.4640000000002,17,0.590747659308024,0.40458015267175573,0.18616750663626824
134.61999999999998,177.23190571987675,31.65347327282483,42.61190571987677,2015-03-26,2015-02-07,-47,2015-04-22,2015-04-23,1.0,25.398987294959202,0.685576632291485,0.9750804221203544,0.41458481397160074,Sentinel_Butte,2015,fracsno,WA,1426.4640000000002,17,0.6465362537206597,0.40458015267175573,0.24195610104890397
134.61999999999998,168.65648382641044,25.283378269507107,34.03648382641046,2015-03-26,2015-02-07,-47,2015-04-22,2015-04-22,0.0,21.097778021857703,0.7830521000119812,0.9639867640802604,0.5494636939480346,Sentinel_Butte,2015,fracsno_jennings,WA,1426.4640000000002,17,0.6152533923049568,0.40458015267175573,0.21067323963320106
134.61999999999998,177.21363380702246,31.639900317205832,42.593633807022485,2015-03-26,2015-02-07,-47,2015-04-22,2015-04-19,-3.0,25.750729737967784,0.6768076332127535,0.9502445381681468,0.45085980382769997,Sentinel_Butte,2015,sza_g4_z02,WA,1426.4640000000002,17,0.6464695983741682,0.40458015267175573,0.24188944570241244
134.61999999999998,177.18641199444343,31.619679092589116,42.566411994443456,2015-03-26,2015-02-07,-47,2015-04-22,2015-04-12,-10.0,27.26006828148831,0.6378104698231837,0.9052355810502921,0.48720485775902656,Sentinel_Butte,2015,sza_g4_z05,WA,1426.4640000000002,17,0.6463702940832571,0.40458015267175573,0.24179014141150135
134.61999999999998,168.60343487459164,25.243971827805435,33.983434874591666,2015-03-26,2015-02-07,-47,2015-04-22,2015-04-10,-12.0,24.559987787010797,0.7060061088635472,0.8831723456486104,0.6079168625315581,Sentinel_Butte,2015,jennings_sza_g4_z05,WA,1426.4640000000002,17,0.61505987144632,0.40458015267175573,0.21047971877456428
165.1,79.02275281420883,-52.13643076062458,-86.07724718579117,2021-02-28,2021-02-28,0,2021-04-04,2021-03-06,-29.0,41.21454406344642,0.06621377858269317,0.4182801981656631,-0.13141746459829062,County_Line,2021,baseline,OR,1472.184,17,0.277217898567213,0.5284552845528452,-0.25123738598563217
165.1,88.29824130178825,-46.51832749740264,-76.80175869821174,2021-02-28,2021-03-03,3,2021-04-04,2021-04-05,1.0,27.294858021238475,0.5904488583299891,0.8600637615733676,0.25863222989148293,County_Line,2021,fracsno,OR,1472.184,17,0.30975702603543254,0.5284552845528452,-0.21869825851741265
165.1,86.52367385580588,-47.59317149860334,-78.57632614419411,2021-02-28,2021-03-03,3,2021-04-04,2021-04-05,1.0,27.822208891603495,0.5744704973975902,0.8622305562584213,0.23820821973035955,County_Line,2021,fracsno_jennings,OR,1472.184,17,0.30353170686188224,0.5284552845528452,-0.22492357769096294
165.1,87.7878179063009,-46.82748764003579,-77.31218209369909,2021-02-28,2021-03-03,3,2021-04-04,2021-04-02,-2.0,28.90800378373913,0.5406088044166839,0.8626541911175698,0.19848159066046334,County_Line,2021,sza_g4_z02,OR,1472.184,17,0.3079664214812072,0.5284552845528452,-0.220488863071638
165.1,87.58085740834854,-46.95284227235098,-77.51914259165146,2021-02-28,2021-03-03,3,2021-04-04,2021-03-29,-6.0,30.865238025241496,0.47629620295217434,0.8147654338166521,0.15111990166082367,County_Line,2021,sza_g4_z05,OR,1472.184,17,0.3072403881264382,0.5284552845528452,-0.22121489642640696
165.1,85.6509498208013,-48.12177479055039,-79.4490501791987,2021-02-28,2021-03-02,2,2021-04-04,2021-03-29,-6.0,31.935548947671453,0.43934560207346973,0.791398392643252,0.12386834623782683,County_Line,2021,jennings_sza_g4_z05,OR,1472.184,17,0.30047012378109683,0.5284552845528452,-0.22798516077174835
220.97999999999996,122.70850909002986,-44.470762471703374,-98.2714909099701,2015-02-05,2015-01-24,-12,2015-04-25,2015-02-15,-69.0,83.97277248832222,-0.020280209711786235,0.41351904974716724,-0.05456934895398069,Bisson_Creek,2015,baseline,MT,1499.616,17,0.31130602715282646,0.5304878048780486,-0.21918177772522213
220.97999999999996,189.14969200113774,-14.404157841823798,-31.830307998862224,2015-02-05,2015-02-05,0,2015-04-25,2015-03-29,-27.0,44.829330846614795,0.7092183538538301,0.8317441342796241,0.5196334552345827,Bisson_Creek,2015,fracsno,MT,1499.616,17,0.4610792555191796,0.5304878048780486,-0.06940854935886898
220.97999999999996,167.99427772191473,-23.977609864279685,-52.985722278085234,2015-02-05,2015-02-05,0,2015-04-25,2015-03-24,-32.0,54.26821125020731,0.5738784560050763,0.7893951849849264,0.3685913903830732,Bisson_Creek,2015,fracsno_jennings,MT,1499.616,17,0.4095099266830253,0.5304878048780486,-0.12097787819502326
220.97999999999996,189.12435398921062,-14.415624043257013,-31.855646010789343,2015-02-05,2015-02-05,0,2015-04-25,2015-03-28,-28.0,45.54920573856725,0.6998045572762206,0.8232940110591014,0.5147184706668837,Bisson_Creek,2015,sza_g4_z02,MT,1499.616,17,0.46101749051416113,0.5304878048780486,-0.06947031436388745
220.97999999999996,189.0198296551048,-14.462924402613442,-31.960170344895175,2015-02-05,2015-02-05,0,2015-04-25,2015-03-26,-30.0,46.88231485110791,0.6819755044041604,0.8073478392951322,0.5054438144123632,Bisson_Creek,2015,sza_g4_z05,MT,1499.616,17,0.46076269759515986,0.5304878048780486,-0.06972510728288872
220.97999999999996,167.76764716855507,-24.080166907161235,-53.21235283144489,2015-02-05,2015-02-05,0,2015-04-25,2015-03-21,-35.0,55.52040347233811,0.5539868070921039,0.7712601513003894,0.3582362004837687,Bisson_Creek,2015,jennings_sza_g4_z05,MT,1499.616,17,0.40895748250130104,0.5304878048780486,-0.12153032237674755
993.14,841.2572513260739,-15.293186124204658,-151.88274867392613,2000-03-23,2000-03-21,-2,2000-06-01,2000-05-09,-23.0,167.77525800144025,0.7875070047589032,0.8790683511232368,0.6190411325924596,Cascade_Summit,2000,baseline,OR,1554.48,17,0.7018179967989616,0.7883064516129034,-0.08648845481394174
993.14,873.4750963965621,-12.049147512278017,-119.66490360343789,2000-03-23,2000-03-21,-2,2000-06-01,2000-05-29,-3.0,113.08423375207524,0.903463198194838,0.9667454932503213,0.7105979585276768,Cascade_Summit,2000,fracsno,OR,1554.48,17,0.7286957009173005,0.7883064516129034,-0.05961075069560284
993.14,829.0566144355475,-16.521677262465758,-164.08338556445244,2000-03-23,2000-03-21,-2,2000-06-01,2000-05-28,-4.0,128.0360070142083,0.8762477708131683,0.9652091472117948,0.6593300619903648,Cascade_Summit,2000,fracsno_jennings,OR,1554.48,17,0.6916396280197523,0.7883064516129034,-0.09666682359315104
993.14,873.3721661392748,-12.059511635894758,-119.7678338607252,2000-03-23,2000-03-21,-2,2000-06-01,2000-05-24,-8.0,120.73793612098481,0.8899534876594609,0.955779997088156,0.6998905410694376,Cascade_Summit,2000,sza_g4_z02,OR,1554.48,17,0.7286098314560085,0.7883064516129034,-0.05969662015689481
993.14,870.5666522953674,-12.342000896614035,-122.57334770463262,2000-03-23,2000-03-21,-2,2000-06-01,2000-05-20,-12.0,132.9139322489257,0.8666387059014609,0.9359208171065863,0.684266743683251,Cascade_Summit,2000,sza_g4_z05,OR,1554.48,17,0.7262693344168221,0.7883064516129034,-0.06203711719608129
993.14,828.8227116278857,-16.54522910889847,-164.31728837211426,2000-03-23,2000-03-21,-2,2000-06-01,2000-05-19,-13.0,148.35885163085538,0.8338441204896018,0.9274536523341553,0.6339895677694427,Cascade_Summit,2000,jennings_sza_g4_z05,OR,1554.48,17,0.691444494842998,0.7883064516129034,-0.09686195676990539
208.27999999999997,247.4607399110396,18.81157091945441,39.18073991103964,1995-03-26,1995-01-31,-54,1995-04-19,1995-03-17,-33.0,58.52557522399889,0.271261014659976,0.4949759907378237,0.6539426431051829,Beaver_Reservoir,1995,baseline,OR,1569.72,17,0.7187030388420851,0.38679245283018837,0.3319105860118967
208.27999999999997,260.303684745044,24.97776298494528,52.02368474504402,1995-03-26,1995-01-31,-54,1995-04-19,1995-05-02,13.0,44.53553319783686,0.5780179921086421,0.8790941939101334,0.40199600784189116,Beaver_Reservoir,1995,fracsno,OR,1569.72,17,0.7560029494590113,0.38679245283018837,0.3692104966288229
208.27999999999997,258.64065263922953,24.17930316844131,50.360652639229556,1995-03-26,1995-01-31,-54,1995-04-19,1995-05-03,14.0,43.8391728999599,0.5911110957816583,0.8737963090729903,0.42245640064621537,Beaver_Reservoir,1995,fracsno_jennings,OR,1569.72,17,0.7511729864169122,0.38679245283018837,0.36438053358672384
208.27999999999997,259.970280445695,24.81768794204677,51.69028044569501,1995-03-26,1995-01-31,-54,1995-04-19,1995-04-25,6.0,41.57936362486853,0.6321791886102628,0.8944861163331319,0.44807471346314764,Beaver_Reservoir,1995,sza_g4_z02,OR,1569.72,17,0.7550346395639091,0.38679245283018837,0.3682421867337208
208.27999999999997,259.84967198086355,24.75978105476454,51.569671980863575,1995-03-26,1995-01-31,-54,1995-04-19,1995-04-18,-1.0,40.15721879839937,0.6569101456222534,0.8929452288840117,0.48880232924491673,Beaver_Reservoir,1995,sza_g4_z05,OR,1569.72,17,0.7546843550290144,0.38679245283018837,0.36789190219882606
208.27999999999997,257.99456181766124,23.86910016211891,49.71456181766126,1995-03-26,1995-01-31,-54,1995-04-19,1995-04-18,-1.0,39.306553856375906,0.6712917830812681,0.8919143357910057,0.5068444941919725,Beaver_Reservoir,1995,jennings_sza_g4_z05,OR,1569.72,17,0.7492965375022438,0.38679245283018837,0.3625040846720554
345.44,169.74862654002513,-50.860170640335475,-175.69137345997487,2015-01-20,2015-01-23,3,2015-04-21,2015-02-16,-64.0,99.33204256641612,0.14616566094465877,0.6107192082220823,-0.012491138886422393,Cayuse_Pass,2015,baseline,WA,1597.152,17,0.19722969835143214,0.4059701492537314,-0.20874045090229928
345.44,216.6639820684895,-37.278837983878674,-128.7760179315105,2015-01-20,2015-01-23,3,2015-04-21,2015-05-01,10.0,52.33792552041062,0.7629565852526211,0.9086928584802333,0.5156889007497529,Cayuse_Pass,2015,fracsno,WA,1597.152,17,0.2517403097627559,0.4059701492537314,-0.15422983949097552
345.44,177.06242982896956,-48.74292790963132,-168.37757017103044,2015-01-20,2015-01-23,3,2015-04-21,2015-03-30,-22.0,74.29255132792004,0.5223767812003187,0.93207308590201,0.2150793525574657,Cayuse_Pass,2015,fracsno_jennings,WA,1597.152,17,0.20572755336141124,0.4059701492537314,-0.20024259589232019
345.44,216.64499395484484,-37.284334774535424,-128.79500604515516,2015-01-20,2015-01-23,3,2015-04-21,2015-04-19,-2.0,53.706137201191694,0.750401070091377,0.9222522155905968,0.4765558996079782,Cayuse_Pass,2015,sza_g4_z02,WA,1597.152,17,0.2517182476111925,0.4059701492537314,-0.15425190164253894
345.44,216.60972061989693,-37.29454590669959,-128.83027938010306,2015-01-20,2015-01-23,3,2015-04-21,2015-04-07,-14.0,56.77857614415514,0.7210259034169875,0.902981056601208,0.4471724828156285,Cayuse_Pass,2015,sza_g4_z05,WA,1597.152,17,0.25167726377907895,0.4059701492537314,-0.15429288547465247
345.44,176.9434956542917,-48.777357673028106,-168.4965043457083,2015-01-20,2015-01-23,3,2015-04-21,2015-03-20,-32.0,76.75336655917621,0.49021183095154897,0.9022956903599586,0.19424821310017837,Cayuse_Pass,2015,jennings_sza_g4_z05,WA,1597.152,17,0.20558936460622942,0.4059701492537314,-0.200380784647502
500.37999999999994,200.05234688694725,-60.019915486840546,-300.3276531130527,2015-04-16,2015-01-23,-83,2015-05-25,2015-02-08,-106.0,205.271491427229,-0.4613763822323713,0.12195207904784212,-0.2962321787858384,Mt_Hood_Test_Site,2015,baseline,OR,1636.776,17,0.15765347677652375,0.26912568306010937,-0.11147220628358562
500.37999999999994,247.11538732407632,-50.61445554896752,-253.26461267592362,2015-04-16,2015-01-23,-83,2015-05-25,2015-03-16,-70.0,177.70423876742652,-0.09521752134421413,0.3655667742231988,-0.03131152834751849,Mt_Hood_Test_Site,2015,fracsno,OR,1636.776,17,0.19474202918816072,0.26912568306010937,-0.07438365387194865
500.37999999999994,202.69964863162053,-59.49085722218703,-297.68035136837943,2015-04-16,2015-01-23,-83,2015-05-25,2015-03-11,-75.0,190.89775312263484,-0.2638817484423204,0.3000245543515243,-0.15690054777079054,Mt_Hood_Test_Site,2015,fracsno_jennings,OR,1636.776,17,0.15973971235745474,0.26912568306010937,-0.10938597070265463
500.37999999999994,247.01328426298528,-50.634860653306426,-253.36671573701466,2015-04-16,2015-01-23,-83,2015-05-25,2015-03-15,-71.0,181.09033513446676,-0.13735319960009074,0.31985169152068876,-0.05464340195911688,Mt_Hood_Test_Site,2015,sza_g4_z02,OR,1636.776,17,0.19466156573536442,0.26912568306010937,-0.07446411732474495
500.37999999999994,247.21385619909861,-50.59477672986558,-253.16614380090132,2015-04-16,2015-01-23,-83,2015-05-25,2015-03-15,-71.0,184.95003104622285,-0.18635216158285028,0.2700019478277007,-0.0825734544510841,Mt_Hood_Test_Site,2015,sza_g4_z05,OR,1636.776,17,0.19481962868020922,0.26912568306010937,-0.07430605437990015
500.37999999999994,201.8151432907866,-59.66762394764247,-298.56485670921336,2015-04-16,2015-01-23,-83,2015-05-25,2015-02-23,-91.0,198.29180415176126,-0.36368585955695276,0.18910567666624406,-0.22408492400986635,Mt_Hood_Test_Site,2015,jennings_sza_g4_z05,OR,1636.776,17,0.15904266808689352,0.26912568306010937,-0.11008301497321585
1341.12,1126.5939459389654,-15.996037197345094,-214.52605406103453,2020-04-07,2020-04-04,-3,2020-06-19,2020-06-03,-16.0,160.87367599648988,0.8986986975154756,0.9678284651311524,0.7067477925247377,Morse_Lake,2020,baseline,WA,1648.968,17,0.8269206313576656,0.885906040268457,-0.058985408910791404
1341.12,1157.6699965590485,-13.678865682485638,-183.45000344095138,2020-04-07,2020-04-04,-3,2020-06-19,2020-06-24,5.0,116.18068316560561,0.9471660708066623,0.9921816966453139,0.7719857026696529,Morse_Lake,2020,fracsno,WA,1648.968,17,0.8497304711331175,0.885906040268457,-0.03617556913533948
1341.12,1119.9937591010073,-16.488177113084035,-221.1262408989926,2020-04-07,2020-04-04,-3,2020-06-19,2020-06-23,4.0,136.78402573627832,0.9267654831126175,0.990873966285069,0.727975816372441,Morse_Lake,2020,fracsno_jennings,WA,1648.968,17,0.8220760902638699,0.885906040268457,-0.06382995000458713
1341.12,1157.084488542935,-13.722523820170066,-184.03551145706479,2020-04-07,2020-04-04,-3,2020-06-19,2020-06-15,-4.0,123.36155866708842,0.9404331335867703,0.989171270054669,0.7603178138777569,Morse_Lake,2020,sza_g4_z02,WA,1648.968,17,0.8493007078984625,0.885906040268457,-0.036605332369994525
1341.12,1153.358197882696,-14.000372980591141,-187.7618021173039,2020-04-07,2020-04-04,-3,2020-06-19,2020-06-07,-12.0,134.3363821015667,0.9293629825014386,0.9814879990473674,0.7488141309575851,Morse_Lake,2020,sza_g4_z05,WA,1648.968,17,0.8465656083211086,0.885906040268457,-0.039340431947348375
1341.12,1115.29718677922,-16.83837488224617,-225.82281322077984,2020-04-07,2020-04-04,-3,2020-06-19,2020-06-05,-14.0,154.88807965224234,0.9060966580767408,0.976997543608985,0.7069802763619317,Morse_Lake,2020,jennings_sza_g4_z05,WA,1648.968,17,0.8186288033655612,0.885906040268457,-0.06727723690289578
200.66,277.6982939725213,38.39245189500713,77.0382939725213,2003-03-29,2003-03-10,-19,2003-05-20,2003-04-24,-26.0,54.46090315248567,0.42070312500856044,0.6898139254781227,0.6019473023534354,Three_Creeks_Meadow,2003,baseline,OR,1734.312,17,0.47110188005738485,0.2925925925925926,0.17850928746479222
200.66,344.721950914077,71.79405507529005,144.06195091407702,2003-03-29,2003-03-10,-19,2003-05-20,2003-05-31,11.0,86.8925579656884,-0.4746762025057041,0.9261181602852515,-0.27553874866234684,Three_Creeks_Meadow,2003,fracsno,OR,1734.312,17,0.5848043099203947,0.2925925925925926,0.29221171732780205
200.66,328.3819582696426,63.650931062315664,127.72195826964261,2003-03-29,2003-03-10,-19,2003-05-20,2003-05-30,10.0,78.79901380506585,-0.2127549940896376,0.9276461380175486,-0.15126964608696047,Three_Creeks_Meadow,2003,fracsno_jennings,OR,1734.312,17,0.5570842935501155,0.2925925925925926,0.26449170095752284
200.66,341.16113163841794,70.01950146437653,140.50113163841795,2003-03-29,2003-03-10,-19,2003-05-20,2003-05-24,4.0,77.85593153293813,-0.18389972040188152,0.9556847493628822,-0.14970772914106445,Three_Creeks_Meadow,2003,sza_g4_z02,OR,1734.312,17,0.578763550248052,0.2925925925925926,0.2861709576554594
200.66,338.1715243593834,68.5296144520001,137.5115243593834,2003-03-29,2003-03-10,-19,2003-05-20,2003-05-15,-5.0,73.92042626984683,-0.06723591680326879,0.9417668188219381,-0.06474172252548249,Three_Creeks_Meadow,2003,sza_g4_z05,OR,1734.312,17,0.5736918244205762,0.2925925925925926,0.2810992318279836
200.66,320.76427198927433,59.854615762620526,120.10427198927434,2003-03-29,2003-03-10,-19,2003-05-20,2003-05-14,-6.0,64.17703952572488,0.19556517045865074,0.9316229608018182,0.099943380587181,Three_Creeks_Meadow,2003,jennings_sza_g4_z05,OR,1734.312,17,0.5441612529471943,0.2925925925925926,0.2515686603546017
187.96,146.16364497404098,-22.23683497869708,-41.79635502595903,2003-01-25,2003-01-13,-12,2003-04-10,2003-03-26,-15.0,49.958858111704245,0.262080160294345,0.4314760325804684,0.1684825378169046,Silver_Creek,2003,baseline,OR,1749.552,17,0.5809498764766692,0.6434782608695653,-0.0625283843928961
187.96,164.5023878059108,-12.480108636991499,-23.457612194089222,2003-01-25,2003-01-21,-4,2003-04-10,2003-04-08,-2.0,46.96176972737629,0.34796172522991087,0.47676206798752513,0.2840390556186434,Silver_Creek,2003,fracsno,OR,1749.552,17,0.6349985842860365,0.6434782608695653,-0.008479676583528772
187.96,160.72971106007375,-14.487278644353188,-27.230288939926254,2003-01-25,2003-01-21,-4,2003-04-10,2003-04-08,-2.0,47.0141337579847,0.3465068231724473,0.47868132625477045,0.2739638153731122,Silver_Creek,2003,fracsno_jennings,OR,1749.552,17,0.6204356078786553,0.6434782608695653,-0.023042652990910018
187.96,164.23788870990904,-12.620829586130542,-23.722111290090965,2003-01-25,2003-01-21,-4,2003-04-10,2003-03-28,-13.0,47.289158326221845,0.33883881572785035,0.47157880215838666,0.27568623771277323,Silver_Creek,2003,sza_g4_z02,OR,1749.552,17,0.6339775866352049,0.6434782608695653,-0.009500674234360407
187.96,164.0741511707923,-12.70794255650548,-23.885848829207703,2003-01-25,2003-01-21,-4,2003-04-10,2003-03-27,-14.0,47.45279484280153,0.3342552154203271,0.46846460233194587,0.272105245667401,Silver_Creek,2003,sza_g4_z05,OR,1749.552,17,0.6333455404569069,0.6434782608695653,-0.010132720412658336
187.96,160.21771220457984,-14.759676418078405,-27.742287795420168,2003-01-25,2003-01-21,-4,2003-04-10,2003-02-18,-51.0,47.60922421261564,0.32985869079333563,0.4683472956298253,0.260076382879855,Silver_Creek,2003,jennings_sza_g4_z05,OR,1749.552,17,0.6184592320173012,0.6434782608695653,-0.025019028852264036
15.239999999999998,1.1720329330613715,-92.30949518988602,-14.067967066938627,2015-01-02,2014-12-25,-8,2015-04-08,2015-04-08,0.0,3.0170622274779024,-0.10606587881799556,0.028912975671992,-0.5975955293368647,Sheldon,2015,baseline,NV,1787.652,17,0.012505005948901325,0.2142857142857143,-0.20178070833681297
15.239999999999998,5.193640043194981,-65.92099709189644,-10.046359956805016,2015-01-02,2014-11-02,-61,2015-04-08,2015-04-08,0.0,2.785757855741004,0.05702715302811334,0.2644830403103748,-0.2953009918278604,Sheldon,2015,fracsno,NV,1787.652,17,0.14762854275341997,0.2142857142857143,-0.06665717153229433
15.239999999999998,5.179706486832128,-66.01242462708578,-10.06029351316787,2015-01-02,2014-11-02,-61,2015-04-08,2015-04-08,0.0,2.7985966766857513,0.04831529911846155,0.2504465131352277,-0.3069074542116905,Sheldon,2015,fracsno_jennings,NV,1787.652,17,0.1472324832259762,0.2142857142857143,-0.0670532310597381
15.239999999999998,5.141608451073885,-66.26241173836033,-10.098391548926113,2015-01-02,2014-11-02,-61,2015-04-08,2015-04-08,0.0,2.794980809106993,0.05077291856825672,0.27781777213612563,-0.30755415951783416,Sheldon,2015,sza_g4_z02,NV,1787.652,17,0.1461495515145022,0.2142857142857143,-0.0681361627712121
15.239999999999998,5.080249031368289,-66.66503260257028,-10.159750968631709,2015-01-02,2014-11-02,-61,2015-04-08,2015-02-28,-39.0,2.803013230830487,0.04530916134894092,0.2814431448017754,-0.3143593677570171,Sheldon,2015,sza_g4_z05,NV,1787.652,17,0.1444054179896536,0.2142857142857143,-0.06988029629606071
15.239999999999998,5.067316049851667,-66.7498946860127,-10.172683950148333,2015-01-02,2014-11-02,-61,2015-04-08,2015-04-08,0.0,2.8195092488732585,0.034039190751146586,0.2631940036282004,-0.32955432381096905,Sheldon,2015,jennings_sza_g4_z05,NV,1787.652,17,0.14403779967208122,0.2142857142857143,-0.07024791461363308
462.28,435.36416921404475,-5.822408667031934,-26.915830785955222,2021-03-09,2021-03-13,4,2021-05-03,2021-04-27,-6.0,23.855561615144005,0.9779245917542456,0.9867362879922199,0.8869237990707914,Squaw_Flat,2021,baseline,ID,1901.952,17,0.8345420605746536,0.8708133971291864,-0.03627133655453274
462.28,454.0626339312193,-1.777573347058207,-8.217366068780677,2021-03-09,2021-03-15,6,2021-05-03,2021-05-26,23.0,53.080085289358664,0.8907069169260313,0.9087449012098436,0.8325686318670624,Squaw_Flat,2021,fracsno,ID,1901.952,17,0.8703848248122897,0.8708133971291864,-0.000428572316896636
462.28,452.99885234474397,-2.007689637288225,-9.281147655256007,2021-03-09,2021-03-15,6,2021-05-03,2021-05-26,23.0,51.952907687228425,0.895299399793013,0.9103274647753655,0.8440575134927817,Squaw_Flat,2021,fracsno_jennings,ID,1901.952,17,0.8683456802525039,0.8708133971291864,-0.0024677168766824575
462.28,453.95555404699684,-1.800736772735817,-8.324445953003135,2021-03-09,2021-03-15,6,2021-05-03,2021-05-15,12.0,40.108753008404605,0.9375966689110431,0.9463833932221578,0.8822795899984827,Squaw_Flat,2021,sza_g4_z02,ID,1901.952,17,0.87017956523067,0.8708133971291864,-0.0006338318985164015
462.28,453.7811823830573,-1.838456696578413,-8.498817616942688,2021-03-09,2021-03-15,6,2021-05-03,2021-05-08,5.0,26.27920475820597,0.9732111610841444,0.9762115524151419,0.9289039998586043,Squaw_Flat,2021,sza_g4_z05,ID,1901.952,17,0.8698453151981221,0.8708133971291864,-0.0009680819310642352
462.28,452.7611284089748,-2.0591138684401606,-9.518871591025174,2021-03-09,2021-03-15,6,2021-05-03,2021-05-08,5.0,27.99599235266279,0.9695966677431925,0.972373030328325,0.9302936336646284,Squaw_Flat,2021,jennings_sza_g4_z05,ID,1901.952,17,0.8678899913436925,0.8708133971291864,-0.002923405785493882
149.86,64.69253853067077,-56.83135023977661,-85.16746146932924,2005-03-01,2005-01-24,-36,2005-04-17,2005-02-02,-74.0,56.82804562153925,-0.16760891691818514,0.13660721872377535,-0.3046203167567927,Taylor_Canyon,2005,baseline,NV,1927.86,17,0.4365219231254854,0.8939393939393941,-0.45741747081390877
149.86,95.54015196216714,-36.24706261699777,-54.31984803783287,2005-03-01,2005-03-24,23,2005-04-17,2005-04-23,6.0,22.358152069391643,0.8192643715777119,0.9612604280348941,0.5364524408105655,Taylor_Canyon,2005,fracsno,NV,1927.86,17,0.5081593321859138,0.8939393939393941,-0.38578006175348034
149.86,93.09690643929262,-37.87741462745722,-56.76309356070739,2005-03-01,2005-03-24,23,2005-04-17,2005-04-22,5.0,23.28846818997783,0.8039107392668258,0.9627753897376242,0.5099046189842653,Taylor_Canyon,2005,fracsno_jennings,NV,1927.86,17,0.49516418838750553,0.8939393939393941,-0.3987752055518886
149.86,85.596681334401,-42.88223586387229,-64.26331866559902,2005-03-01,2005-02-22,-7,2005-04-17,2005-04-09,-8.0,25.773669195975604,0.7598268455036936,0.9432874259586457,0.45304007778881117,Taylor_Canyon,2005,sza_g4_z02,NV,1927.86,17,0.5310166791261968,0.8939393939393941,-0.3629227148131974
149.86,83.18427562099005,-44.49200879421457,-66.67572437900996,2005-03-01,2005-02-22,-7,2005-04-17,2005-04-03,-14.0,31.7001544473518,0.6366754716547217,0.8763180807935738,0.334844671730949,Taylor_Canyon,2005,sza_g4_z05,NV,1927.86,17,0.5160508223818687,0.8939393939393941,-0.3778885715575254
149.86,82.11677675816249,-45.204339544800156,-67.74322324183753,2005-03-01,2005-02-22,-7,2005-04-17,2005-04-03,-14.0,32.30111549020659,0.6227693228115331,0.8695800822796783,0.32157547063303316,Taylor_Canyon,2005,jennings_sza_g4_z05,NV,1927.86,17,0.5094283728631177,0.8939393939393941,-0.38451102107627644
1473.1999999999998,839.514519675008,-43.01421940843008,-633.6854803249918,2022-05-16,2022-04-22,-24,2022-07-09,2022-06-23,-16.0,387.75680039954625,0.47447658698319617,0.8538064573948438,0.3901590255946792,Harts_Pass,2022,baseline,WA,1978.152,17,0.761566821254535,1.2419700214132776,-0.4804032001587426
1473.1999999999998,874.2997283702762,-40.65301870959298,-598.9002716297236,2022-05-16,2022-04-22,-24,2022-07-09,2022-07-10,1.0,339.903583351922,0.5961828965842406,0.935059475853149,0.44233398457396234,Harts_Pass,2022,fracsno,WA,1978.152,17,0.793122274069081,1.2419700214132776,-0.44884774734419663
1473.1999999999998,843.7315827277376,-42.72796750422633,-629.4684172722622,2022-05-16,2022-04-22,-24,2022-07-09,2022-07-09,0.0,361.05526715571494,0.5443613115444725,0.932536299644762,0.4049903477226443,Harts_Pass,2022,fracsno_jennings,WA,1978.152,17,0.7653923361549092,1.2419700214132776,-0.4765776852583684
1473.1999999999998,872.5168637005655,-40.774038575850824,-600.6831362994343,2022-05-16,2022-04-22,-24,2022-07-09,2022-06-30,-9.0,349.7778287711806,0.5723802273488849,0.9126699322612829,0.43623893872064823,Harts_Pass,2022,sza_g4_z02,WA,1978.152,17,0.791504945783009,1.2419700214132776,-0.4504650756302686
1473.1999999999998,870.7077313866417,-40.896841475248316,-602.4922686133581,2022-05-16,2022-04-22,-24,2022-07-09,2022-06-25,-14.0,362.8759140345679,0.5397545447573837,0.8798242323275521,0.4275377510421905,Harts_Pass,2022,sza_g4_z05,WA,1978.152,17,0.7898637887651683,1.2419700214132776,-0.45210623264810934
1473.1999999999998,839.9337882603651,-42.98575968908735,-633.2662117396347,2022-05-16,2022-04-22,-24,2022-07-09,2022-06-25,-14.0,381.017640544378,0.49258489684683116,0.8812137147372132,0.3916856286059818,Harts_Pass,2022,jennings_sza_g4_z05,WA,1978.152,17,0.7619471613633944,1.2419700214132776,-0.48002286004988326
322.58,226.12831986728725,-29.900080641302235,-96.45168013271274,1995-03-25,1995-03-06,-19,1995-05-10,1995-04-11,-29.0,74.71687568731387,0.5753062070648651,0.7667730099807282,0.4193406241098858,Sheep_Mtn.,1995,baseline,ID,2026.92,17,0.6511588740609332,0.661458333333333,-0.010299459272399836
322.58,288.5531957614025,-10.548330410626045,-34.02680423859749,1995-03-25,1995-03-25,0,1995-05-10,1995-05-29,19.0,35.3376755371443,0.9050019994947632,0.9065198384477078,0.9009900622646998,Sheep_Mtn.,1995,fracsno,ID,2026.92,17,0.6558471065641726,0.661458333333333,-0.005611226769160482
322.58,287.06974990298914,-11.008199546472454,-35.51025009701084,1995-03-25,1995-03-25,0,1995-05-10,1995-05-31,21.0,38.32491913280601,0.8882619723541912,0.8893396657337574,0.8936817442892193,Sheep_Mtn.,1995,fracsno_jennings,ID,2026.92,17,0.6524754105016223,0.661458333333333,-0.00898292283171076
322.58,287.08276189203417,-11.004165821801045,-35.49723810796581,1995-03-25,1995-03-25,0,1995-05-10,1995-05-15,5.0,19.741253611892013,0.9703525078675992,0.9831622570581293,0.8716217460966601,Sheep_Mtn.,1995,sza_g4_z02,ID,2026.92,17,0.6525049852056671,0.661458333333333,-0.008953348127665905
322.58,279.956759209122,-13.21323107163431,-42.62324079087796,1995-03-25,1995-03-25,0,1995-05-10,1995-05-04,-6.0,23.473579737240694,0.9580823278568782,0.9869036355265312,0.8067640462521749,Sheep_Mtn.,1995,sza_g4_z05,ID,2026.92,17,0.6363084283502687,0.661458333333333,-0.025149904983064353
322.58,280.3551295688398,-13.089736013131684,-42.224870431160184,1995-03-25,1995-03-25,0,1995-05-10,1995-05-05,-5.0,22.593572516855485,0.9611663402067129,0.990676229178367,0.8065600920801737,Sheep_Mtn.,1995,jennings_sza_g4_z05,ID,2026.92,17,0.6372138768138438,0.661458333333333,-0.024244456519489255
373.37999999999994,82.16800629414145,-77.99346341685643,-291.2119937058585,2024-03-13,2024-02-19,-23,2024-04-29,2024-03-16,-44.0,133.03914564495554,-0.13873111987220366,0.37781747739225907,-0.22740916059703098,Big_Bend,2024,baseline,NV,2102.5104,17,0.3217485926285865,1.1395348837209287,-0.8177862910923421
373.37999999999994,255.62642896271947,-31.537192950152786,-117.75357103728047,2024-03-13,2024-03-14,1,2024-04-29,2024-05-11,12.0,45.44487435112262,0.8671284170552758,0.973751135386284,0.6207732455448856,Big_Bend,2024,fracsno,NV,2102.5104,17,0.8224497384999904,1.1395348837209287,-0.31708514522093834
373.37999999999994,255.77823997959936,-31.49653436723997,-117.60176002040058,2024-03-13,2024-03-14,1,2024-04-29,2024-05-11,12.0,45.336414712285205,0.8677618881373672,0.9713561445037419,0.6257060318889491,Big_Bend,2024,fracsno_jennings,NV,2102.5104,17,0.8229381736420096,1.1395348837209287,-0.3165967100789191
373.37999999999994,255.40699544990102,-31.595962437757496,-117.97300455009892,2024-03-13,2024-03-14,1,2024-04-29,2024-04-28,-1.0,45.57200941383342,0.8663839429463567,0.9928682367701015,0.5891002205804294,Big_Bend,2024,sza_g4_z02,NV,2102.5104,17,0.8217437354627927,1.1395348837209287,-0.31779114825813604
373.37999999999994,254.88246808152053,-31.736443279897003,-118.49753191847941,2024-03-13,2024-03-14,1,2024-04-29,2024-04-22,-7.0,49.51037718813072,0.842291622097275,0.981036922264742,0.5587669691597783,Big_Bend,2024,sza_g4_z05,NV,2102.5104,17,0.8200561267178318,1.1395348837209287,-0.3194787570030969
373.37999999999994,254.8140629603373,-31.754763790150154,-118.56593703966263,2024-03-13,2024-03-14,1,2024-04-29,2024-04-23,-6.0,47.95893963675184,0.8520205394931691,0.9859320423097904,0.5694206915885058,Big_Bend,2024,jennings_sza_g4_z05,NV,2102.5104,17,0.8198360408125618,1.1395348837209287,-0.3196988429083669
568.9599999999999,353.7845568868988,-37.81908097460298,-215.1754431131011,2000-04-09,2000-04-03,-6,2000-06-05,2000-04-30,-36.0,153.5509743369568,0.45254966233118266,0.7058651262815179,0.3516580687835472,Skalkaho_Summit,2000,baseline,MT,2209.8,17,0.827823729117408,1.1851851851851831,-0.35736145606777514
568.9599999999999,373.91445498253466,-34.28106457702919,-195.04554501746526,2000-04-09,2000-04-04,-5,2000-06-05,2000-05-27,-9.0,111.84954697536848,0.7095254860249707,0.9458136183201591,0.46776745203300185,Skalkaho_Summit,2000,fracsno,MT,2209.8,17,0.874925862276968,1.1851851851851831,-0.3102593229082151
568.9599999999999,373.77986459376535,-34.30472008686632,-195.18013540623457,2000-04-09,2000-04-04,-5,2000-06-05,2000-05-28,-8.0,109.55678204561193,0.721312102066451,0.9553171871693641,0.4741314914597389,Skalkaho_Summit,2000,fracsno_jennings,MT,2209.8,17,0.8746109329919964,1.1851851851851831,-0.3105742521931867
568.9599999999999,373.4149127438579,-34.368863761273566,-195.54508725614204,2000-04-09,2000-04-04,-5,2000-06-05,2000-05-20,-16.0,121.18151519694543,0.6590330131526383,0.8966468861774322,0.4462218050961022,Skalkaho_Summit,2000,sza_g4_z02,MT,2209.8,17,0.8737569788115281,1.1851851851851831,-0.311428206373655
568.9599999999999,372.17501893476873,-34.58678660454711,-196.7849810652312,2000-04-09,2000-04-04,-5,2000-06-05,2000-05-10,-26.0,134.2987392041677,0.581222397771687,0.8136945321126683,0.41835655552706374,Skalkaho_Summit,2000,sza_g4_z05,MT,2209.8,17,0.8708557399169262,1.1851851851851831,-0.3143294452682569
568.9599999999999,372.4227142999875,-34.54325184547463,-196.53728570001243,2000-04-09,2000-04-04,-5,2000-06-05,2000-05-12,-24.0,132.9981554303655,0.589294224294312,0.8220646533090371,0.42140392199188725,Skalkaho_Summit,2000,jennings_sza_g4_z05,MT,2209.8,17,0.8714353245735454,1.1851851851851831,-0.3137498606116377
142.23999999999998,124.79294442125361,-12.26592771284194,-17.447055578746372,1990-03-17,1990-03-13,-4,1990-04-12,1990-04-03,-9.0,19.057761176745515,0.8229403600636351,0.8858873658494045,0.6199889326657451,Stickney_Mill,1990,baseline,ID,2264.664,17,0.5340594094111348,0.6588235294117644,-0.12476412000062953
142.23999999999998,187.58249324407268,31.877455880253592,45.3424932440727,1990-03-17,1990-04-09,23,1990-04-12,1990-05-15,33.0,45.57467415391444,-0.012565114412485201,0.7361320091060384,-0.03545016953969338,Stickney_Mill,1990,fracsno,ID,2264.664,17,0.7746029687871474,0.6588235294117644,0.11577943937538304
142.23999999999998,188.1865495289401,32.302129871302114,45.946549528940125,1990-03-17,1990-04-09,23,1990-04-12,1990-05-16,34.0,46.03064228324931,-0.03292760907251879,0.7339787717575594,-0.04997814859289207,Stickney_Mill,1990,fracsno_jennings,ID,2264.664,17,0.7770973582340561,0.6588235294117644,0.11827382882229176
142.23999999999998,185.6547624611139,30.522189581773013,43.414762461113924,1990-03-17,1990-03-13,-4,1990-04-12,1990-05-04,22.0,39.51467897806492,0.2388105993159234,0.8129820321463256,0.0977096530910806,Stickney_Mill,1990,sza_g4_z02,ID,2264.664,17,0.7945214631658339,0.6588235294117644,0.13569793375406958
142.23999999999998,183.98356141716192,29.34727321229046,41.74356141716194,1990-03-17,1990-03-13,-4,1990-04-12,1990-04-22,10.0,34.624030378113375,0.4155719440277168,0.8669452461660943,0.2051355888389934,Stickney_Mill,1990,sza_g4_z05,ID,2264.664,17,0.7873694511135544,0.6588235294117644,0.12854592170179002
142.23999999999998,185.26773586781064,30.25009552011436,43.02773586781066,1990-03-17,1990-03-13,-4,1990-04-12,1990-04-22,10.0,35.445642100608964,0.3875064603824062,0.8650585975962267,0.17981420527698433,Stickney_Mill,1990,jennings_sza_g4_z05,ID,2264.664,17,0.7928651580373307,0.6588235294117644,0.13404162862556634
408.94,253.60383373969327,-37.98507513579173,-155.33616626030673,2020-04-05,2020-02-25,-40,2020-05-12,2020-04-10,-32.0,114.23096478750917,0.3408262273086906,0.5208422986830343,0.3015062747848901,Salt_River_Summit,2020,baseline,WY,2328.672,17,0.8381005322204705,0.9938271604938265,-0.15572662827335593
408.94,292.0145826869886,-28.592316064217588,-116.9254173130114,2020-04-05,2020-03-06,-30,2020-05-12,2020-05-14,2.0,42.77029209311986,0.9075904911476216,0.9594537156447386,0.7351929396979635,Salt_River_Summit,2020,fracsno,WY,2328.672,17,0.9624573202377008,0.9938271604938265,-0.03136984025612566
408.94,294.44698089376794,-27.997510418700067,-114.49301910623205,2020-04-05,2020-03-01,-35,2020-05-12,2020-05-14,2.0,41.356025864226524,0.9136007791307905,0.9603274961244335,0.7490206874762687,Salt_River_Summit,2020,fracsno_jennings,WY,2328.672,17,0.9705226806332392,0.9938271604938265,-0.023304479860587257
408.94,286.1401078655319,-30.02882871190593,-122.79989213446811,2020-04-05,2020-04-06,1,2020-05-12,2020-05-06,-6.0,50.14519816022639,0.8729744940751429,0.9392686757279232,0.6895152422141855,Salt_River_Summit,2020,sza_g4_z02,WY,2328.672,17,0.755876082041809,0.9938271604938265,-0.23795107845201746
408.94,266.1249170984252,-34.92323639203179,-142.81508290157478,2020-04-05,2020-03-01,-35,2020-05-12,2020-04-29,-13.0,69.48082412048724,0.7561278811270097,0.8778765295226126,0.5566233891523329,Salt_River_Summit,2020,sza_g4_z05,WY,2328.672,17,0.8771707121658205,0.9938271604938265,-0.11665644832800592
408.94,265.2222801238607,-35.14396240918944,-143.7177198761393,2020-04-05,2020-03-01,-35,2020-05-12,2020-04-29,-13.0,69.67812951373897,0.754740862348957,0.8787763520271639,0.5533382427641854,Salt_River_Summit,2020,jennings_sza_g4_z05,WY,2328.672,17,0.8741955427362209,0.9938271604938265,-0.11963161775760556
228.6,190.63548814716444,-16.6073980108642,-37.96451185283556,2021-03-26,2021-03-27,1,2021-05-03,2021-04-18,-15.0,30.0000787921657,0.8666397787160475,0.9386009588679277,0.6673809824955377,Bear_Canyon,2021,baseline,ID,2407.92,17,0.7287172640644591,0.810810810810811,-0.08209354674635183
228.6,237.90647568985074,4.071074230030946,9.306475689850743,2021-03-26,2021-03-27,1,2021-05-03,2021-05-30,27.0,46.99788681808521,0.6727058982636129,0.746963591041633,0.7317933847656792,Bear_Canyon,2021,fracsno,ID,2407.92,17,0.9094138649257814,0.810810810810811,0.09860305411497039
228.6,239.44476659429154,4.743992385954305,10.844766594291542,2021-03-26,2021-04-28,33,2021-05-03,2021-06-02,30.0,48.80167847723208,0.647100506229404,0.7298146569817823,0.7157082857475032,Bear_Canyon,2021,fracsno_jennings,ID,2407.92,17,0.8159416121375795,0.810810810810811,0.005130801326768575
228.6,236.94363869510013,3.6498856933946366,8.34363869510014,2021-03-26,2021-03-27,1,2021-05-03,2021-05-17,14.0,37.39783978257573,0.7927595387826827,0.8287261089555941,0.8185563010357911,Bear_Canyon,2021,sza_g4_z02,ID,2407.92,17,0.9057333542959186,0.810810810810811,0.09492254348510765
228.6,237.05838447412202,3.7000806973412197,8.458384474122028,2021-03-26,2021-03-27,1,2021-05-03,2021-05-10,7.0,29.801599791258248,0.8683985503652558,0.8877308944715867,0.8728165276685458,Bear_Canyon,2021,sza_g4_z05,ID,2407.92,17,0.9061719779276699,0.810810810810811,0.09536116711685894
228.6,236.75194563567985,3.5660304618022094,8.151945635679851,2021-03-26,2021-03-27,1,2021-05-03,2021-05-12,9.0,31.572913710223094,0.8522896789577693,0.8746454678897247,0.8624591931914668,Bear_Canyon,2021,jennings_sza_g4_z05,ID,2407.92,17,0.9050005943929301,0.810810810810811,0.09418978358211916
500.37999999999994,124.08869608698423,-75.20110794056832,-376.2913039130157,2010-05-13,2010-03-14,-60,2010-06-15,2010-04-20,-56.0,186.51561076661775,-0.4438036010796267,0.2771867690733343,-0.19916291195458613,Pole_Creek_R.S.,2010,baseline,NV,2548.128,17,0.5730409274895983,1.2875816993464044,-0.7145407718568061
500.37999999999994,247.39387261015304,-50.558800789369464,-252.9861273898469,2010-05-13,2010-05-14,1,2010-06-15,2010-06-14,-1.0,110.39607517478014,0.4941927916394673,0.9754286623936782,0.2910000635333784,Pole_Creek_R.S.,2010,fracsno,NV,2548.128,17,0.6765181764102984,1.2875816993464044,-0.611063522936106
500.37999999999994,247.31768126645207,-50.57402748582036,-253.06231873354787,2010-05-13,2010-05-14,1,2010-06-15,2010-06-14,-1.0,110.4323328003016,0.49386049033369583,0.9752737385357895,0.2908186273779134,Pole_Creek_R.S.,2010,fracsno_jennings,NV,2548.128,17,0.6763098251348404,1.2875816993464044,-0.611271874211564
500.37999999999994,227.9785288937529,-54.438920641561836,-272.4014711062471,2010-05-13,2010-05-14,1,2010-06-15,2010-06-06,-9.0,119.87738992392642,0.40357985461399704,0.9264712610515494,0.24380864897145826,Pole_Creek_R.S.,2010,sza_g4_z02,NV,2548.128,17,0.6234253783275575,1.2875816993464044,-0.6641563210188469
500.37999999999994,196.7206680413434,-60.685745225360044,-303.65933195865654,2010-05-13,2010-04-06,-37,2010-06-15,2010-05-27,-19.0,142.16116820956617,0.16123613073477394,0.716302588335272,0.13961645654040145,Pole_Creek_R.S.,2010,sza_g4_z05,NV,2548.128,17,0.7499716590109101,1.2875816993464044,-0.5376100403354943
500.37999999999994,196.07715033764302,-60.81435102569187,-304.30284966235695,2010-05-13,2010-04-06,-37,2010-06-15,2010-05-27,-19.0,141.76787828179027,0.165870604151109,0.7239287095403287,0.14071006028192035,Pole_Creek_R.S.,2010,jennings_sza_g4_z05,NV,2548.128,17,0.7475183324507052,1.2875816993464044,-0.5400633668956992
340.36,195.96680409157852,-42.42366785416073,-144.3931959084215,2000-03-29,2000-03-23,-6,2000-06-01,2000-04-22,-40.0,108.03466314753939,0.2820908004491425,0.6152602135721964,0.18837757569537417,Gunsight_Pass,2000,baseline,WY,2993.136,17,0.774046400486023,1.2523364485981308,-0.47829004811210774
340.36,234.89177082812094,-30.987257366282485,-105.46822917187907,2000-03-29,2000-03-29,0,2000-06-01,2000-05-24,-8.0,60.82347045323818,0.77244537488141,0.9541025694271236,0.5128824559150725,Gunsight_Pass,2000,fracsno,WY,2993.136,17,0.909644706385295,1.2523364485981308,-0.3426917422128357
340.36,234.49399684957143,-31.10412596968756,-105.86600315042858,2000-03-29,2000-03-29,0,2000-06-01,2000-05-25,-7.0,57.30511166177836,0.7980099389173031,0.9719474475331202,0.5309643774021768,Gunsight_Pass,2000,fracsno_jennings,WY,2993.136,17,0.9081042820756238,1.2523364485981308,-0.344232166522507
340.36,234.42025648710725,-31.125791371751312,-105.93974351289276,2000-03-29,2000-03-29,0,2000-06-01,2000-05-15,-17.0,73.81311414680845,0.6648722959833366,0.8467467045812908,0.46352861775816734,Gunsight_Pass,2000,sza_g4_z02,WY,2993.136,17,0.9078187142580455,1.2523364485981308,-0.34451773434008526
340.36,233.95105949502013,-31.263644524908884,-106.40894050497988,2000-03-29,2000-03-29,0,2000-06-01,2000-05-04,-28.0,82.68737581035447,0.5794460728266607,0.7673403706890879,0.4202020027982656,Gunsight_Pass,2000,sza_g4_z05,WY,2993.136,17,0.9060016963242148,1.2523364485981308,-0.34633475227391597
340.36,233.70838719465405,-31.33494323814372,-106.65161280534596,2000-03-29,2000-03-29,0,2000-06-01,2000-05-05,-27.0,80.89157470151635,0.5975148568673807,0.783853314182733,0.42957772053919074,Gunsight_Pass,2000,jennings_sza_g4_z05,WY,2993.136,17,0.9050619206452453,1.2523364485981308,-0.3472745279528855
17.779999999999998,3.9932919452561975,-77.54054024040383,-13.7867080547438,2015-01-04,2015-02-28,55,2015-02-28,2015-02-28,0.0,3.345414306748062,-0.03574385299903238,0.04386306531984946,-0.5038250474456645,Howard_Prairie,2015,baseline,OR,1395.9840000000002,18,0.007557111319599082,0.050359712230215826,-0.042802600910616745
17.779999999999998,11.864440991164928,-33.270860567126384,-5.91555900883507,2015-01-04,2015-01-04,0,2015-02-28,2015-02-28,0.0,1.9779941636289269,0.6379216509104562,0.6672158591689972,0.51559377144567,Howard_Prairie,2015,fracsno,OR,1395.9840000000002,18,0.033629560057704094,0.050359712230215826,-0.016730152172511732
17.779999999999998,11.577861197282624,-34.882670431481294,-6.202138802717373,2015-01-04,2015-01-04,0,2015-02-28,2015-02-28,0.0,1.8815615807267831,0.6723656573710861,0.769059048857533,0.37533495541559114,Howard_Prairie,2015,fracsno_jennings,OR,1395.9840000000002,18,0.0328172544128898,0.050359712230215826,-0.017542457817326024
17.779999999999998,11.8272948483885,-33.479781505126546,-5.952705151611498,2015-01-04,2015-01-04,0,2015-02-28,2015-02-28,0.0,1.9342952087614969,0.653743402622357,0.7104964636528517,0.4386798760668714,Howard_Prairie,2015,sza_g4_z02,OR,1395.9840000000002,18,0.033524269935704905,0.050359712230215826,-0.01683544229451092
17.779999999999998,11.78565221407455,-33.71399204682479,-5.994347785925447,2015-01-04,2015-01-04,0,2015-02-28,2015-02-28,0.0,1.9948621982199666,0.6317198204288592,0.707294755758818,0.3700930375402165,Howard_Prairie,2015,sza_g4_z05,OR,1395.9840000000002,18,0.033406234583456554,0.050359712230215826,-0.016953477646759273
17.779999999999998,11.499559793978468,-35.323060776274076,-6.280440206021529,2015-01-04,2015-01-04,0,2015-02-28,2015-02-28,0.0,2.018765696723962,0.6228410848980871,0.7320121870182578,0.2890282836544942,Howard_Prairie,2015,jennings_sza_g4_z05,OR,1395.9840000000002,18,0.03259531039150856,0.050359712230215826,-0.01776440183870727
78.74,36.55988158194505,-53.56885752864484,-42.180118418054946,2014-12-21,2014-12-30,9,2015-03-27,2015-03-26,-1.0,16.08871120016659,0.16932626475473644,0.3146170547858634,-0.02630515855795923,Cold_Springs_Camp,2015,baseline,OR,1810.512,18,0.05597743259118632,0.12970711297071127,-0.07372968037952496
78.74,223.11599563887737,183.35788117713665,144.37599563887738,2014-12-21,2015-03-11,80,2015-03-27,2015-05-02,36.0,101.3756294869086,-31.980337442939295,0.3108679097967926,-7.403387237458533,Cold_Springs_Camp,2015,fracsno,OR,1810.512,18,0.24501326101947418,0.12970711297071127,0.11530614804876291
78.74,169.45238678201338,115.20496162308025,90.71238678201338,2014-12-21,2015-02-02,43,2015-03-27,2015-04-20,24.0,61.03007513938027,-10.952968535019577,0.49498594376709665,-3.8533174469084823,Cold_Springs_Camp,2015,fracsno_jennings,OR,1810.512,18,0.22435669992995325,0.12970711297071127,0.09464958695924197
78.74,215.38323876240227,173.53726030277153,136.6432387624023,2014-12-21,2015-02-02,43,2015-03-27,2015-04-23,27.0,92.65424650007692,-26.54981101714913,0.35676456032974324,-6.548490182133935,Cold_Springs_Camp,2015,sza_g4_z02,OR,1810.512,18,0.2851696195410981,0.12970711297071127,0.15546250657038682
78.74,214.42428308391447,172.3193841553397,135.68428308391447,2014-12-21,2015-02-02,43,2015-03-27,2015-04-16,20.0,87.1263892146851,-23.360567356609163,0.39919300759948584,-5.947111452899272,Cold_Springs_Camp,2015,sza_g4_z05,OR,1810.512,18,0.2838999523768263,0.12970711297071127,0.15419283940611503
78.74,191.0401644578302,142.6214941044326,112.3001644578302,2014-12-21,2015-02-04,45,2015-03-27,2015-03-28,1.0,57.25056683232005,-9.518348326375916,0.5086289594256841,-3.2930424855697753,Cold_Springs_Camp,2015,jennings_sza_g4_z05,OR,1810.512,18,0.2381115322553529,0.12970711297071127,0.10840441928464162
