obs_peak,mod_peak,peak_bias_pct,peak_bias_mm,obs_peak_date,mod_peak_date,peak_date_bias,obs_meltout,mod_meltout,meltout_bias,rmse,nse,r2,kge,site,wy,config,state,elevation_m,huc2,bias_category,part_ratio,obs_part_ratio,part_ratio_bias
144.78,37.74823352818696,-73.92717673146363,-107.03176647181304,2010-04-16,2009-10-06,-192,2010-05-18,2010-04-30,-18,63.12103745574803,-0.7213644085034512,0.01054161911906708,-0.5421456786641197,Dupuyer_Creek,2010,baseline_raw,MT,1752.6,10,BOTH_BIASES,0.8014164340260731,0.5229357798165137,0.27848065420955936
144.78,42.225853524987784,-70.83447055878727,-102.55414647501222,2010-04-16,2009-10-14,-184,2010-05-18,2010-05-01,-17,60.590536664185116,-0.5861131319229396,0.05283770126510377,-0.39136832092441587,Dupuyer_Creek,2010,sza_g4_z02_raw,MT,1752.6,10,BOTH_BIASES,0.744012630268521,0.5229357798165137,0.2210768504520073
144.78,44.81359017660028,-69.04711273891402,-99.96640982339972,2010-04-16,2009-10-06,-192,2010-05-18,2010-04-14,-34,61.8358391211245,-0.6519811203610975,0.026315528644190882,-0.45643060771486854,Dupuyer_Creek,2010,baseline_rfcorrected,MT,1752.6,10,BOTH_BIASES,0.9514179679009158,0.5229357798165137,0.4284821880844021
144.78,51.19275662941747,-64.64100246621256,-93.58724337058254,2010-04-16,2009-10-14,-184,2010-05-18,2010-05-01,-17,59.69676749525267,-0.5396648426135213,0.05825017923011247,-0.33815768426465875,Dupuyer_Creek,2010,sza_g4_z02_rfcorrected,MT,1752.6,10,BOTH_BIASES,0.902007995836247,0.5229357798165137,0.3790722160197333
327.65999999999997,18.281392403766016,-94.42062125258927,-309.37860759623396,1990-04-11,1990-01-09,-92,1990-06-05,1990-04-29,-37,170.97408187783472,-0.8841629216521645,0.010686539434581432,-0.6508693556864937,Burroughs_Creek,1990,baseline_raw,WY,2667.0,10,BOTH_BIASES,0.19610106549175907,0.8486842105263154,-0.6525831450345563
327.65999999999997,64.56003755351371,-80.29663750426853,-263.09996244648624,1990-04-11,1990-03-29,-13,1990-06-05,1990-04-15,-51,149.66875555266492,-0.443843718712734,0.46094944112545083,-0.2230986515306772,Burroughs_Creek,1990,sza_g4_z02_raw,WY,2667.0,10,BOTH_BIASES,0.5046054249984643,0.8486842105263154,-0.3440787855278511
327.65999999999997,43.47217848021498,-86.73253418781206,-284.18782151978496,1990-04-11,1990-01-30,-71,1990-06-05,1990-02-26,-99,165.5952656807961,-0.7674768128603413,0.09308954382862214,-0.4817142512589745,Burroughs_Creek,1990,baseline_rfcorrected,WY,2667.0,10,BOTH_BIASES,0.40127074776148836,0.8486842105263154,-0.447413462764827
327.65999999999997,120.53976272725896,-63.211938372929566,-207.120237272741,1990-04-11,1990-03-29,-13,1990-06-05,1990-04-23,-43,126.6649388602926,-0.03411950158730437,0.5600505723150663,0.01690062170611839,Burroughs_Creek,1990,sza_g4_z02_rfcorrected,WY,2667.0,10,BOTH_BIASES,0.9421465740286287,0.8486842105263154,0.0934623635023133
294.64,47.49575260965049,-83.8800731028881,-247.1442473903495,2003-04-25,2003-03-31,-25,2003-05-30,2003-04-05,-55,114.57423808087108,-0.6742741914494497,0.06967650625808683,-0.4850649227913433,Buckskin_Joe,2003,baseline_raw,CO,3403.3968,10,BOTH_BIASES,0.21476257781860744,0.7733333333333334,-0.558570755514726
294.64,262.5005523444783,-10.908039524681538,-32.13944765552168,2003-04-25,2003-04-26,1,2003-05-30,2003-06-04,5,17.887459841218213,0.9591915621288609,0.9673547639444746,0.8925466235834466,Buckskin_Joe,2003,sza_g4_z02_raw,CO,3403.3968,10,BOTH_BIASES,0.8987363907441448,0.7733333333333334,0.12540305741081137
294.64,289.8914939837705,-1.6116297910091972,-4.7485060162294985,2003-04-25,2003-04-26,1,2003-05-30,2003-05-28,-2,20.241063061291396,0.9477460334577772,0.9677003530320364,0.8410793928837759,Buckskin_Joe,2003,baseline_rfcorrected,CO,3403.3968,10,BOTH_BIASES,0.9925161401889226,0.7733333333333334,0.21918280685558922
294.64,352.61945750055753,19.67806730266004,57.979457500557544,2003-04-25,2003-04-26,1,2003-05-30,2003-06-12,13,39.991954720194265,0.796015160529166,0.9265455603475132,0.649079044152766,Buckskin_Joe,2003,sza_g4_z02_rfcorrected,CO,3403.3968,10,BOTH_BIASES,1.2072810350674132,0.7733333333333334,0.4339477017340798
220.97999999999996,25.33680113457972,-88.53434648629752,-195.64319886542023,2003-03-07,2002-11-10,-117,2003-04-25,2003-02-27,-57,86.66642873556803,-0.596246253556038,0.0018719186969637315,-0.6846876821015748,Chamita,2003,baseline_raw,NM,2555.1384000000003,13,BOTH_BIASES,0.3052099181146299,0.9255319148936169,-0.620321996778987
220.97999999999996,101.36239779158483,-54.130510547748734,-119.61760220841514,2003-03-07,2003-03-22,15,2003-04-25,2003-04-09,-16,51.865792041111135,0.4283106289344768,0.9049433660533112,0.1823506611952218,Chamita,2003,sza_g4_z02_raw,NM,2555.1384000000003,13,BOTH_BIASES,0.5679633664650803,0.9255319148936169,-0.3575685484285366
220.97999999999996,50.593622210556184,-77.10488631977726,-170.38637778944377,2003-03-07,2002-11-10,-117,2003-04-25,2003-02-19,-65,86.0208505125693,-0.5725539489158809,0.00036043446489519236,-0.6260788995584037,Chamita,2003,baseline_rfcorrected,NM,2555.1384000000003,13,BOTH_BIASES,0.6094563875678664,0.9255319148936169,-0.3160755273257505
220.97999999999996,182.34500027981622,-17.483482541489614,-38.63499972018374,2003-03-07,2003-03-24,17,2003-04-25,2003-04-27,2,24.721581762039666,0.8701175121934489,0.8984892733003432,0.7645112512288357,Chamita,2003,sza_g4_z02_rfcorrected,NM,2555.1384000000003,13,BOTH_BIASES,1.0217327379127814,0.9255319148936169,0.09620082301916455
487.6799999999999,289.6932836547946,-40.59766985424979,-197.9867163452053,2023-04-07,2023-04-05,-2,2023-05-11,2023-05-02,-9,98.99574383779164,0.638002999698581,0.9419035076084469,0.3723340861251011,Battle_Mountain,2023,baseline_raw,WY,2285.3904,14,BOTH_BIASES,0.626108983490281,0.7773279352226719,-0.15121895173239086
487.6799999999999,330.6100761525003,-32.20757952909687,-157.06992384749958,2023-04-07,2023-04-05,-2,2023-05-11,2023-05-18,7,70.40214542168039,0.8169188156372318,0.960682252279763,0.572009658888649,Battle_Mountain,2023,sza_g4_z02_raw,WY,2285.3904,14,BOTH_BIASES,0.7145417253033385,0.7773279352226719,-0.06278620991933337
487.6799999999999,326.7589956404469,-32.997253190525136,-160.92100435955297,2023-04-07,2023-04-05,-2,2023-05-11,2023-05-05,-6,82.59993267412786,0.7479821443205403,0.9571437935021665,0.47937649440824837,Battle_Mountain,2023,baseline_rfcorrected,WY,2285.3904,14,BOTH_BIASES,0.7062184529294638,0.7773279352226719,-0.07110948229320802
487.6799999999999,378.1188875873197,-22.465779284096172,-109.56111241268019,2023-04-07,2023-04-05,-2,2023-05-11,2023-05-18,7,51.81532857506185,0.9008281446465483,0.9622892249327027,0.7149552444052996,Battle_Mountain,2023,sza_g4_z02_rfcorrected,WY,2285.3904,14,BOTH_BIASES,0.8172216813555191,0.7773279352226719,0.03989374613284724
474.98,196.68446589690404,-58.59100048488273,-278.295534103096,2005-05-06,2005-04-11,-25,2005-06-01,2005-05-09,-23,168.78910609594658,0.10636043754795621,0.7504192995106506,0.10754128033732036,Slumgullion,2005,baseline_raw,CO,3523.4880000000003,14,BOTH_BIASES,0.616473341709332,1.033149171270717,-0.41667582956138505
474.98,293.9991332631936,-38.10283943256694,-180.98086673680643,2005-05-06,2005-04-11,-25,2005-06-01,2005-05-31,-1,86.56138742069817,0.764970715513889,0.984422179166664,0.5267823851855952,Slumgullion,2005,sza_g4_z02_raw,CO,3523.4880000000003,14,BOTH_BIASES,0.9214892864869664,1.033149171270717,-0.11165988478375066
474.98,354.32186649540205,-25.402781907574628,-120.65813350459797,2005-05-06,2005-04-11,-25,2005-06-01,2005-05-22,-10,80.02691702075508,0.7991158214003059,0.9235463879812843,0.6223229735104487,Slumgullion,2005,baseline_rfcorrected,CO,3523.4880000000003,14,BOTH_BIASES,1.1105604302965268,1.033149171270717,0.07741125902580981
474.98,413.82653330790635,-12.874956143857355,-61.15346669209367,2005-05-06,2005-04-11,-25,2005-06-01,2005-06-06,5,35.469319141679044,0.9605379843171119,0.972208045831801,0.8795633346695264,Slumgullion,2005,sza_g4_z02_rfcorrected,CO,3523.4880000000003,14,BOTH_BIASES,1.2970674868143153,1.033149171270717,0.26391831554359824
109.21999999999998,70.14212551047562,-35.77904641047827,-39.07787448952436,2024-02-09,2024-02-10,1,2024-04-16,2024-02-19,-57,15.410188135352977,0.4068613621310545,0.6562912189946302,0.05893969652575348,Bar_M,2024,baseline_raw,AZ,1949.8056,15,BOTH_BIASES,0.27837696270042567,0.30714285714285716,-0.028765894442431494
109.21999999999998,101.6755636679137,-6.907559359170737,-7.544436332086278,2024-02-09,2024-02-20,11,2024-04-16,2024-03-03,-44,10.213856552771208,0.7394327424029261,0.804472749105531,0.7747212895177215,Bar_M,2024,sza_g4_z02_raw,AZ,1949.8056,15,BOTH_BIASES,0.4035254761491422,0.30714285714285716,0.09638261900628503
109.21999999999998,79.21344391296805,-27.473499438776727,-30.00655608703194,2024-02-09,2024-02-10,1,2024-04-16,2024-02-21,-55,13.449571818617656,0.5481885315992457,0.7305397862059365,0.18672312869234653,Bar_M,2024,baseline_rfcorrected,AZ,1949.8056,15,BOTH_BIASES,0.31437880961048514,0.30714285714285716,0.007235952467627982
109.21999999999998,129.993278753877,19.019665586776256,20.773278753877022,2024-02-09,2024-02-20,11,2024-04-16,2024-03-04,-43,16.167651493233567,0.34711872661066334,0.7612173727366798,0.4406887895544037,Bar_M,2024,sza_g4_z02_rfcorrected,AZ,1949.8056,15,BOTH_BIASES,0.5159115702242237,0.30714285714285716,0.20876871308136657
172.72,97.20911719240316,-43.71866767461605,-75.51088280759684,2024-03-04,2024-03-05,1,2024-03-19,2024-03-12,-7,28.262503659337654,0.3432702069532769,0.5286333881566255,0.015486886055678717,Spratt_Creek,2024,baseline_raw,CA,1848.0024,16,BOTH_BIASES,0.19086601326949482,0.3756906077348065,-0.1848245944653117
172.72,171.3166895321922,-0.8124771119776429,-1.4033104678077848,2024-03-04,2024-03-06,2,2024-03-19,2024-04-10,22,19.34400928412106,0.6923489231369893,0.7469841714442322,0.6884950832044503,Spratt_Creek,2024,sza_g4_z02_raw,CA,1848.0024,16,BOTH_BIASES,0.33637311480586823,0.3756906077348065,-0.03931749292893827
172.72,107.37347082993271,-37.833794100316865,-65.34652917006729,2024-03-04,2024-03-05,1,2024-03-19,2024-03-12,-7,26.400551630576004,0.4269513965523958,0.569434062549134,0.12052905252375612,Spratt_Creek,2024,baseline_rfcorrected,CA,1848.0024,16,BOTH_BIASES,0.21082329415310486,0.3756906077348065,-0.16486731358170165
172.72,195.66657913069182,13.285420988126342,22.946579130691816,2024-03-04,2024-03-06,2,2024-03-19,2024-04-13,25,26.639034025744984,0.4165516704074965,0.6717332734454885,0.3293995851771575,Spratt_Creek,2024,sza_g4_z02_rfcorrected,CA,1848.0024,16,BOTH_BIASES,0.3841830989457218,0.3756906077348065,0.008492491210915276
464.82,61.74029530331029,-86.71737547796775,-403.0797046966897,2003-05-11,2003-03-06,-66,2003-06-16,2003-03-27,-81,205.07302319230584,-0.8942126210731685,0.06697350039159797,-0.4748891059237701,Big_Flat,2003,baseline_raw,UT,3154.3752,16,BOTH_BIASES,0.23545889729287128,0.8133333333333331,-0.5778744360404618
464.82,311.53080119115987,-32.97818484764858,-153.28919880884013,2003-05-11,2003-05-11,0,2003-06-16,2003-06-03,-13,84.91561998756825,0.6752218318388281,0.9370823890475629,0.48561224931640146,Big_Flat,2003,sza_g4_z02_raw,UT,3154.3752,16,BOTH_BIASES,0.6996511675121967,0.8133333333333331,-0.11368216582113644
464.82,232.9943202457871,-49.87429107056773,-231.8256797542129,2003-05-11,2003-04-24,-17,2003-06-16,2003-05-24,-23,128.0177999170569,0.2618368230212339,0.7905674616898127,0.2294536530278123,Big_Flat,2003,baseline_rfcorrected,UT,3154.3752,16,BOTH_BIASES,0.6246750410708033,0.8133333333333331,-0.18865829226252984
464.82,353.0839543940774,-24.038562369502728,-111.73604560592258,2003-05-11,2003-05-11,0,2003-06-16,2003-06-06,-10,63.56079903229194,0.8180339555410167,0.9445222084864546,0.6430369935612279,Big_Flat,2003,sza_g4_z02_rfcorrected,UT,3154.3752,16,BOTH_BIASES,0.792973278972999,0.8133333333333331,-0.020360054360334168
35.559999999999995,13.098623719307986,-63.16472519879643,-22.461376280692008,2005-01-17,2005-01-17,0,2005-02-13,2005-02-07,-6,5.089043414458065,0.05810418349085433,0.3741152644257378,-0.29883256930389623,Huckleberry_Creek,2005,baseline_raw,WA,685.8000000000001,17,BOTH_BIASES,0.034254633227985304,0.10606060606060605,-0.07180597283262075
35.559999999999995,33.87027649299602,-4.751753394274397,-1.6897235070039756,2005-01-17,2005-01-17,0,2005-02-13,2005-02-07,-6,3.1606353011267996,0.6366883458999602,0.6683724552967857,0.530729619583066,Huckleberry_Creek,2005,sza_g4_z02_raw,WA,685.8000000000001,17,BOTH_BIASES,0.0885752521379648,0.10606060606060605,-0.01748535392264125
35.559999999999995,12.936208268048903,-63.621461563417036,-22.623791731951094,2005-01-17,2005-01-17,0,2005-02-13,2005-03-29,44,5.08689010103013,0.058901098608873714,0.37937382331321834,-0.29730547292144416,Huckleberry_Creek,2005,baseline_rfcorrected,WA,685.8000000000001,17,BOTH_BIASES,0.033829895344627624,0.10606060606060605,-0.07223071071597842
35.559999999999995,34.26428863000876,-3.6437327615051704,-1.2957113699912384,2005-01-17,2005-01-17,0,2005-02-13,2005-02-08,-5,3.1619872862560277,0.636377460927601,0.6685474352783107,0.5703265779965442,Huckleberry_Creek,2005,sza_g4_z02_rfcorrected,WA,685.8000000000001,17,BOTH_BIASES,0.08960564598162114,0.10606060606060605,-0.016454960078984907
269.23999999999995,126.45281900325637,-53.03342036723504,-142.7871809967436,2003-04-07,2003-03-12,-26,2003-05-03,2003-03-23,-41,79.9588012105134,0.0179005390344682,0.31552304723802155,-0.037429697489879565,Hand_Creek,2003,baseline_raw,MT,1534.668,17,BOTH_BIASES,0.567549633940022,0.7210884353741494,-0.15353880143412735
269.23999999999995,177.0508355450685,-34.240515694150744,-92.18916445493144,2003-04-07,2003-03-13,-25,2003-05-03,2003-04-25,-8,35.6660822434008,0.8045958705082229,0.9196292025426739,0.5680101706439615,Hand_Creek,2003,sza_g4_z02_raw,MT,1534.668,17,BOTH_BIASES,0.7867673490605563,0.7210884353741494,0.06567891368640699
269.23999999999995,175.57986565196282,-34.78685720845237,-93.66013434803713,2003-04-07,2003-03-12,-26,2003-05-03,2003-04-07,-26,65.21340319812721,0.3467240750945024,0.5203893620533235,0.2595245198226451,Hand_Creek,2003,baseline_rfcorrected,MT,1534.668,17,BOTH_BIASES,0.7880432343342506,0.7210884353741494,0.06695479896010126
269.23999999999995,230.27410466272067,-14.472550637824725,-38.96589533727928,2003-04-07,2003-03-13,-25,2003-05-03,2003-04-30,-3,17.729221202701176,0.951716111168801,0.9572664685181678,0.8931695428030446,Hand_Creek,2003,sza_g4_z02_rfcorrected,MT,1534.668,17,BOTH_BIASES,1.0232775593801942,0.7210884353741494,0.3021891240060448
0.0,0.0,,0.0,2020-10-01,2020-10-01,0,2021-06-09,2021-06-09,0,0.0,,,,Merritt_Mountain,2021,baseline_raw,NV,2107.692,17,BOTH_BIASES,0.11759496888402315,,
0.0,0.0,,0.0,2020-10-01,2020-10-01,0,2021-06-09,2021-06-09,0,0.0,,,,Merritt_Mountain,2021,sza_g4_z02_raw,NV,2107.692,17,BOTH_BIASES,0.6893930632011835,,
0.0,0.0,,0.0,2020-10-01,2020-10-01,0,2021-06-09,2021-06-09,0,0.0,,,,Merritt_Mountain,2021,baseline_rfcorrected,NV,2107.692,17,BOTH_BIASES,0.291569302540058,,
0.0,0.0,,0.0,2020-10-01,2020-10-01,0,2021-06-09,2021-06-09,0,0.0,,,,Merritt_Mountain,2021,sza_g4_z02_rfcorrected,NV,2107.692,17,BOTH_BIASES,0.9472135211603998,,
337.82,116.83254183426835,-65.41574156821137,-220.98745816573165,2003-05-13,2003-03-10,-64,2003-05-30,2003-04-12,-48,141.11731630969373,-0.30885688336632366,0.4062343953788591,-0.17575163914228997,Gunsight_Pass,2003,baseline_raw,WY,2993.136,17,BOTH_BIASES,0.49056691722223994,0.7916666666666661,-0.30109974944442613
337.82,226.51657079639395,-32.94755467515424,-111.30342920360604,2003-05-13,2003-03-29,-45,2003-05-30,2003-05-24,-6,66.89042343718533,0.705924100360143,0.9342720728000076,0.47148658178302794,Gunsight_Pass,2003,sza_g4_z02_raw,WY,2993.136,17,BOTH_BIASES,0.849939986230831,0.7916666666666661,0.05827331956416493
337.82,270.74397459230363,-19.85555189381812,-67.07602540769636,2003-05-13,2003-03-29,-45,2003-05-30,2003-04-29,-31,92.81636566780534,0.4337859233539,0.5848075803226361,0.43237032272292975,Gunsight_Pass,2003,baseline_rfcorrected,WY,2993.136,17,BOTH_BIASES,1.0158909311933058,0.7916666666666661,0.22422426452663968
337.82,335.7241008679345,-0.6204189012093668,-2.095899132065483,2003-05-13,2003-03-29,-45,2003-05-30,2003-05-29,-1,22.61810980157648,0.9663764039048415,0.9769818948723922,0.8828490627188924,Gunsight_Pass,2003,sza_g4_z02_rfcorrected,WY,2993.136,17,BOTH_BIASES,1.2597106545707646,0.7916666666666661,0.4680439879040985
63.5,19.861892138152594,-68.7214297036967,-43.6381078618474,2005-03-27,2005-03-16,-11,2005-04-08,2005-03-17,-22,15.942161212257508,-0.10400781552709915,0.14092628825573839,-0.34012026908347326,Rocky_Boy,2005,baseline_raw,MT,1432.5600000000002,10,PRECIP_BIAS_ONLY,0.14608279697629323,0.3012048192771083,-0.15512202230081507
63.5,28.803885074181874,-54.63955106428051,-34.69611492581812,2005-03-27,2005-03-17,-10,2005-04-08,2005-03-28,-11,13.97213748691464,0.15198515335209062,0.31963867762677617,-0.025433500944889165,Rocky_Boy,2005,sza_g4_z02_raw,MT,1432.5600000000002,10,PRECIP_BIAS_ONLY,0.21104495065967027,0.3012048192771083,-0.09015986861743802
63.5,27.228902108109537,-57.1198391998275,-36.27109789189046,2005-03-27,2005-03-16,-11,2005-04-08,2005-03-21,-18,15.396647505555597,-0.029745941324220926,0.1814050620712232,-0.23665949959303356,Rocky_Boy,2005,baseline_rfcorrected,MT,1432.5600000000002,10,PRECIP_BIAS_ONLY,0.20026662872192505,0.3012048192771083,-0.10093819055518324
63.5,34.50473239875058,-45.66183874212506,-28.995267601249417,2005-03-27,2005-03-17,-10,2005-04-08,2005-03-29,-10,13.337872962983107,0.22722883581154996,0.35014592483528945,0.08861889996329841,Rocky_Boy,2005,sza_g4_z02_rfcorrected,MT,1432.5600000000002,10,PRECIP_BIAS_ONLY,0.252814838271475,0.3012048192771083,-0.0483899810056333
609.5999999999999,492.4892640470645,-19.21107873243691,-117.11073595293539,1990-04-14,1990-03-24,-21,1990-06-20,1990-05-19,-32,147.57772771993038,0.6185541340986134,0.7448839302393849,0.5648984329984299,Mount_Lockhart,1990,baseline_raw,MT,1950.72,10,PRECIP_BIAS_ONLY,0.7591288147803082,0.69164265129683,0.06748616348347825
609.5999999999999,513.0414367889017,-15.839659319405875,-96.5585632110982,1990-04-14,1990-03-24,-21,1990-06-20,1990-06-04,-16,107.80680915253055,0.7964441171471033,0.8753517919015451,0.6777001081182759,Mount_Lockhart,1990,sza_g4_z02_raw,MT,1950.72,10,PRECIP_BIAS_ONLY,0.7908081785220934,0.69164265129683,0.0991655272252634
609.5999999999999,628.0244119463007,3.022377287779,18.42441194630078,1990-04-14,1990-03-24,-21,1990-06-20,1990-05-29,-22,99.47683734257842,0.8266853746250649,0.8405244865878103,0.8712612578423843,Mount_Lockhart,1990,baseline_rfcorrected,MT,1950.72,10,PRECIP_BIAS_ONLY,0.9680443053238512,0.69164265129683,0.2764016540270212
609.5999999999999,646.7527768627582,6.094615627092896,37.15277686275829,1990-04-14,1990-03-24,-21,1990-06-20,1990-06-10,-10,69.25560581475662,0.9159957730973319,0.9191949837293375,0.9556736084641445,Mount_Lockhart,1990,sza_g4_z02_rfcorrected,MT,1950.72,10,PRECIP_BIAS_ONLY,0.9969124299708179,0.69164265129683,0.30526977867398786
312.42,10.093964317927169,-96.76910430896642,-302.32603568207287,2003-04-07,2002-11-24,-134,2003-05-25,2003-03-27,-59,153.0122247473695,-0.7956017513188858,0.00017405347277576214,-0.7326123782352854,Whiskey_Creek,2003,baseline_raw,MT,2072.6400000000003,10,PRECIP_BIAS_ONLY,0.42750008038110615,0.7935483870967732,-0.36604830671566707
312.42,40.11623662868753,-87.15951711520148,-272.30376337131247,2003-04-07,2003-01-31,-66,2003-05-25,2003-03-12,-74,146.02108033561635,-0.6352677632888664,0.09464668613550974,-0.4660433868553484,Whiskey_Creek,2003,sza_g4_z02_raw,MT,2072.6400000000003,10,PRECIP_BIAS_ONLY,0.8716826371796383,0.7935483870967732,0.07813425008286512
312.42,37.21877909086265,-88.0869409478066,-275.20122090913736,2003-04-07,2003-01-13,-84,2003-05-25,2003-03-27,-59,150.1616929343095,-0.729322821254718,1.5795398804916735e-06,-0.6482788714693042,Whiskey_Creek,2003,baseline_rfcorrected,MT,2072.6400000000003,10,PRECIP_BIAS_ONLY,1.0508546504261282,0.7935483870967732,0.257306263329355
312.42,133.33562641692956,-57.32167389509969,-179.08437358307046,2003-04-07,2003-03-08,-30,2003-05-25,2003-04-10,-45,118.66991748119719,-0.08003801422184442,0.3270303781647758,-0.01532961264062016,Whiskey_Creek,2003,sza_g4_z02_rfcorrected,MT,2072.6400000000003,10,PRECIP_BIAS_ONLY,2.1563482071727917,0.7935483870967732,1.3627998200760185
370.84,109.34002126874827,-70.51558050136224,-261.4999787312517,2022-05-02,2022-02-19,-72,2022-06-18,2022-03-28,-82,152.76471997313215,-0.4370452875849895,0.16808704180343473,-0.23561203177887702,Onion_Park,2022,baseline_raw,MT,2258.568,10,PRECIP_BIAS_ONLY,0.6020741813216045,0.8439306358381496,-0.24185645451654514
370.84,119.00145262153755,-67.9102975349106,-251.8385473784624,2022-05-02,2022-03-20,-43,2022-06-18,2022-05-07,-42,131.2921896591179,-0.06145625627445872,0.5139568528620013,0.0006578313099057098,Onion_Park,2022,sza_g4_z02_raw,MT,2258.568,10,PRECIP_BIAS_ONLY,0.5847419428778835,0.8439306358381496,-0.25918869296026614
370.84,138.83794545932963,-62.56122709003083,-232.00205454067034,2022-05-02,2022-02-19,-72,2022-06-18,2022-04-05,-74,144.2991450481013,-0.28218837253423623,0.21489376122427756,-0.10793293323809805,Onion_Park,2022,baseline_rfcorrected,MT,2258.568,10,PRECIP_BIAS_ONLY,0.7645027079640004,0.8439306358381496,-0.0794279278741492
370.84,154.3085560909858,-58.389452030259456,-216.53144390901417,2022-05-02,2022-04-30,-2,2022-06-18,2022-05-13,-36,114.66149461376331,0.1904204762421534,0.6105905983449119,0.1670920478336111,Onion_Park,2022,sza_g4_z02_rfcorrected,MT,2258.568,10,PRECIP_BIAS_ONLY,0.5762229869131884,0.8439306358381496,-0.26770764892496124
416.55999999999995,455.1754632895101,9.270084331071192,38.61546328951016,2000-04-05,2000-04-04,-1,2000-05-31,2000-05-14,-17,66.7066885324846,0.8145895540605288,0.8338634008800879,0.8650912605113995,Beaver_Creek,2000,baseline_raw,MT,2392.6800000000003,10,PRECIP_BIAS_ONLY,0.8913987410591825,0.8723404255319139,0.019058315527268554
416.55999999999995,465.86948323970074,11.837306327948149,49.309483239700796,2000-04-05,2000-04-04,-1,2000-05-31,2000-05-28,-3,28.582586575930854,0.9659592993850293,0.9710805078363098,0.9402057712257681,Beaver_Creek,2000,sza_g4_z02_raw,MT,2392.6800000000003,10,PRECIP_BIAS_ONLY,0.9123415129994147,0.8723404255319139,0.04000108746750075
416.55999999999995,519.2973360549555,24.66327445144891,102.73733605495556,2000-04-05,2000-04-04,-1,2000-05-31,2000-05-19,-12,62.20058236274266,0.8387928365004449,0.8920169626821933,0.8118141321090214,Beaver_Creek,2000,baseline_rfcorrected,MT,2392.6800000000003,10,PRECIP_BIAS_ONLY,1.016972637868994,0.8723404255319139,0.14463221233708012
416.55999999999995,529.1235017137715,27.022158083774617,112.56350171377153,2000-04-05,2000-04-04,-1,2000-05-31,2000-05-30,-1,45.70263432454151,0.9129682127181115,0.9813529043971909,0.7328674074304835,Beaver_Creek,2000,sza_g4_z02_rfcorrected,MT,2392.6800000000003,10,PRECIP_BIAS_ONLY,1.0362158361609382,0.8723404255319139,0.16387541062902422
325.12,58.65999523779973,-81.95743256711377,-266.4600047622003,2005-04-22,2005-01-30,-82,2005-05-28,2005-02-28,-89,142.4434388888956,-0.6693914044693003,0.1277239041873413,-0.3788358270925911,Tepee_Creek,2005,baseline_raw,MT,2438.4,10,PRECIP_BIAS_ONLY,0.5389156402536953,0.853333333333333,-0.31441769307963774
325.12,145.5772285063792,-55.22353946039025,-179.5427714936208,2005-04-22,2005-04-05,-17,2005-05-28,2005-05-02,-26,96.39888241474078,0.2354299684640726,0.6362956274183226,0.20311580227094217,Tepee_Creek,2005,sza_g4_z02_raw,MT,2438.4,10,PRECIP_BIAS_ONLY,1.0082541314922724,0.853333333333333,0.15492079815893933
325.12,95.52107485563107,-70.61974813741662,-229.59892514436893,2005-04-22,2005-02-03,-78,2005-05-28,2005-03-12,-77,132.7537080408497,-0.4499952990007381,0.17813460127508465,-0.20718963083374375,Tepee_Creek,2005,baseline_rfcorrected,MT,2438.4,10,PRECIP_BIAS_ONLY,0.8775623149108605,0.853333333333333,0.024228981577527398
325.12,208.19533456563366,-35.963541287637284,-116.92466543436635,2005-04-22,2005-04-05,-17,2005-05-28,2005-05-10,-18,68.73145714876756,0.6113269970248831,0.7647069442290926,0.5055824859227396,Tepee_Creek,2005,sza_g4_z02_rfcorrected,MT,2438.4,10,PRECIP_BIAS_ONLY,1.441941218327409,0.853333333333333,0.5886078849940759
279.4,31.42161499853711,-88.75389584876983,-247.97838500146287,2021-04-22,2020-10-26,-178,2021-05-23,2021-03-20,-64,109.72146130452155,-0.6817649477737613,0.025578690287362812,-0.5861109617358382,Hansen_Sawmill,2021,baseline_raw,WY,2548.128,10,PRECIP_BIAS_ONLY,0.6116178012379565,0.866141732283464,-0.2545239310455075
279.4,172.04883502626862,-38.42203470784945,-107.35116497373136,2021-04-22,2021-04-25,3,2021-05-23,2021-05-22,-1,43.83219260601253,0.7316086455926796,0.9795476755338961,0.4614076778396847,Hansen_Sawmill,2021,sza_g4_z02_raw,WY,2548.128,10,PRECIP_BIAS_ONLY,0.9094747528959056,0.866141732283464,0.0433330206124416
279.4,62.581391811394106,-77.60150615197061,-216.81860818860588,2021-04-22,2020-10-29,-175,2021-05-23,2021-04-03,-50,103.8598008418865,-0.5068745613805676,0.09942242404471074,-0.3854002283469975,Hansen_Sawmill,2021,baseline_rfcorrected,WY,2548.128,10,PRECIP_BIAS_ONLY,1.21813895497981,0.866141732283464,0.35199722269634603
279.4,256.3471776549449,-8.250831190069816,-23.052822345055063,2021-04-22,2021-04-26,4,2021-05-23,2021-05-26,3,17.964876693751375,0.9549151518054558,0.9618302841176536,0.8957416467076224,Hansen_Sawmill,2021,sza_g4_z02_rfcorrected,WY,2548.128,10,PRECIP_BIAS_ONLY,1.320731135413372,0.866141732283464,0.4545894031299079
797.56,347.9467234483359,-56.37359904604846,-449.61327655166406,2021-04-19,2021-03-10,-40,2021-06-10,2021-05-10,-31,267.1051143274836,0.11903387368770557,0.6687452970623505,0.12371746056608512,Slagamelt_Lakes,2021,baseline_raw,MT,2627.376,10,PRECIP_BIAS_ONLY,0.8008396152210923,1.0536912751677852,-0.2528516599466929
797.56,424.67265653122763,-46.753516157878074,-372.8873434687723,2021-04-19,2021-03-30,-20,2021-06-10,2021-06-09,-1,189.81567715082682,0.5551035301697972,0.9453001186117617,0.35038904221267153,Slagamelt_Lakes,2021,sza_g4_z02_raw,MT,2627.376,10,PRECIP_BIAS_ONLY,0.9240680021434616,1.0536912751677852,-0.12962327302432353
797.56,456.37919665033274,-42.7780735430146,-341.1808033496672,2021-04-19,2021-03-23,-27,2021-06-10,2021-05-18,-23,219.3789099313636,0.405728981629251,0.7564508031011011,0.31357728324257894,Slagamelt_Lakes,2021,baseline_rfcorrected,MT,2627.376,10,PRECIP_BIAS_ONLY,1.006794897261897,1.0536912751677852,-0.04689637790588819
797.56,539.3907643868696,-32.36988259355163,-258.16923561313035,2021-04-19,2021-03-30,-20,2021-06-10,2021-06-12,2,141.3853050399533,0.7531669276806463,0.9369310232759523,0.5439186971196504,Slagamelt_Lakes,2021,sza_g4_z02_rfcorrected,MT,2627.376,10,PRECIP_BIAS_ONLY,1.1736892836305266,1.0536912751677852,0.11999800846274145
304.79999999999995,37.59941643265038,-87.66423345385486,-267.20058356734955,2022-05-04,2021-10-13,-203,2022-06-12,2022-04-27,-46,123.42352553637659,-0.9212574203352026,0.047859965034016794,-0.5589898843970782,Little_Goose,2022,baseline_raw,WY,2703.576,10,PRECIP_BIAS_ONLY,0.5347831249047812,0.6629834254143642,-0.12820030050958298
304.79999999999995,153.08024473386365,-49.776822593876744,-151.7197552661363,2022-05-04,2022-04-30,-4,2022-06-12,2022-05-14,-29,84.3116264249048,0.10347047429668044,0.6375479511863039,0.12457708936622647,Little_Goose,2022,sza_g4_z02_raw,WY,2703.576,10,PRECIP_BIAS_ONLY,0.47120470651690244,0.6629834254143642,-0.19177871889746173
304.79999999999995,45.487498508158446,-85.07628001700837,-259.3125014918415,2022-05-04,2021-10-14,-202,2022-06-12,2022-04-27,-46,122.60908755574982,-0.8959853768508588,0.05542870312713515,-0.5339614592136446,Little_Goose,2022,baseline_rfcorrected,WY,2703.576,10,PRECIP_BIAS_ONLY,0.6469767061376653,0.6629834254143642,-0.016006719276698833
304.79999999999995,185.12931337816727,-39.2620362932522,-119.67068662183269,2022-05-04,2022-04-30,-4,2022-06-12,2022-05-18,-25,73.0378517817561,0.3272005238474286,0.7011391108470625,0.2737883782260424,Little_Goose,2022,sza_g4_z02_rfcorrected,WY,2703.576,10,PRECIP_BIAS_ONLY,0.5698567044342956,0.6629834254143642,-0.09312672098006858
208.27999999999997,18.147218974205817,-91.28710439110532,-190.13278102579415,2005-04-02,2005-01-13,-79,2005-05-18,2005-02-17,-90,92.18689649620384,-0.7304076483848074,0.034542548704384834,-0.5996773413216065,Rawah,2005,baseline_raw,CO,2764.2312,10,PRECIP_BIAS_ONLY,0.16297165408876746,0.8199999999999998,-0.6570283459112324
208.27999999999997,103.34775776155867,-50.38037365010626,-104.9322422384413,2005-04-02,2005-03-24,-9,2005-05-18,2005-04-20,-28,52.67360795437556,0.4350680060961254,0.8670046639666759,0.238521812563663,Rawah,2005,sza_g4_z02_raw,CO,2764.2312,10,PRECIP_BIAS_ONLY,0.7115219105830372,0.8199999999999998,-0.10847808941696269
208.27999999999997,42.96785605254348,-79.3701478526294,-165.3121439474565,2005-04-02,2005-01-13,-79,2005-05-18,2005-02-19,-88,90.54169304478305,-0.6691957074075132,0.0468045892413977,-0.5262436996615789,Rawah,2005,baseline_rfcorrected,CO,2764.2312,10,PRECIP_BIAS_ONLY,0.38587414322185554,0.8199999999999998,-0.4341258567781443
208.27999999999997,151.48026132087745,-27.270855905090517,-56.79973867912253,2005-04-02,2005-03-24,-9,2005-05-18,2005-05-08,-10,28.907061237844545,0.8298554972608865,0.9347598243851662,0.6236255981970087,Rawah,2005,sza_g4_z02_rfcorrected,CO,2764.2312,10,PRECIP_BIAS_ONLY,1.0429014357458946,0.8199999999999998,0.22290143574589472
561.34,303.348920311482,-45.959860278711304,-257.991079688518,2015-04-14,2015-03-04,-41,2015-06-02,2015-04-19,-44,181.38801809516656,0.22497267307566127,0.619305865322316,0.22082313340115967,Parker_Peak,2015,baseline_raw,WY,2865.1200000000003,10,PRECIP_BIAS_ONLY,0.831964530313149,1.078048780487804,-0.24608425017465507
561.34,338.3830092655431,-39.718707153321866,-222.95699073445695,2015-04-14,2015-03-13,-32,2015-06-02,2015-05-25,-8,114.26755729132546,0.6924287684755825,0.9533589950792706,0.46639847134252344,Parker_Peak,2015,sza_g4_z02_raw,WY,2865.1200000000003,10,PRECIP_BIAS_ONLY,0.928031954648353,1.078048780487804,-0.15001682583945108
561.34,370.9692441684877,-33.91362736158341,-190.37075583151233,2015-04-14,2015-03-04,-41,2015-06-02,2015-04-28,-35,147.94626536142877,0.48440602015165557,0.7278895402467671,0.4065601682278175,Parker_Peak,2015,baseline_rfcorrected,WY,2865.1200000000003,10,PRECIP_BIAS_ONLY,1.0174199818095668,1.078048780487804,-0.06062879867823723
561.34,410.8953128340949,-26.800991763620107,-150.44468716590512,2015-04-14,2015-03-14,-31,2015-06-02,2015-05-27,-6,82.937598888892,0.8379672732316189,0.9488048570404192,0.6446007403764065,Parker_Peak,2015,sza_g4_z02_rfcorrected,WY,2865.1200000000003,10,PRECIP_BIAS_ONLY,1.126900494067156,1.078048780487804,0.04885171357935203
480.05999999999995,290.33380548257435,-39.52135035566921,-189.7261945174256,2021-04-21,2021-03-28,-24,2021-06-04,2021-05-15,-20,126.77762445482131,0.4783108487425679,0.8326625626962367,0.299994659433348,Cinnabar_Park,2021,baseline_raw,WY,2958.6936,10,PRECIP_BIAS_ONLY,0.7628854171858159,0.8399999999999995,-0.0771145828141836
480.05999999999995,330.811842718643,-31.08947991529329,-149.24815728135695,2021-04-21,2021-03-28,-24,2021-06-04,2021-05-29,-6,82.95658970150441,0.7766281884923417,0.9832828977337058,0.5120757230695764,Cinnabar_Park,2021,sza_g4_z02_raw,WY,2958.6936,10,PRECIP_BIAS_ONLY,0.8692461087090586,0.8399999999999995,0.029246108709059082
480.05999999999995,384.0473278568159,-20.00014001232847,-96.01267214318403,2021-04-21,2021-03-28,-24,2021-06-04,2021-05-22,-13,80.07910120899535,0.7918554872892791,0.9237908484172558,0.5836386849042676,Cinnabar_Park,2021,baseline_rfcorrected,WY,2958.6936,10,PRECIP_BIAS_ONLY,1.0091284597195471,0.8399999999999995,0.1691284597195476
480.05999999999995,418.8903336120555,-12.742087736521365,-61.16966638794446,2021-04-21,2021-04-20,-1,2021-06-04,2021-06-02,-2,40.90875914135881,0.945680070322298,0.9918431927335049,0.7693592078463558,Cinnabar_Park,2021,sza_g4_z02_rfcorrected,WY,2958.6936,10,PRECIP_BIAS_ONLY,1.016310235632818,0.8399999999999995,0.17631023563281845
596.9,336.2130770412234,-43.67346673794213,-260.68692295877656,2015-04-27,2015-03-05,-53,2015-06-17,2015-05-19,-29,196.34629056309575,0.2585299497505116,0.6565980448092099,0.2598162738980946,North_French_Creek,2015,baseline_raw,WY,3094.6344000000004,10,PRECIP_BIAS_ONLY,0.8169714246204327,0.9143968871595326,-0.0974254625390999
596.9,398.82046286255667,-33.184710527298265,-198.0795371374433,2015-04-27,2015-04-24,-3,2015-06-17,2015-06-04,-13,148.12764461849022,0.5779922310827075,0.8633358704663399,0.43057465839187026,North_French_Creek,2015,sza_g4_z02_raw,WY,3094.6344000000004,10,PRECIP_BIAS_ONLY,0.7572755059397631,0.9143968871595326,-0.15712138121976948
596.9,408.5972750934816,-31.546779176833372,-188.3027249065184,2015-04-27,2015-04-23,-4,2015-06-17,2015-05-26,-22,161.153545496374,0.5005086849200286,0.7415232029654582,0.43435470682137167,North_French_Creek,2015,baseline_rfcorrected,WY,3094.6344000000004,10,PRECIP_BIAS_ONLY,0.7834274723653444,0.9143968871595326,-0.13096941479418822
596.9,490.79629842223807,-17.775791854207053,-106.10370157776191,2015-04-27,2015-04-24,-3,2015-06-17,2015-06-17,0,92.84769705901708,0.8341977253918383,0.9617733862192808,0.6372086491777336,North_French_Creek,2015,sza_g4_z02_rfcorrected,WY,3094.6344000000004,10,PRECIP_BIAS_ONLY,0.9319181180759755,0.9143968871595326,0.017521230916442865
518.16,286.3462994880319,-44.73786099119347,-231.81370051196808,2010-05-16,2010-05-15,-1,2010-06-08,2010-06-02,-6,138.55434636339166,0.2492706183854897,0.8834764076490288,0.17962404857153347,Willow_Park,2010,baseline_raw,CO,3271.1136,10,PRECIP_BIAS_ONLY,0.6006288258946684,0.7391304347826082,-0.13850160888793983
518.16,381.73081261042927,-26.329548284230874,-136.4291873895707,2010-05-16,2010-05-16,0,2010-06-08,2010-06-16,8,94.52026686556968,0.6506240679050933,0.8984978648685215,0.4768359246423779,Willow_Park,2010,sza_g4_z02_raw,CO,3271.1136,10,PRECIP_BIAS_ONLY,0.8006635742665683,0.7391304347826082,0.06153313948396011
518.16,364.5083965558772,-29.653312383071402,-153.65160344412277,2010-05-16,2010-05-15,-1,2010-06-08,2010-06-07,-1,116.69828583727708,0.4674356893146788,0.8698022403803549,0.3386360313159483,Willow_Park,2010,baseline_rfcorrected,CO,3271.1136,10,PRECIP_BIAS_ONLY,0.7645785911797867,0.7391304347826082,0.025448156397178456
518.16,464.5749440067231,-10.341411145838517,-53.58505599327685,2010-05-16,2010-05-16,0,2010-06-08,2010-06-21,13,76.93068149970064,0.7685579512821412,0.8541750041474955,0.6678945508328099,Willow_Park,2010,sza_g4_z02_rfcorrected,CO,3271.1136,10,PRECIP_BIAS_ONLY,0.9744254927692237,0.7391304347826082,0.23529505798661554
76.19999999999999,14.186710762402035,-81.38226934067974,-62.01328923759795,2023-02-27,2022-11-25,-94,2023-04-08,2023-04-28,20,27.407194272197476,-0.5355428958576098,0.05106765355086273,-0.5288413793540672,Apishapa,2023,baseline_raw,CO,3056.2296,11,PRECIP_BIAS_ONLY,0.1691384339381432,0.37499999999999983,-0.20586156606185663
76.19999999999999,133.4753163268715,75.16445712187864,57.27531632687152,2023-02-27,2023-03-24,25,2023-04-08,2023-05-12,34,31.5292619973754,-1.0321717386878935,0.6249506722168805,-0.252524286698923,Apishapa,2023,sza_g4_z02_raw,CO,3056.2296,11,PRECIP_BIAS_ONLY,0.5992478427123019,0.37499999999999983,0.22424784271230208
76.19999999999999,23.920655354063673,-68.60806383981145,-52.27934464593632,2023-02-27,2023-04-27,59,2023-04-08,2023-04-30,22,26.537911016751032,-0.43968096864802364,0.07468948808694341,-0.413913901373685,Apishapa,2023,baseline_rfcorrected,CO,3056.2296,11,PRECIP_BIAS_ONLY,0.0927359650600914,0.37499999999999983,-0.2822640349399084
76.19999999999999,210.003323532184,175.59491277189505,133.803323532184,2023-02-27,2023-04-29,61,2023-04-08,2023-05-21,43,59.31609719931717,-6.192467910688647,0.5634329961804592,-1.7252948895567428,Apishapa,2023,sza_g4_z02_rfcorrected,CO,3056.2296,11,PRECIP_BIAS_ONLY,0.7698647910512391,0.37499999999999983,0.39486479105123923
370.84,197.53435124820695,-46.73326737994635,-173.30564875179303,2023-03-23,2023-03-25,2,2023-05-04,2023-04-18,-16,75.87212094613048,0.5867607038757818,0.8997482485080254,0.2872937613865707,Chamita,2023,baseline_raw,NM,2555.1384000000003,13,PRECIP_BIAS_ONLY,0.5235229317822718,0.9068322981366458,-0.38330936635437396
370.84,247.00965780573787,-33.391851524717424,-123.8303421942621,2023-03-23,2023-03-25,2,2023-05-04,2023-05-04,0,51.91871217643133,0.8064982100287024,0.9871271370566175,0.4914167986618855,Chamita,2023,sza_g4_z02_raw,NM,2555.1384000000003,13,PRECIP_BIAS_ONLY,0.6546467458235037,0.9068322981366458,-0.2521855523131421
370.84,256.59025611001545,-30.808365842407653,-114.24974388998453,2023-03-23,2023-03-25,2,2023-05-04,2023-04-23,-11,55.75335974505181,0.7768590637922462,0.9519054407186174,0.47452944039171896,Chamita,2023,baseline_rfcorrected,NM,2555.1384000000003,13,PRECIP_BIAS_ONLY,0.6800380910796072,0.9068322981366458,-0.22679420705703857
370.84,285.48210718248055,-23.017444940545634,-85.35789281751943,2023-03-23,2023-03-25,2,2023-05-04,2023-05-06,2,38.96013755679173,0.8910372320195361,0.9746326118882492,0.6445992172764771,Chamita,2023,sza_g4_z02_rfcorrected,NM,2555.1384000000003,13,PRECIP_BIAS_ONLY,0.7566098188955357,0.9068322981366458,-0.1502224792411101
347.97999999999996,248.14800247637712,-28.689004403592982,-99.83199752362285,2023-03-28,2023-03-27,-1,2023-04-28,2023-04-28,0,39.24622764728795,0.8579201580471966,0.9752027530613848,0.5704145933990011,Garita_Peak,2023,baseline_raw,NM,3083.052,13,PRECIP_BIAS_ONLY,0.5697923798919133,0.4566666666666666,0.11312571322524673
347.97999999999996,267.6301774900002,-23.090356488878598,-80.34982250999974,2023-03-28,2023-03-27,-1,2023-04-28,2023-05-14,16,46.1254769396624,0.8037460675621089,0.8179265168137302,0.7590579708430749,Garita_Peak,2023,sza_g4_z02_raw,NM,3083.052,13,PRECIP_BIAS_ONLY,0.6145269526295675,0.4566666666666666,0.15786028596290086
347.97999999999996,325.46221760665907,-6.470999021018707,-22.517782393340894,2023-03-28,2023-03-27,-1,2023-04-28,2023-05-04,6,28.805137082326734,0.9234621037695118,0.9253267008033221,0.9124110563207487,Garita_Peak,2023,baseline_rfcorrected,NM,3083.052,13,PRECIP_BIAS_ONLY,0.7473197030979601,0.4566666666666666,0.29065303643129353
347.97999999999996,349.6572111902147,0.4819849388512945,1.6772111902147344,2023-03-28,2023-03-27,-1,2023-04-28,2023-05-21,23,54.98462649455968,0.7211188333244006,0.7779547680876264,0.7471799070437204,Garita_Peak,2023,sza_g4_z02_rfcorrected,NM,3083.052,13,PRECIP_BIAS_ONLY,0.8028757536720772,0.4566666666666666,0.3462090870054106
487.6799999999999,246.61350958744515,-49.43128494351927,-241.06649041255474,2010-04-07,2010-04-03,-4,2010-05-20,2010-05-15,-5,111.91619720495444,0.5703878436747576,0.9818493883857482,0.3080201906580312,Grayback,2010,baseline_raw,CO,3543.6048,13,PRECIP_BIAS_ONLY,0.683993000920087,1.0726256983240214,-0.38863269740393447
487.6799999999999,338.35925014342996,-30.618592080169364,-149.32074985656993,2010-04-07,2010-04-17,10,2010-05-20,2010-06-03,14,73.68261427914571,0.8137824001908419,0.867829931334363,0.6927176269537547,Grayback,2010,sza_g4_z02_raw,CO,3543.6048,13,PRECIP_BIAS_ONLY,0.8773052861339501,1.0726256983240214,-0.19532041219007135
487.6799999999999,301.66483180216875,-38.14287405631381,-186.01516819783114,2010-04-07,2010-04-03,-4,2010-05-20,2010-05-23,3,86.80073843690971,0.7415732227648599,0.9434534931968113,0.49860486430158246,Grayback,2010,baseline_rfcorrected,CO,3543.6048,13,PRECIP_BIAS_ONLY,0.8366801718267388,1.0726256983240214,-0.23594552649728262
487.6799999999999,414.4618639703492,-15.013561357785985,-73.21813602965068,2010-04-07,2010-04-18,11,2010-05-20,2010-06-07,18,68.02161399178404,0.8412972190554624,0.8421298239383965,0.8673511992527507,Grayback,2010,sza_g4_z02_rfcorrected,CO,3543.6048,13,PRECIP_BIAS_ONLY,1.0746258126768633,1.0726256983240214,0.002000114352841864
314.96,61.49801132204832,-80.47434235393438,-253.46198867795167,2024-03-14,2024-01-22,-52,2024-04-26,2024-02-03,-83,123.79353393851106,-0.4037921704201466,0.02300444540176805,-0.5458011296996206,Battle_Mountain,2024,baseline_raw,WY,2285.3904,14,PRECIP_BIAS_ONLY,0.31908334364316293,0.6666666666666664,-0.3475833230235035
314.96,261.92203187693497,-16.83958855825026,-53.03796812306501,2024-03-14,2024-03-19,5,2024-04-26,2024-04-30,4,20.498542847718426,0.9615095601480249,0.9810149330224015,0.8390422820030162,Battle_Mountain,2024,sza_g4_z02_raw,WY,2285.3904,14,PRECIP_BIAS_ONLY,0.7949526768783753,0.6666666666666664,0.12828601021170893
314.96,166.6808605328278,-47.07872093826904,-148.27913946717217,2024-03-14,2024-03-14,0,2024-04-26,2024-04-04,-22,84.42533479646727,0.34709126777063426,0.7015138410066843,0.13541854279322618,Battle_Mountain,2024,baseline_rfcorrected,WY,2285.3904,14,PRECIP_BIAS_ONLY,0.5058887002190783,0.6666666666666664,-0.16077796644758813
314.96,287.69600544332314,-8.656335584416064,-27.263994556676835,2024-03-14,2024-03-20,6,2024-04-26,2024-05-03,7,17.5907874835753,0.9716549349694249,0.9743238982060441,0.9341364371122779,Battle_Mountain,2024,sza_g4_z02_rfcorrected,WY,2285.3904,14,PRECIP_BIAS_ONLY,0.873178586831684,0.6666666666666664,0.20651192016501763
220.97999999999996,127.92134870149341,-42.11179803534553,-93.05865129850655,2022-03-21,2022-03-07,-14,2022-04-18,2022-03-28,-21,45.69891406962772,0.6625528528728772,0.8605976087495242,0.40119649457288076,Corral,2022,baseline_raw,UT,2501.4936,14,PRECIP_BIAS_ONLY,0.4244753232435543,0.6126760563380279,-0.1882007330944736
220.97999999999996,148.0173912223823,-33.017743134047286,-72.96260877761767,2022-03-21,2022-03-07,-14,2022-04-18,2022-04-27,9,33.43833685164082,0.8193311261863436,0.8805767905951094,0.6607827699780884,Corral,2022,sza_g4_z02_raw,UT,2501.4936,14,PRECIP_BIAS_ONLY,0.49115906471094656,0.6126760563380279,-0.12151699162708135
220.97999999999996,158.81060295035297,-28.1334949088818,-62.16939704964699,2022-03-21,2022-03-07,-14,2022-04-18,2022-04-04,-14,30.75940786220618,0.8471202576821516,0.9379798589009138,0.6083108611537695,Corral,2022,baseline_rfcorrected,UT,2501.4936,14,PRECIP_BIAS_ONLY,0.5269736655072325,0.6126760563380279,-0.08570239083079545
220.97999999999996,172.81671666072637,-21.79531330404272,-48.16328333927359,2022-03-21,2022-03-30,9,2022-04-18,2022-05-02,14,32.64021219894731,0.8278528062346492,0.8310829980304943,0.8306915946923259,Corral,2022,sza_g4_z02_rfcorrected,UT,2501.4936,14,PRECIP_BIAS_ONLY,0.5331488022845484,0.6126760563380279,-0.07952725405347949
292.09999999999997,157.90628122873645,-45.94101977790604,-134.19371877126352,2024-04-01,2024-04-02,1,2024-04-29,2024-04-21,-8,60.62933249757679,0.5634924452210726,0.9265782373149098,0.215471120789676,Kings_Cabin,2024,baseline_raw,UT,2660.2944,14,PRECIP_BIAS_ONLY,0.5266137649612772,0.8582089552238797,-0.33159519026260253
292.09999999999997,242.39166328835776,-17.017575046779257,-49.708336711642204,2024-04-01,2024-04-02,1,2024-04-29,2024-05-20,21,47.2268387018841,0.7351475822491653,0.7381104208466636,0.8323835479807646,Kings_Cabin,2024,sza_g4_z02_raw,UT,2660.2944,14,PRECIP_BIAS_ONLY,0.8083705436302719,0.8582089552238797,-0.0498384115936078
292.09999999999997,180.9437494123304,-38.05417685301937,-111.15625058766958,2024-04-01,2024-04-02,1,2024-04-29,2024-04-23,-6,53.112162200426916,0.6650236433129653,0.9316865841436827,0.3179200027949185,Kings_Cabin,2024,baseline_rfcorrected,UT,2660.2944,14,PRECIP_BIAS_ONLY,0.6034431840378012,0.8582089552238797,-0.25476577118607857
292.09999999999997,272.9154222495902,-6.567811622872218,-19.184577750409744,2024-04-01,2024-04-02,1,2024-04-29,2024-05-22,23,50.36379298408481,0.6987943936701346,0.733207517061491,0.7942345456445258,Kings_Cabin,2024,sza_g4_z02_rfcorrected,UT,2660.2944,14,PRECIP_BIAS_ONLY,0.9101665678432713,0.8582089552238797,0.05195761261939158
154.93999999999997,34.104744235311635,-77.98841859086637,-120.83525576468833,2010-04-09,2010-01-07,-92,2010-04-19,2010-02-01,-77,54.20698030427222,-0.3450506134552829,0.04447430052721973,-0.4135138611874587,Stillwater_Creek,2010,baseline_raw,CO,2706.6240000000003,14,PRECIP_BIAS_ONLY,0.436739337094143,0.7820512820512815,-0.3453119449571385
154.93999999999997,113.93517285304337,-26.46497169675785,-41.0048271469566,2010-04-09,2010-04-08,-1,2010-04-19,2010-05-04,15,17.169524304422648,0.8650587518252482,0.8877775921423967,0.7804304715234549,Stillwater_Creek,2010,sza_g4_z02_raw,CO,2706.6240000000003,14,PRECIP_BIAS_ONLY,0.7692796982702597,0.7820512820512815,-0.012771583781021834
154.93999999999997,67.22397207102618,-56.61290043176314,-87.71602792897379,2010-04-09,2010-02-26,-42,2010-04-19,2010-03-08,-42,46.06880298829695,0.028501681147245828,0.26299677816459244,-0.005315500346596336,Stillwater_Creek,2010,baseline_rfcorrected,CO,2706.6240000000003,14,PRECIP_BIAS_ONLY,0.6300575917624957,0.7820512820512815,-0.15199369028878584
154.93999999999997,165.75242164482648,6.97845723817382,10.812421644826514,2010-04-09,2010-04-11,2,2010-04-19,2010-05-18,29,39.32567647805846,0.2920858366686233,0.6166000585718868,0.3941252467955202,Stillwater_Creek,2010,sza_g4_z02_rfcorrected,CO,2706.6240000000003,14,PRECIP_BIAS_ONLY,1.1191449463543865,0.7820512820512815,0.33709366430310506
231.14,267.12811895267504,15.56983600963704,35.98811895267505,2015-03-04,2015-03-05,1,2015-05-06,2015-05-02,-4,24.37931924456386,0.8958811038041902,0.9725386559753226,0.7072856989593815,Phantom_Valley,2015,baseline_raw,CO,2756.916,14,PRECIP_BIAS_ONLY,0.7616526257702975,0.7165354330708659,0.045117192699431596
231.14,327.08770420625285,41.51064472019247,95.94770420625287,2015-03-04,2015-04-21,48,2015-05-06,2015-05-27,21,73.27829404776864,0.05933040457407179,0.8128746938290644,0.07444224378229014,Phantom_Valley,2015,sza_g4_z02_raw,CO,2756.916,14,PRECIP_BIAS_ONLY,0.7523229418017824,0.7165354330708659,0.03578750873091652
231.14,305.91365293923616,32.34994070227402,74.77365293923617,2015-03-04,2015-03-05,1,2015-05-06,2015-05-08,2,44.95504698757412,0.6459673479978862,0.9711741958598269,0.37534725953743864,Phantom_Valley,2015,baseline_rfcorrected,CO,2756.916,14,PRECIP_BIAS_ONLY,0.872240398853074,0.7165354330708659,0.15570496578220816
231.14,353.2277311111038,52.819819637926734,122.08773111110384,2015-03-04,2015-04-21,48,2015-05-06,2015-05-29,23,91.34414805062752,-0.46166505997989593,0.8154320347230279,-0.22394312690178042,Phantom_Valley,2015,sza_g4_z02_rfcorrected,CO,2756.916,14,PRECIP_BIAS_ONLY,0.8124466997020016,0.7165354330708659,0.0959112666311357
264.15999999999997,264.182773558771,0.008621123096232275,0.022773558771007174,2020-03-30,2020-03-31,1,2020-05-01,2020-05-01,0,22.343961386713712,0.9309893611426896,0.9723964986037359,0.7953774293896398,Dills_Camp,2020,baseline_raw,UT,2812.6944000000003,14,PRECIP_BIAS_ONLY,0.6930257046059105,0.6341463414634145,0.05887936314249598
264.15999999999997,315.45956770843327,19.419884807856338,51.2995677084333,2020-03-30,2020-04-03,4,2020-05-01,2020-05-18,17,62.895015112866,0.45320044163453166,0.8717649427175668,0.3231892479546443,Dills_Camp,2020,sza_g4_z02_raw,UT,2812.6944000000003,14,PRECIP_BIAS_ONLY,0.8207113799154863,0.6341463414634145,0.18656503845207173
264.15999999999997,305.5621851742867,15.67314702236778,41.40218517428673,2020-03-30,2020-02-24,-35,2020-05-01,2020-05-04,3,46.564505938061174,0.7002869162445886,0.9662974603138114,0.4491376377245222,Dills_Camp,2020,baseline_rfcorrected,UT,2812.6944000000003,14,PRECIP_BIAS_ONLY,0.9858591879937907,0.6341463414634145,0.35171284653037616
264.15999999999997,382.23654862942544,44.69887516256264,118.07654862942547,2020-03-30,2020-04-03,4,2020-05-01,2020-05-21,20,88.83791548671043,-0.09091879152682969,0.8616365126228075,-0.03928622395720538,Dills_Camp,2020,sza_g4_z02_rfcorrected,UT,2812.6944000000003,14,PRECIP_BIAS_ONLY,0.9944408646680657,0.6341463414634145,0.36029452320465116
314.96,41.887720641444155,-86.70062209758568,-273.0722793585558,2010-04-09,2010-01-03,-96,2010-05-11,2010-02-27,-73,122.32766489133714,-0.4946779846308771,0.02197916647253967,-0.5586002127279357,Black_Flat-U.M._Ck,2010,baseline_raw,UT,2869.3872,14,PRECIP_BIAS_ONLY,0.31912172192918525,0.9999999999999998,-0.6808782780708145
314.96,308.90464676736667,-1.9225784965180686,-6.055353232633308,2010-04-09,2010-04-08,-1,2010-05-11,2010-06-06,26,65.89257714298047,0.566318142906225,0.7098903303409675,0.5888906071342064,Black_Flat-U.M._Ck,2010,sza_g4_z02_raw,UT,2869.3872,14,PRECIP_BIAS_ONLY,0.9546491746644811,0.9999999999999998,-0.04535082533551871
314.96,256.31449059305163,-18.619986476679056,-58.64550940694835,2010-04-09,2010-04-08,-1,2010-05-11,2010-05-17,6,31.650511770922495,0.8999401747614127,0.9424152312205601,0.7371496192406224,Black_Flat-U.M._Ck,2010,baseline_rfcorrected,UT,2869.3872,14,PRECIP_BIAS_ONLY,0.7921228102582665,0.9999999999999998,-0.2078771897417333
314.96,355.3890417406429,12.836246425146971,40.4290417406429,2010-04-09,2010-04-08,-1,2010-05-11,2010-06-07,27,78.949882466484,0.37741128816130876,0.7212403465327264,0.3629424095764969,Black_Flat-U.M._Ck,2010,sza_g4_z02_rfcorrected,UT,2869.3872,14,PRECIP_BIAS_ONLY,1.0983060919702128,0.9999999999999998,0.098306091970213
332.73999999999995,219.1942401846918,-34.12446950030299,-113.54575981530814,2021-03-25,2021-03-27,2,2021-05-16,2021-05-08,-8,56.114802566217925,0.7518748006438662,0.970621610140492,0.4713044073848366,Buck_Pasture,2021,baseline_raw,UT,2935.8336,14,PRECIP_BIAS_ONLY,0.7035207755294682,0.9492753623188401,-0.2457545867893719
332.73999999999995,262.5881834825743,-21.083072824855936,-70.15181651742563,2021-03-25,2021-03-27,2,2021-05-16,2021-05-24,8,36.53920647743842,0.8947955239858806,0.9244112771240669,0.7800354588412857,Buck_Pasture,2021,sza_g4_z02_raw,UT,2935.8336,14,PRECIP_BIAS_ONLY,0.8427969746507814,0.9492753623188401,-0.10647838766805873
332.73999999999995,263.90994053239325,-20.68583863304884,-68.8300594676067,2021-03-25,2021-03-27,2,2021-05-16,2021-05-10,-6,36.284603420456655,0.8962565333666846,0.9832782219593252,0.6654594821756652,Buck_Pasture,2021,baseline_rfcorrected,UT,2935.8336,14,PRECIP_BIAS_ONLY,0.8470392555791791,0.9492753623188401,-0.10223610673966099
332.73999999999995,296.22121302489785,-10.97517189850998,-36.5187869751021,2021-03-25,2021-03-27,2,2021-05-16,2021-05-28,12,34.95422609440249,0.9037245900263197,0.9039930926862237,0.920640064322229,Buck_Pasture,2021,sza_g4_z02_rfcorrected,UT,2935.8336,14,PRECIP_BIAS_ONLY,0.9507447702091131,0.9492753623188401,0.0014694078902729446
360.6799999999999,267.2119201370811,-25.914406083763673,-93.46807986291878,2021-03-27,2021-03-28,1,2021-05-14,2021-05-05,-9,52.309941396944446,0.8061106512704742,0.9733310716655139,0.5445633172570554,Mineral_Creek,2021,baseline_raw,CO,3062.0208,14,PRECIP_BIAS_ONLY,0.7823309402249855,1.3027522935779807,-0.5204213533529952
360.6799999999999,313.97730620212434,-12.94851219859032,-46.702693797875554,2021-03-27,2021-03-28,1,2021-05-14,2021-05-28,14,43.40491357363047,0.8665055296783006,0.8689281176905631,0.8733075273744019,Mineral_Creek,2021,sza_g4_z02_raw,CO,3062.0208,14,PRECIP_BIAS_ONLY,0.9192485164748807,1.3027522935779807,-0.3835037771031
360.6799999999999,325.1465400889559,-9.85179658174671,-35.53345991104402,2021-03-27,2021-03-28,1,2021-05-14,2021-05-10,-4,23.5839213697577,0.9605889939481455,0.992043886478794,0.8022537502809345,Mineral_Creek,2021,baseline_rfcorrected,CO,3062.0208,14,PRECIP_BIAS_ONLY,0.9519492928616341,1.3027522935779807,-0.3508030007163466
360.6799999999999,358.9460160214016,-0.4807541251520194,-1.733983978598303,2021-03-27,2021-03-28,1,2021-05-14,2021-06-06,23,53.45493529217812,0.7975298049612634,0.8270247298861626,0.8301805918912779,Mineral_Creek,2021,sza_g4_z02_rfcorrected,CO,3062.0208,14,PRECIP_BIAS_ONLY,1.0509058655017205,1.3027522935779807,-0.25184642807626023
505.4599999999999,213.97887776974505,-57.66650619836484,-291.48112223025487,1990-05-17,1990-03-19,-59,1990-06-08,1990-04-19,-50,184.42119975954677,-0.10735792961864998,0.3120409471758248,-0.010514945962766697,Vail_Mountain,1990,baseline_raw,CO,3142.4880000000003,14,PRECIP_BIAS_ONLY,0.7602204993845124,0.7896825396825388,-0.02946204029802635
505.4599999999999,251.35753163540218,-50.27152858081704,-254.10246836459774,1990-05-17,1990-04-10,-37,1990-06-08,1990-05-28,-11,126.63878087016978,0.4778445974179616,0.8861452057584163,0.28889747958523315,Vail_Mountain,1990,sza_g4_z02_raw,CO,3142.4880000000003,14,PRECIP_BIAS_ONLY,0.7569732984183863,0.7896825396825388,-0.03270924126415242
505.4599999999999,258.17383581747464,-48.92299374481172,-247.28616418252528,1990-05-17,1990-03-19,-59,1990-06-08,1990-04-27,-42,168.08986882295184,0.08008137799687709,0.3929871148125474,0.1377016595002183,Vail_Mountain,1990,baseline_rfcorrected,CO,3142.4880000000003,14,PRECIP_BIAS_ONLY,0.9172355909089948,0.7896825396825388,0.127553051226456
505.4599999999999,287.55295085764845,-43.110641621958514,-217.90704914235147,1990-05-17,1990-03-19,-59,1990-06-08,1990-06-01,-7,101.73606359804744,0.6630106364174368,0.8960248240399187,0.4556834447963004,Vail_Mountain,1990,sza_g4_z02_rfcorrected,CO,3142.4880000000003,14,PRECIP_BIAS_ONLY,1.021613208644468,0.7896825396825388,0.23193066896192926
414.02,358.26097344633104,-13.467713287683916,-55.759026553668946,2024-04-07,2024-04-08,1,2024-05-16,2024-05-18,2,22.653177172377738,0.9690642922786993,0.9765897283829501,0.8919461914870606,Molas_Lake,2024,baseline_raw,CO,3240.3288,14,PRECIP_BIAS_ONLY,0.8288695441320846,0.6965811965811967,0.13228834755088792
414.02,385.1412457835898,-6.975207530170086,-28.878754216410186,2024-04-07,2024-04-16,9,2024-05-16,2024-06-09,24,65.98851560212165,0.7374944252580291,0.7863288965390394,0.7643240526758022,Molas_Lake,2024,sza_g4_z02_raw,CO,3240.3288,14,PRECIP_BIAS_ONLY,0.8752724753072555,0.6965811965811967,0.17869127872605883
414.02,422.6434612361795,2.0828610299453016,8.623461236179537,2024-04-07,2024-04-13,6,2024-05-16,2024-05-26,10,45.06915923349973,0.8775494541779288,0.916063363825852,0.8006034349265516,Molas_Lake,2024,baseline_rfcorrected,CO,3240.3288,14,PRECIP_BIAS_ONLY,0.971584059287116,0.6965811965811967,0.27500286270591934
414.02,456.29272823264927,10.21031066920663,42.272728232649285,2024-04-07,2024-04-17,10,2024-05-16,2024-06-12,27,85.3574673647971,0.560777222487862,0.7830808565302354,0.5009693068302121,Molas_Lake,2024,sza_g4_z02_rfcorrected,CO,3240.3288,14,PRECIP_BIAS_ONLY,1.0369714230225628,0.6965811965811967,0.3403902264413662
360.6799999999999,219.45230001205002,-39.1559554142037,-141.22769998794988,2015-04-14,2015-03-04,-41,2015-06-13,2015-05-06,-38,114.5186073206151,0.2713707235841447,0.6111586846068069,0.30298227688509316,Lakefork_Basin,2015,baseline_raw,UT,3317.748,14,PRECIP_BIAS_ONLY,0.7671425424907918,0.916129032258064,-0.14898648976727213
360.6799999999999,261.0672939282313,-27.618028743420375,-99.61270607176857,2015-04-14,2015-04-26,12,2015-06-13,2015-06-06,-7,59.63290678823141,0.8024275158680225,0.9408689478522633,0.6190895821046689,Lakefork_Basin,2015,sza_g4_z02_raw,UT,3317.748,14,PRECIP_BIAS_ONLY,0.7610775965534069,0.916129032258064,-0.15505143570465707
360.6799999999999,253.43397979419908,-29.73439619768239,-107.24602020580082,2015-04-14,2015-03-04,-41,2015-06-13,2015-05-12,-32,100.59587858903636,0.4377688837272543,0.6477326163046516,0.4491954053700754,Lakefork_Basin,2015,baseline_rfcorrected,UT,3317.748,14,PRECIP_BIAS_ONLY,0.8859327863148682,0.916129032258064,-0.03019624594319581
360.6799999999999,282.15738449931047,-21.770715177079254,-78.52261550068943,2015-04-14,2015-03-04,-41,2015-06-13,2015-06-07,-6,47.31790898057785,0.8756042363252633,0.9406851198866417,0.7344853614879145,Lakefork_Basin,2015,sza_g4_z02_rfcorrected,UT,3317.748,14,PRECIP_BIAS_ONLY,0.9863416027786792,0.916129032258064,0.07021257052061525
363.22,160.15563296351442,-55.90671412270404,-203.0643670364856,2022-04-26,2022-04-26,0,2022-06-07,2022-05-11,-27,108.03007627736335,0.2564728840182079,0.872202277638499,0.14993876935403816,Hoosier_Pass,2022,baseline_raw,CO,3539.0328,14,PRECIP_BIAS_ONLY,0.536166504766195,0.9166666666666657,-0.38050016190047076
363.22,228.13193875676959,-37.19180145455383,-135.08806124323044,2022-04-26,2022-04-26,0,2022-06-07,2022-06-08,1,63.0014230979155,0.747123678561601,0.9744341590645781,0.5034710112747146,Hoosier_Pass,2022,sza_g4_z02_raw,CO,3539.0328,14,PRECIP_BIAS_ONLY,0.7637365103269154,0.9166666666666657,-0.15293015633975038
363.22,189.16243566185923,-47.92069939379461,-174.0575643381408,2022-04-26,2022-04-26,0,2022-06-07,2022-05-13,-25,97.23212170035784,0.39768043385733476,0.8974098533619599,0.23922306935574256,Hoosier_Pass,2022,baseline_rfcorrected,CO,3539.0328,14,PRECIP_BIAS_ONLY,0.6332750218344471,0.9166666666666657,-0.2833916448322187
363.22,256.74696747420563,-29.313648071635477,-106.4730325257944,2022-04-26,2022-04-26,0,2022-06-07,2022-06-10,3,49.61371165686778,0.8431765937087832,0.9681397254340943,0.6269803790163686,Hoosier_Pass,2022,sza_g4_z02_rfcorrected,CO,3539.0328,14,PRECIP_BIAS_ONLY,0.8595334526343219,0.9166666666666657,-0.05713321403234384
99.06,75.69698256423949,-23.584713744963164,-23.36301743576051,2021-01-27,2021-01-28,1,2021-03-19,2021-02-05,-42,16.136934281085807,0.3730624525613516,0.4837383248255502,0.05692244891279119,Bar_M,2021,baseline_raw,AZ,1949.8056,15,PRECIP_BIAS_ONLY,0.4860385078313203,0.5064935064935064,-0.02045499866218614
99.06,93.30468633425404,-5.809926979351866,-5.755313665745959,2021-01-27,2021-01-30,3,2021-03-19,2021-03-10,-9,11.206455413164738,0.6976438859124421,0.7981045527175343,0.5950693981763497,Bar_M,2021,sza_g4_z02_raw,AZ,1949.8056,15,PRECIP_BIAS_ONLY,0.5831627454488968,0.5064935064935064,0.07666923895539035
99.06,87.99295547306737,-11.172061908876069,-11.067044526932634,2021-01-27,2021-01-29,2,2021-03-19,2021-02-06,-41,14.606331103946392,0.4863532997677209,0.5546889622106461,0.2142347503850628,Bar_M,2021,baseline_rfcorrected,AZ,1949.8056,15,PRECIP_BIAS_ONLY,0.5604162531550609,0.5064935064935064,0.0539227466615545
99.06,105.6749745901908,6.677745396921864,6.614974590190798,2021-01-27,2021-01-30,3,2021-03-19,2021-03-30,11,19.09028994287228,0.12258052636698968,0.6954602344791064,-0.06953339890502042,Bar_M,2021,sza_g4_z02_rfcorrected,AZ,1949.8056,15,PRECIP_BIAS_ONLY,0.6604781681221302,0.5064935064935064,0.1539846616286238
487.6799999999999,245.6366208596013,-49.63159841297545,-242.0433791403986,2010-03-11,2010-03-01,-10,2010-04-13,2010-04-02,-11,97.29116937773905,0.6098986136250345,0.9288472963869749,0.24969457691255836,Heber,2010,baseline_raw,AZ,2332.9392000000003,15,PRECIP_BIAS_ONLY,0.6182168949424471,0.8687782805429858,-0.25056138560053864
487.6799999999999,364.4895924729705,-25.260500231100192,-123.19040752702938,2010-03-11,2010-03-12,1,2010-04-13,2010-04-23,10,48.023573868080824,0.9049527402688204,0.9326710124271378,0.7766296223123267,Heber,2010,sza_g4_z02_raw,AZ,2332.9392000000003,15,PRECIP_BIAS_ONLY,0.789720540303375,0.8687782805429858,-0.07905774023961076
487.6799999999999,311.6839327239716,-36.08843243028796,-175.99606727602827,2010-03-11,2010-03-12,1,2010-04-13,2010-04-09,-4,68.19668476888175,0.8083286627597563,0.9746497241468113,0.4751142609983159,Heber,2010,baseline_rfcorrected,AZ,2332.9392000000003,15,PRECIP_BIAS_ONLY,0.6753092786124172,0.8687782805429858,-0.1934690019305686
487.6799999999999,466.85966983819566,-4.269260613887024,-20.820330161804236,2010-03-11,2010-03-12,1,2010-04-13,2010-04-28,15,45.32948354454219,0.9153177889260008,0.9219763883645739,0.8884948374386483,Heber,2010,sza_g4_z02_rfcorrected,AZ,2332.9392000000003,15,PRECIP_BIAS_ONLY,1.0115204338456276,0.8687782805429858,0.14274215330264184
198.12,86.73774794124763,-56.21959017704037,-111.38225205875237,2015-03-04,2015-03-04,0,2015-04-01,2015-03-13,-19,46.97417479850848,0.0670766023714614,0.4142730076422705,-0.19666879239495438,Mormon_Mtn_Summit,2015,baseline_raw,AZ,2579.2176,15,PRECIP_BIAS_ONLY,0.27539475418506,0.4727272727272727,-0.19733251854221273
198.12,166.03362431245165,-16.195424837244275,-32.086375687548355,2015-03-04,2015-03-04,0,2015-04-01,2015-04-06,5,11.613311063390025,0.942978349506754,0.9552871471559565,0.8483945344696981,Mormon_Mtn_Summit,2015,sza_g4_z02_raw,AZ,2579.2176,15,PRECIP_BIAS_ONLY,0.5271613598378666,0.4727272727272727,0.05443408711059389
198.12,126.0233263087372,-36.39040666831355,-72.09667369126281,2015-03-04,2015-03-04,0,2015-04-01,2015-03-17,-15,40.57271696051482,0.3040214597528754,0.5572271484907323,0.011847383715579252,Mormon_Mtn_Summit,2015,baseline_rfcorrected,AZ,2579.2176,15,PRECIP_BIAS_ONLY,0.40012755454391924,0.4727272727272727,-0.07259971818335348
198.12,234.78062933336608,18.50425466049166,36.660629333366074,2015-03-04,2015-03-04,0,2015-04-01,2015-04-11,10,20.817976638137893,0.8167665748419071,0.9015016425659329,0.6469081437680484,Mormon_Mtn_Summit,2015,sza_g4_z02_rfcorrected,AZ,2579.2176,15,PRECIP_BIAS_ONLY,0.7454350065264792,0.4727272727272727,0.2727077337992065
703.5799999999999,469.3863089056268,-33.28600743261224,-234.19369109437315,2010-03-12,2010-03-12,0,2010-05-28,2010-05-16,-12,139.17390045648827,0.7164718564188971,0.9569084264380382,0.4390583771534814,Snowslide_Canyon,2010,baseline_raw,AZ,2969.9712,15,PRECIP_BIAS_ONLY,0.9005732542463952,1.1079999999999997,-0.20742674575360442
703.5799999999999,494.6696885581958,-29.692474408283942,-208.91031144180414,2010-03-12,2010-03-12,0,2010-05-28,2010-06-01,4,109.76040062654783,0.8236514294453489,0.9830890676815337,0.5568927904666492,Snowslide_Canyon,2010,sza_g4_z02_raw,AZ,2969.9712,15,PRECIP_BIAS_ONLY,0.9490824141005637,1.1079999999999997,-0.15891758589943594
703.5799999999999,552.3188694651873,-21.49878201978633,-151.26113053481265,2010-03-12,2010-03-12,0,2010-05-28,2010-05-22,-6,90.88250156642121,0.879095874026447,0.986370754549547,0.6300869760040662,Snowslide_Canyon,2010,baseline_rfcorrected,AZ,2969.9712,15,PRECIP_BIAS_ONLY,1.0596891988938688,1.1079999999999997,-0.04831080110613084
703.5799999999999,582.3948485794036,-17.224075644645428,-121.1851514205963,2010-03-12,2010-03-12,0,2010-05-28,2010-06-07,10,72.18742759399358,0.9237212252317959,0.9636653811172187,0.7680337181911462,Snowslide_Canyon,2010,sza_g4_z02_rfcorrected,AZ,2969.9712,15,PRECIP_BIAS_ONLY,1.1173935287212269,1.1079999999999997,0.009393528721227229
327.65999999999997,209.12548788689753,-36.17607035131003,-118.53451211310244,2022-03-16,2022-03-10,-6,2022-04-19,2022-03-31,-19,44.99219133648516,0.8259143634940751,0.939262411486478,0.5543407846178979,Ben_Lomond_Trail,2022,baseline_raw,UT,1820.2656,16,PRECIP_BIAS_ONLY,0.4423389727172378,0.5890410958904106,-0.14670212317317283
327.65999999999997,263.3203126359055,-19.63611284993422,-64.33968736409446,2022-03-16,2022-03-15,-1,2022-04-19,2022-05-03,14,40.44180086653311,0.8593467988726631,0.8604388781495695,0.8742815402694663,Ben_Lomond_Trail,2022,sza_g4_z02_raw,UT,1820.2656,16,PRECIP_BIAS_ONLY,0.5500573131714662,0.5890410958904106,-0.038983782718944426
327.65999999999997,221.2900306319118,-32.463519919455585,-106.36996936808816,2022-03-16,2022-03-13,-3,2022-04-19,2022-04-01,-18,40.0958035454889,0.8617432031797876,0.9442663757550843,0.6161441523708123,Ben_Lomond_Trail,2022,baseline_rfcorrected,UT,1820.2656,16,PRECIP_BIAS_ONLY,0.4648685209237984,0.5890410958904106,-0.12417257496661227
327.65999999999997,276.8198352625578,-15.516134022292071,-50.840164737442194,2022-03-16,2022-03-15,-1,2022-04-19,2022-05-06,17,44.83350594126681,0.8271401820828417,0.8345702443326708,0.8511907904268814,Ben_Lomond_Trail,2022,sza_g4_z02_rfcorrected,UT,1820.2656,16,PRECIP_BIAS_ONLY,0.5782568511060162,0.5890410958904106,-0.010784244784394437
393.7,43.759321682971354,-88.8851100627454,-349.94067831702864,2023-04-05,2023-03-12,-24,2023-04-30,2023-03-15,-46,131.82256573411738,-0.46933721564654074,0.09543529211287337,-0.5061755034787794,Golconda,2023,baseline_raw,NV,2016.5568,16,PRECIP_BIAS_ONLY,0.13410532642058495,0.6352459016393438,-0.5011405752187589
393.7,247.04299975063552,-37.25095256524371,-146.65700024936447,2023-04-05,2023-04-04,-1,2023-04-30,2023-05-10,10,46.5038691162587,0.8171394029966689,0.9298417000360283,0.5948928544340641,Golconda,2023,sza_g4_z02_raw,NV,2016.5568,16,PRECIP_BIAS_ONLY,0.6059739687071708,0.6352459016393438,-0.029271932932173006
393.7,68.43564796317222,-82.61731065197554,-325.26435203682774,2023-04-05,2023-03-12,-24,2023-04-30,2023-03-17,-44,129.82235606700434,-0.42508553291502493,0.11925721137914434,-0.4556049995784457,Golconda,2023,baseline_rfcorrected,NV,2016.5568,16,PRECIP_BIAS_ONLY,0.20972868307684134,0.6352459016393438,-0.42551721856250246
393.7,300.5711632858189,-23.654771834945667,-93.12883671418109,2023-04-05,2023-04-04,-1,2023-04-30,2023-05-15,15,38.38374300721411,0.87542336269531,0.8910438152950425,0.8077497479445492,Golconda,2023,sza_g4_z02_rfcorrected,NV,2016.5568,16,PRECIP_BIAS_ONLY,0.7372736765627385,0.6352459016393438,0.10202777492339465
220.97999999999996,74.06024022478796,-66.4855461015531,-146.91975977521201,2023-04-04,2023-01-20,-74,2023-04-20,2023-03-15,-36,68.53416929348168,0.03957368324467048,0.3898930382058926,-0.05485481384560087,Porter_Canyon,2023,baseline_raw,NV,2190.5976,16,PRECIP_BIAS_ONLY,0.49982759327671816,0.6590909090909088,-0.15926331581419068
220.97999999999996,130.8934565754982,-40.766831127025874,-90.08654342450177,2023-04-04,2023-03-30,-5,2023-04-20,2023-04-28,8,31.01387720665527,0.8033192427433304,0.9020453630150177,0.5943434182966173,Porter_Canyon,2023,sza_g4_z02_raw,NV,2190.5976,16,PRECIP_BIAS_ONLY,0.6506352494614428,0.6590909090909088,-0.008455659629466039
220.97999999999996,101.56840943884806,-54.03728417103445,-119.4115905611519,2023-04-04,2023-03-12,-23,2023-04-20,2023-03-31,-20,57.301012964861364,0.32861080974675594,0.5780742718694989,0.1807811953647388,Porter_Canyon,2023,baseline_rfcorrected,NV,2190.5976,16,PRECIP_BIAS_ONLY,0.5835526728213855,0.6590909090909088,-0.07553823626952338
220.97999999999996,172.51734769718414,-21.930786633548664,-48.462652302815826,2023-04-04,2023-04-04,0,2023-04-20,2023-05-03,13,27.832303181694893,0.8416026035685443,0.841606268388351,0.8836635417141809,Porter_Canyon,2023,sza_g4_z02_rfcorrected,NV,2190.5976,16,PRECIP_BIAS_ONLY,0.8405722356904124,0.6590909090909088,0.18148132659950356
449.58,252.37922058108725,-43.863334538661135,-197.20077941891273,2020-03-31,2020-02-18,-42,2020-05-02,2020-03-24,-39,144.7609807876757,0.18578283440649002,0.48867899920354907,0.11193528712374723,Parleys_Summit,2020,baseline_raw,UT,2311.908,16,PRECIP_BIAS_ONLY,0.6312463784911929,0.8309859154929575,-0.1997395370017646
449.58,352.78090630895855,-21.53100531408013,-96.79909369104143,2020-03-31,2020-03-02,-29,2020-05-02,2020-05-02,0,57.30094086942479,0.8724264248668758,0.9499669223980708,0.6654383198527638,Parleys_Summit,2020,sza_g4_z02_raw,UT,2311.908,16,PRECIP_BIAS_ONLY,0.8642175197743046,0.8309859154929575,0.03323160428134708
449.58,298.9148117334644,-33.51243121725513,-150.6651882665356,2020-03-31,2020-02-18,-42,2020-05-02,2020-04-02,-30,128.03954672202352,0.3630204696007372,0.5693271147178391,0.27142336450626114,Parleys_Summit,2020,baseline_rfcorrected,UT,2311.908,16,PRECIP_BIAS_ONLY,0.7476403641697674,0.8309859154929575,-0.0833455513231901
449.58,383.58304332895597,-14.679691416665335,-65.99695667104402,2020-03-31,2020-03-02,-29,2020-05-02,2020-05-04,2,46.53123288358112,0.9158747554610829,0.9518183380369284,0.7664479421424134,Parleys_Summit,2020,sza_g4_z02_rfcorrected,UT,2311.908,16,PRECIP_BIAS_ONLY,0.9396743996198862,0.8309859154929575,0.10868848412692866
447.04,40.40104733584912,-90.96254309774314,-406.6389526641509,2020-04-02,2019-12-01,-123,2020-05-05,2020-02-12,-83,196.04543211551177,-0.6183471285398083,0.02361897436823634,-0.6166242047697899,Cascade_Mountain,2020,baseline_raw,UT,2369.5152000000003,16,PRECIP_BIAS_ONLY,0.4725585059735358,0.9361702127659572,-0.4636117067924214
447.04,243.96966176425624,-45.425540943929796,-203.07033823574378,2020-04-02,2020-02-23,-39,2020-05-05,2020-04-27,-8,91.47418970082823,0.6476653394853124,0.9339266382837327,0.3760614785240113,Cascade_Mountain,2020,sza_g4_z02_raw,UT,2369.5152000000003,16,PRECIP_BIAS_ONLY,0.866901857122807,0.9361702127659572,-0.06926835564315026
447.04,48.84504299874848,-89.07367506291418,-398.1949570012515,2020-04-02,2019-12-01,-123,2020-05-05,2020-02-14,-81,195.01647588664733,-0.6014037254990274,0.03531215548675568,-0.58567934672731,Cascade_Mountain,2020,baseline_rfcorrected,UT,2369.5152000000003,16,PRECIP_BIAS_ONLY,0.5713253013423786,0.9361702127659572,-0.36484491142357867
447.04,283.69304997146736,-36.539672071522155,-163.34695002853266,2020-04-02,2020-02-23,-39,2020-05-05,2020-04-30,-5,74.40144022346632,0.7669114655476832,0.9523082449396563,0.5005456283712394,Cascade_Mountain,2020,sza_g4_z02_rfcorrected,UT,2369.5152000000003,16,PRECIP_BIAS_ONLY,1.0080516982916516,0.9361702127659572,0.0718814855256944
144.78,101.45688811645078,-29.92340923024535,-43.32311188354922,2015-03-04,2015-03-04,0,2015-03-24,2015-03-18,-6,29.385681083366112,0.30635703280300763,0.4941820515465355,0.07221051199344808,Long_Flat,2015,baseline_raw,UT,2432.9136000000003,16,PRECIP_BIAS_ONLY,0.45826128851258985,0.5643564356435643,-0.10609514713097445
144.78,156.6408807257479,8.192347510531775,11.860880725747904,2015-03-04,2015-03-05,1,2015-03-24,2015-04-16,23,33.07518863904645,0.12124233745540602,0.4417560870036326,0.5244926318319829,Long_Flat,2015,sza_g4_z02_raw,UT,2432.9136000000003,16,PRECIP_BIAS_ONLY,0.7075167903113414,0.5643564356435643,0.1431603546677771
144.78,122.62165840476736,-15.304836023782734,-22.158341595232642,2015-03-04,2015-03-04,0,2015-03-24,2015-03-20,-4,27.313019458166522,0.4007557249929503,0.5246741506276188,0.21674415227089405,Long_Flat,2015,baseline_rfcorrected,UT,2432.9136000000003,16,PRECIP_BIAS_ONLY,0.5538584932313524,0.5643564356435643,-0.010497942412211914
144.78,195.99229453644674,35.372492427439376,51.212294536446734,2015-03-04,2015-03-05,1,2015-03-24,2015-04-25,32,48.14554178451741,-0.861986902706771,0.35667099887229237,-0.09439848452353039,Long_Flat,2015,sza_g4_z02_rfcorrected,UT,2432.9136000000003,16,PRECIP_BIAS_ONLY,0.885259572812069,0.5643564356435643,0.3209031371685047
612.14,483.39098406551096,-21.032609523064828,-128.74901593448902,2024-04-01,2024-04-01,0,2024-05-19,2024-05-11,-8,81.47430653607124,0.8492003476565533,0.9652977235004262,0.5665374863198553,Burnside_Lake,2024,baseline_raw,CA,2477.7192,16,PRECIP_BIAS_ONLY,0.6464744302925569,0.7194029850746269,-0.07292855478206994
612.14,629.5258443238079,2.840174522790191,17.385844323807873,2024-04-01,2024-04-06,5,2024-05-19,2024-06-01,13,41.64929996546706,0.9605929062165627,0.9618650462296859,0.9505664043369009,Burnside_Lake,2024,sza_g4_z02_raw,CA,2477.7192,16,PRECIP_BIAS_ONLY,0.822713504239797,0.7194029850746269,0.1033105191651702
612.14,549.7017464109186,-10.199995685477397,-62.43825358908134,2024-04-01,2024-04-06,5,2024-05-19,2024-05-17,-2,54.641416715464054,0.9321729549653753,0.9803923725788295,0.7154579993065844,Burnside_Lake,2024,baseline_rfcorrected,CA,2477.7192,16,PRECIP_BIAS_ONLY,0.7183931432747371,0.7194029850746269,-0.0010098417998897213
612.14,705.8123370090688,15.302436862330312,93.67233700906877,2024-04-01,2024-04-06,5,2024-05-19,2024-06-03,15,59.549421224850136,0.9194409966556774,0.9572917677843726,0.7724454840353858,Burnside_Lake,2024,sza_g4_z02_rfcorrected,CA,2477.7192,16,PRECIP_BIAS_ONLY,0.9224106466036169,0.7194029850746269,0.20300766152899008
518.16,367.9459258425416,-28.989901605191132,-150.21407415745836,2021-04-27,2021-03-10,-48,2021-06-03,2021-05-13,-21,116.45366631715561,0.6300164865571491,0.7919074001513712,0.5034771290470454,Usu_Doc_Daniel,2021,baseline_raw,UT,2520.696,16,PRECIP_BIAS_ONLY,0.8795580215928174,0.8947368421052629,-0.015178820512445568
518.16,376.46969646898077,-27.344894150652156,-141.6903035310192,2021-04-27,2021-03-10,-48,2021-06-03,2021-05-29,-5,77.96330330404568,0.8341725188654607,0.9549108431812956,0.6246930007687659,Usu_Doc_Daniel,2021,sza_g4_z02_raw,UT,2520.696,16,PRECIP_BIAS_ONLY,0.8999337080786357,0.8947368421052629,0.005196865973372766
518.16,421.49909978195996,-18.654643395484026,-96.66090021804001,2021-04-27,2021-03-10,-48,2021-06-03,2021-05-15,-19,98.53174915910967,0.7351326506730538,0.8101231301143502,0.6466249440921801,Usu_Doc_Daniel,2021,baseline_rfcorrected,UT,2520.696,16,PRECIP_BIAS_ONLY,1.007574451214403,0.8947368421052629,0.11283760910913998
518.16,427.50389132186183,-17.495775181051826,-90.65610867813814,2021-04-27,2021-03-10,-48,2021-06-03,2021-06-01,-2,48.43671065097736,0.9359933164671956,0.9736633817714164,0.7900220935955279,Usu_Doc_Daniel,2021,sza_g4_z02_rfcorrected,UT,2520.696,16,PRECIP_BIAS_ONLY,1.0219286326197803,0.8947368421052629,0.12719179051451734
523.24,291.17165027657137,-44.35218059082422,-232.06834972342864,2022-04-29,2022-03-17,-43,2022-06-07,2022-05-02,-36,157.88601493738116,0.30882097897609073,0.5956938001271183,0.27593535471209696,Powder_Mountain,2022,baseline_raw,UT,2592.324,16,PRECIP_BIAS_ONLY,0.5740252566932704,0.751824817518248,-0.1777995608249776
523.24,355.83583666258863,-31.993762582641118,-167.40416333741138,2022-04-29,2022-03-17,-43,2022-06-07,2022-05-28,-10,84.51780326637187,0.8019387012410688,0.9057948217465143,0.6263326522880315,Powder_Mountain,2022,sza_g4_z02_raw,UT,2592.324,16,PRECIP_BIAS_ONLY,0.7015063358224969,0.751824817518248,-0.05031848169575115
523.24,336.27025728541975,-35.7330752072816,-186.96974271458026,2022-04-29,2022-03-17,-43,2022-06-07,2022-05-10,-28,131.35303221901478,0.5216085306553015,0.6929861411470511,0.45103657470089387,Powder_Mountain,2022,baseline_rfcorrected,UT,2592.324,16,PRECIP_BIAS_ONLY,0.6629341166051934,0.751824817518248,-0.08889070091305462
523.24,446.68501823775415,-14.630949805489996,-76.55498176224586,2022-04-29,2022-03-17,-43,2022-06-07,2022-06-05,-2,60.92335458956799,0.8970868577808204,0.9044842510384171,0.8622444799059418,Powder_Mountain,2022,sza_g4_z02_rfcorrected,UT,2592.324,16,PRECIP_BIAS_ONLY,0.8806093656831415,0.751824817518248,0.1287845481648935
718.8199999999999,426.6503960980701,-40.64572548091732,-292.16960390192986,2023-04-06,2023-04-06,0,2023-05-26,2023-05-13,-13,147.0030457224612,0.5991337476001741,0.9593753584417186,0.3263983233031811,Merchant_Valley,2023,baseline_raw,UT,2653.284,16,PRECIP_BIAS_ONLY,0.6675718599376077,1.0481481481481478,-0.3805762882105401
718.8199999999999,556.8820105194496,-22.52830882286947,-161.9379894805503,2023-04-06,2023-04-06,0,2023-05-26,2023-05-29,3,62.140218816065016,0.9283704229774289,0.9877242923816536,0.7354582418041519,Merchant_Valley,2023,sza_g4_z02_raw,UT,2653.284,16,PRECIP_BIAS_ONLY,0.8713428205579604,1.0481481481481478,-0.1768053275901874
718.8199999999999,523.0728908930374,-27.23172826395517,-195.7471091069625,2023-04-06,2023-04-06,0,2023-05-26,2023-05-19,-7,94.46809901873196,0.834454575248805,0.9892234793486198,0.5636885931597745,Merchant_Valley,2023,baseline_rfcorrected,UT,2653.284,16,PRECIP_BIAS_ONLY,0.8184423261994151,1.0481481481481478,-0.22970582194873268
718.8199999999999,619.9017516481043,-13.761198680044465,-98.91824835189561,2023-04-06,2023-04-06,0,2023-05-26,2023-06-02,7,40.80181919957156,0.9691179668832716,0.9809144771986615,0.8785833346167155,Merchant_Valley,2023,sza_g4_z02_rfcorrected,UT,2653.284,16,PRECIP_BIAS_ONLY,0.9699486256452063,1.0481481481481478,-0.07819952250294149
764.54,401.43263305376036,-47.49357351430136,-363.1073669462396,2020-04-07,2020-04-03,-4,2020-05-31,2020-05-08,-23,191.33640890348644,0.49757506664954043,0.8517132290369406,0.3194947561108511,Monte_Cristo,2020,baseline_raw,UT,2722.4736000000003,16,PRECIP_BIAS_ONLY,0.7362108501339545,1.1315789473684204,-0.39536809723446587
764.54,503.44304468369097,-34.15085611168925,-261.096955316309,2020-04-07,2020-04-07,0,2020-05-31,2020-05-26,-5,126.90955540945573,0.7789631963985462,0.9733812220726836,0.5300760549955588,Monte_Cristo,2020,sza_g4_z02_raw,UT,2722.4736000000003,16,PRECIP_BIAS_ONLY,0.9165686067328424,1.1315789473684204,-0.215010340635578
764.54,476.2554710625089,-37.70692559414695,-288.2845289374911,2020-04-07,2020-04-03,-4,2020-05-31,2020-05-13,-18,156.5092739791811,0.6638322093333584,0.9020370543746872,0.45155889462433463,Monte_Cristo,2020,baseline_rfcorrected,UT,2722.4736000000003,16,PRECIP_BIAS_ONLY,0.8734328411833936,1.1315789473684204,-0.25814610618502676
764.54,579.2523422418404,-24.23518164623951,-185.28765775815953,2020-04-07,2020-04-07,0,2020-05-31,2020-05-31,0,88.92872699949554,0.8914674274356863,0.9867229391358685,0.673674106346261,Monte_Cristo,2020,sza_g4_z02_rfcorrected,UT,2722.4736000000003,16,PRECIP_BIAS_ONLY,1.0545870439205585,1.1315789473684204,-0.07699190344786189
1176.0199999999998,646.6987525749042,-45.00954468674816,-529.3212474250955,2020-04-18,2020-04-06,-12,2020-06-04,2020-05-25,-10,253.99379973154873,0.6354336250338117,0.9479002545706742,0.3918821389532331,Snowbird,2020,baseline_raw,UT,2797.1496,16,PRECIP_BIAS_ONLY,0.7870784469626138,1.2412868632707776,-0.4542084163081639
1176.0199999999998,781.2338833041485,-33.56967710547876,-394.7861166958512,2020-04-18,2020-04-07,-11,2020-06-04,2020-06-08,4,170.99688272755375,0.8347632036534249,0.981611969564022,0.5937259291496737,Snowbird,2020,sza_g4_z02_raw,UT,2797.1496,16,PRECIP_BIAS_ONLY,0.9476874417336381,1.2412868632707776,-0.2935994215371396
1176.0199999999998,761.1305350074845,-35.279116425954946,-414.8894649925153,2020-04-18,2020-04-06,-12,2020-06-04,2020-05-31,-4,194.4405874930684,0.7863493448854992,0.977263426340256,0.5318377733451389,Snowbird,2020,baseline_rfcorrected,UT,2797.1496,16,PRECIP_BIAS_ONLY,0.9263500772875338,1.2412868632707776,-0.3149367859832438
1176.0199999999998,898.9944129585734,-23.556196921942345,-277.0255870414263,2020-04-18,2020-04-07,-11,2020-06-04,2020-06-14,10,113.16429098801946,0.9276315629600371,0.9832680314104205,0.7496117137219975,Snowbird,2020,sza_g4_z02_rfcorrected,UT,2797.1496,16,PRECIP_BIAS_ONLY,1.090538612772711,1.2412868632707776,-0.15074825049806662
264.15999999999997,85.02178959690313,-67.81428316289251,-179.13821040309682,2015-03-03,2015-03-03,0,2015-05-13,2015-03-16,-58,91.22869980040144,-0.222275788766628,0.2665937743160722,-0.2681273462281799,Widtsoe_#3,2015,baseline_raw,UT,2938.272,16,PRECIP_BIAS_ONLY,0.33819629478674873,0.8965517241379309,-0.5583554293511822
264.15999999999997,219.03722992065545,-17.081605874979,-45.12277007934452,2015-03-03,2015-03-07,4,2015-05-13,2015-05-13,0,25.623269271561878,0.9035781811109909,0.9088271966915222,0.870779503579906,Widtsoe_#3,2015,sza_g4_z02_raw,UT,2938.272,16,PRECIP_BIAS_ONLY,0.8712768371920496,0.8965517241379309,-0.025274886945881314
264.15999999999997,208.260432221835,-21.16125370160697,-55.899567778164965,2015-03-03,2015-03-03,0,2015-05-13,2015-04-01,-42,53.523974215627454,0.5792705193666559,0.7359199892229185,0.3990916526809548,Widtsoe_#3,2015,baseline_rfcorrected,UT,2938.272,16,PRECIP_BIAS_ONLY,0.8284100683135572,0.8965517241379309,-0.0681416558243737
264.15999999999997,256.6974445171876,-2.825013432318435,-7.462555482812377,2015-03-03,2015-03-10,7,2015-05-13,2015-05-20,7,32.84289051945323,0.8415876692733572,0.8685617663943278,0.8423792978684723,Widtsoe_#3,2015,sza_g4_z02_rfcorrected,UT,2938.272,16,PRECIP_BIAS_ONLY,1.0210800129970323,0.8965517241379309,0.12452828885910139
241.3,29.633129639876092,-87.71938266063982,-211.6668703601239,2021-03-26,2021-03-26,0,2021-05-13,2021-03-29,-45,95.28694332587288,-0.45703164985774847,0.2045235013346746,-0.4293628945047805,Cave_Mountain,2021,baseline_raw,NV,3224.1744000000003,16,PRECIP_BIAS_ONLY,0.18669358928454485,0.9047619047619047,-0.7180683154773598
241.3,154.42551465780255,-36.002687667715485,-86.87448534219746,2021-03-26,2021-04-28,33,2021-05-13,2021-05-19,6,39.13641610271627,0.7542099487274687,0.8963648068189267,0.5285250910471864,Cave_Mountain,2021,sza_g4_z02_raw,NV,3224.1744000000003,16,PRECIP_BIAS_ONLY,0.8308541205578605,0.9047619047619047,-0.0739077842040442
241.3,186.6773863488623,-22.636806320405178,-54.6226136511377,2021-03-26,2021-03-26,0,2021-05-13,2021-05-06,-7,34.810047338382425,0.8055484442112523,0.9574076347271957,0.5274525418481786,Cave_Mountain,2021,baseline_rfcorrected,NV,3224.1744000000003,16,PRECIP_BIAS_ONLY,1.1760982292207367,0.9047619047619047,0.27133632445883205
241.3,250.03440190739374,3.6197272720239253,8.734401907393732,2021-03-26,2021-04-28,33,2021-05-13,2021-06-04,22,45.534457485397006,0.6672772264088157,0.7528669081735668,0.7107871527042806,Cave_Mountain,2021,sza_g4_z02_rfcorrected,NV,3224.1744000000003,16,PRECIP_BIAS_ONLY,1.3452577028240573,0.9047619047619047,0.44049579806215267
63.5,17.46579693756266,-72.49480797234227,-46.03420306243734,2005-01-10,2005-01-10,0,2005-02-01,2005-02-06,5,8.541299387195977,0.27077717573516746,0.5483483945761186,-0.1110520983713641,Seine_Creek,2005,baseline_raw,OR,627.888,17,PRECIP_BIAS_ONLY,0.03922666376162885,0.13157894736842105,-0.0923522836067922
63.5,65.99546024062052,3.9298586466464833,2.495460240620517,2005-01-10,2005-01-17,7,2005-02-01,2005-02-06,5,3.0221148737352252,0.9087076681681965,0.915280425305783,0.8656198847981657,Seine_Creek,2005,sza_g4_z02_raw,OR,627.888,17,PRECIP_BIAS_ONLY,0.13665662585641147,0.13157894736842105,0.005077678487990428
63.5,18.402635951889422,-71.01947094190642,-45.09736404811058,2005-01-10,2005-01-10,0,2005-02-01,2005-03-21,48,8.412603888647329,0.2925866612805027,0.5573024057821767,-0.08007955011565282,Seine_Creek,2005,baseline_rfcorrected,OR,627.888,17,PRECIP_BIAS_ONLY,0.041330722863262954,0.13157894736842105,-0.0902482245051581
63.5,67.09987237125885,5.66909034843914,3.5998723712588543,2005-01-10,2005-01-17,7,2005-02-01,2005-02-07,6,2.965274490934491,0.9121094531480153,0.9155517113222404,0.8890088468442683,Seine_Creek,2005,sza_g4_z02_rfcorrected,OR,627.888,17,PRECIP_BIAS_ONLY,0.13894352914911753,0.13157894736842105,0.007364581780696489
81.28,50.43658634318612,-37.94711325887534,-30.84341365681388,2024-01-11,2024-01-19,8,2024-03-11,2024-02-26,-14,8.699524936131242,0.5854023606868264,0.8109745276783933,0.12669954120056515,Mowich,2024,baseline_raw,WA,963.168,17,PRECIP_BIAS_ONLY,0.07178420920036015,0.13617021276595748,-0.06438600356559733
81.28,58.470847196972215,-28.062441932858988,-22.809152803027786,2024-01-11,2024-01-19,8,2024-03-11,2024-02-26,-14,8.253546520236105,0.6268212056301095,0.7960103674603254,0.20668047501448128,Mowich,2024,sza_g4_z02_raw,WA,963.168,17,PRECIP_BIAS_ONLY,0.0832190247521934,0.13617021276595748,-0.05295118801376408
81.28,69.3120500022381,-14.724347930317306,-11.967949997761906,2024-01-11,2024-01-19,8,2024-03-11,2024-02-26,-14,7.642663893655145,0.6800182038929309,0.7809233766589518,0.30805168510785563,Mowich,2024,baseline_rfcorrected,WA,963.168,17,PRECIP_BIAS_ONLY,0.09864883922975218,0.13617021276595748,-0.0375213735362053
81.28,85.6802856715358,5.413737292735972,4.400285671535798,2024-01-11,2024-01-19,8,2024-03-11,2024-02-27,-13,6.514800785838737,0.7674919303673167,0.7875542677380298,0.5492130810383726,Mowich,2024,sza_g4_z02_rfcorrected,WA,963.168,17,PRECIP_BIAS_ONLY,0.1219450402361155,0.13617021276595748,-0.01422517252984197
581.66,161.30040636168334,-72.2689532782582,-420.3595936383166,2005-04-18,2004-12-09,-130,2005-05-14,2005-04-03,-41,206.00923080934675,-0.5375679133000832,0.017518833336781173,-0.5587120370797332,Alpine_Meadows,2005,baseline_raw,WA,1066.8,17,PRECIP_BIAS_ONLY,0.195192683229637,0.2365702479338845,-0.0413775647042475
581.66,166.62358787502362,-71.35378264363655,-415.0364121249763,2005-04-18,2004-12-09,-130,2005-05-14,2005-04-09,-35,196.77872381173316,-0.4028693459528674,0.11266225745388207,-0.3877148386684246,Alpine_Meadows,2005,sza_g4_z02_raw,WA,1066.8,17,PRECIP_BIAS_ONLY,0.2016343662132337,0.2365702479338845,-0.03493588172065082
581.66,167.05611526239937,-71.2794217820721,-414.6038847376006,2005-04-18,2004-12-09,-130,2005-05-14,2005-04-05,-39,204.7397591918046,-0.5186766741494258,0.023572053604085045,-0.5330450086817935,Alpine_Meadows,2005,baseline_rfcorrected,WA,1066.8,17,PRECIP_BIAS_ONLY,0.20215777581409278,0.2365702479338845,-0.03441247211979173
581.66,171.65946197349572,-70.48800640004544,-410.0005380265043,2005-04-18,2004-12-09,-130,2005-05-14,2005-04-14,-30,192.00208712704745,-0.33558903697587517,0.14655543111412145,-0.3220235610416391,Alpine_Meadows,2005,sza_g4_z02_rfcorrected,WA,1066.8,17,PRECIP_BIAS_ONLY,0.20772837304098649,0.2365702479338845,-0.028841874892898023
947.4199999999998,324.11068334765133,-65.79017929243088,-623.3093166523486,2020-04-05,2020-01-20,-76,2020-06-04,2020-03-27,-69,405.8706311314545,-0.2811639854313601,0.3172594826831359,-0.23112153348270548,Skate_Creek,2020,baseline_raw,WA,1149.096,17,PRECIP_BIAS_ONLY,0.32197518166734196,0.4200450450450453,-0.09806986337770335
947.4199999999998,325.61308588234925,-65.63160099192024,-621.8069141176506,2020-04-05,2020-01-20,-76,2020-06-04,2020-04-24,-41,364.75504945467617,-0.034742038584614665,0.6613961682361383,-0.08229026494940372,Skate_Creek,2020,sza_g4_z02_raw,WA,1149.096,17,PRECIP_BIAS_ONLY,0.32346768516661095,0.4200450450450453,-0.09657735987843435
947.4199999999998,347.13652526189185,-63.35980607735831,-600.283474738108,2020-04-05,2020-01-20,-76,2020-06-04,2020-04-12,-53,373.95811197889424,-0.08761549203933061,0.5066421893916377,-0.10114971214723445,Skate_Creek,2020,baseline_rfcorrected,WA,1149.096,17,PRECIP_BIAS_ONLY,0.34484931082842507,0.4200450450450453,-0.07519573421662024
947.4199999999998,359.39869729776916,-62.06553616160001,-588.0213027022307,2020-04-05,2020-03-03,-33,2020-06-04,2020-04-26,-39,337.3814335330447,0.11473799166551735,0.7151842227754763,0.010916733323748873,Skate_Creek,2020,sza_g4_z02_rfcorrected,WA,1149.096,17,PRECIP_BIAS_ONLY,0.21291756149403704,0.4200450450450453,-0.20712748355100827
22.86,7.401099140860919,-67.62423822895487,-15.458900859139082,2009-11-25,2009-11-23,-2,2010-02-01,2010-04-03,61,5.058703971213499,-0.0984160917698309,0.1379838226202371,-0.4474300179269117,Sourdough_Gulch,2010,baseline_raw,WA,1219.2,17,PRECIP_BIAS_ONLY,0.11554044793282503,0.25,-0.13445955206717497
22.86,10.089445774802797,-55.86419171127385,-12.770554225197202,2009-11-25,2009-11-23,-2,2010-02-01,2010-02-01,0,4.500243211487883,0.13071872240164695,0.40378876711227496,-0.1790147049046189,Sourdough_Gulch,2010,sza_g4_z02_raw,WA,1219.2,17,PRECIP_BIAS_ONLY,0.1575089134772841,0.25,-0.0924910865227159
22.86,11.483533441580448,-49.76582046552735,-11.376466558419551,2009-11-25,2009-11-23,-2,2010-02-01,2010-04-03,61,4.894064256075656,-0.028081843235480797,0.17911088398118252,-0.3486922972282065,Sourdough_Gulch,2010,baseline_rfcorrected,WA,1219.2,17,PRECIP_BIAS_ONLY,0.17927237190575476,0.25,-0.07072762809424524
22.86,13.76915570171102,-39.76747287090542,-9.09084429828898,2009-11-25,2009-11-24,-1,2010-02-01,2010-02-02,1,3.88144916604988,0.35333975785612215,0.5267735633206803,0.07578649654206904,Sourdough_Gulch,2010,sza_g4_z02_rfcorrected,WA,1219.2,17,PRECIP_BIAS_ONLY,0.21495380444903014,0.25,-0.035046195550969855
233.68,149.90939950110578,-35.848425410345016,-83.77060049889423,2021-03-30,2021-03-02,-28,2021-05-14,2021-03-26,-49,81.23135623977329,0.1392372121705936,0.46584054566712507,0.17397895907806626,Garver_Creek,2021,baseline_raw,MT,1295.4,17,PRECIP_BIAS_ONLY,0.4378014690361583,0.5380116959064325,-0.1002102268702742
233.68,217.90524002257135,-6.75058198280925,-15.774759977428658,2021-03-30,2021-03-26,-4,2021-05-14,2021-05-02,-12,25.84726138964581,0.9128504508900998,0.9377425965064315,0.8136843619172256,Garver_Creek,2021,sza_g4_z02_raw,MT,1295.4,17,PRECIP_BIAS_ONLY,0.6088418815655587,0.5380116959064325,0.07083018565912624
233.68,176.719384940149,-24.375477173849276,-56.960615059850994,2021-03-30,2021-02-27,-31,2021-05-14,2021-04-01,-43,73.76501881949335,0.290198373794778,0.5155481453326332,0.3211753664442696,Garver_Creek,2021,baseline_rfcorrected,MT,1295.4,17,PRECIP_BIAS_ONLY,0.5160984340637886,0.5380116959064325,-0.02191326184264386
233.68,235.65231798177032,0.8440251548144114,1.972317981770317,2021-03-30,2021-03-24,-6,2021-05-14,2021-05-02,-12,23.620292196713994,0.9272209124401892,0.9374715483108167,0.9032071914508601,Garver_Creek,2021,sza_g4_z02_rfcorrected,MT,1295.4,17,PRECIP_BIAS_ONLY,0.6588148837842694,0.5380116959064325,0.12080318787783695
309.87999999999994,254.07779978764202,-18.00768046093905,-55.80220021235792,2021-03-09,2021-02-25,-12,2021-04-20,2021-04-04,-16,46.071637756886844,0.8384591129513623,0.9210729216430569,0.6235895049703121,Gold_Mountain,2021,baseline_raw,WA,1338.072,17,PRECIP_BIAS_ONLY,0.7828792433794893,0.7484662576687113,0.034412985710778
309.87999999999994,269.16129411244464,-13.140152926150545,-40.7187058875553,2021-03-09,2021-02-25,-12,2021-04-20,2021-04-28,8,27.25656673319596,0.9434597840224033,0.9551034891375999,0.8611062203422091,Gold_Mountain,2021,sza_g4_z02_raw,WA,1338.072,17,PRECIP_BIAS_ONLY,0.8293553803516681,0.7484662576687113,0.08088912268295678
309.87999999999994,316.0276133976808,1.9838690453339545,6.147613397680857,2021-03-09,2021-02-25,-12,2021-04-20,2021-04-08,-12,26.69747649809746,0.9457555153692254,0.9512987119340222,0.8918358535703879,Gold_Mountain,2021,baseline_rfcorrected,WA,1338.072,17,PRECIP_BIAS_ONLY,0.9737625997650654,0.7484662576687113,0.22529634209635407
309.87999999999994,332.0231734965475,7.1457252796397155,22.143173496547547,2021-03-09,2021-02-25,-12,2021-04-20,2021-04-30,10,27.910667369528404,0.9407135284969665,0.9569573638758411,0.8549783033780173,Gold_Mountain,2021,sza_g4_z02_rfcorrected,WA,1338.072,17,PRECIP_BIAS_ONLY,1.023049046664788,0.7484662576687113,0.2745827889960766
182.88,43.21658119856315,-76.36888604628,-139.66341880143685,2003-03-09,2003-01-04,-64,2003-04-11,2003-02-10,-60,52.30018177451469,-0.2683275531860032,0.09173816527432369,-0.4409180373345487,Bowman_Springs,2003,baseline_raw,OR,1380.744,17,PRECIP_BIAS_ONLY,0.32145579371767635,0.5294117647058821,-0.20795597098820578
182.88,93.75986470980969,-48.73148255150389,-89.1201352901903,2003-03-09,2003-03-08,-1,2003-04-11,2003-03-13,-29,39.93157825194182,0.2606365431971447,0.6221910367949103,0.034751517224795525,Bowman_Springs,2003,sza_g4_z02_raw,OR,1380.744,17,PRECIP_BIAS_ONLY,0.29094980673472837,0.5294117647058821,-0.23846195797115377
182.88,51.42905378237571,-71.87825143133436,-131.45094621762428,2003-03-09,2003-01-04,-64,2003-04-11,2003-02-11,-59,51.37496530878918,-0.22384977917532467,0.11390813748532648,-0.38062676688701824,Bowman_Springs,2003,baseline_rfcorrected,OR,1380.744,17,PRECIP_BIAS_ONLY,0.3825422290533317,0.5294117647058821,-0.14686953565255045
182.88,114.33893694659066,-37.47870901870589,-68.54106305340933,2003-03-09,2003-03-09,0,2003-04-11,2003-03-14,-28,36.33276911091509,0.38790049464106624,0.642596411983627,0.1629404774367863,Bowman_Springs,2003,sza_g4_z02_rfcorrected,OR,1380.744,17,PRECIP_BIAS_ONLY,0.35269828711965173,0.5294117647058821,-0.1767134775862304
1417.32,650.0137658472491,-54.137825907540346,-767.3062341527508,2021-04-01,2021-03-04,-28,2021-06-05,2021-05-01,-35,443.9679157411821,0.18621037315916478,0.6812060156965983,0.1221260159541554,Bear_Grass,2021,baseline_raw,OR,1438.6560000000002,17,PRECIP_BIAS_ONLY,0.4005403040230562,0.6465816917728858,-0.24604138774982964
1417.32,720.9970598340334,-49.12955014858794,-696.3229401659665,2021-04-01,2021-03-26,-6,2021-06-05,2021-05-14,-22,393.01352300794326,0.36228891567403954,0.8035013664535925,0.21944661516242525,Bear_Grass,2021,sza_g4_z02_raw,OR,1438.6560000000002,17,PRECIP_BIAS_ONLY,0.41175073395354955,0.6465816917728858,-0.23483095781933627
1417.32,790.6325675390431,-44.21636838970429,-626.6874324609569,2021-04-01,2021-03-26,-6,2021-06-05,2021-05-08,-28,378.6658605132943,0.40800057930321054,0.7563998048967555,0.2768267550208009,Bear_Grass,2021,baseline_rfcorrected,OR,1438.6560000000002,17,PRECIP_BIAS_ONLY,0.45151854023748356,0.6465816917728858,-0.19506315153540227
1417.32,841.7328384097463,-40.61095317855204,-575.5871615902537,2021-04-01,2021-03-26,-6,2021-06-05,2021-05-16,-20,340.7312636997093,0.5206718383911831,0.8271626823348872,0.34623938977638924,Bear_Grass,2021,sza_g4_z02_rfcorrected,OR,1438.6560000000002,17,PRECIP_BIAS_ONLY,0.48070114750231835,0.6465816917728858,-0.16588054427056748
495.2999999999999,411.011781948466,-17.017609136186937,-84.28821805153387,2003-04-07,2003-03-11,-27,2003-05-23,2003-04-23,-30,104.64813212324805,0.5878810904085955,0.7361241838520546,0.4247200548081169,High_Ridge,2003,baseline_raw,OR,1499.616,17,PRECIP_BIAS_ONLY,0.6265653959121014,0.5327868852459015,0.09377851066619991
495.2999999999999,446.34099342337555,-9.884717661341481,-48.95900657662435,2003-04-07,2003-03-11,-27,2003-05-23,2003-05-15,-8,57.23474706178778,0.876723834875809,0.9395893693446994,0.684483876658633,High_Ridge,2003,sza_g4_z02_raw,OR,1499.616,17,PRECIP_BIAS_ONLY,0.6804228821138341,0.5327868852459015,0.1476359968679326
495.2999999999999,494.05361537911193,-0.25164236238400284,-1.2463846208879659,2003-04-07,2003-03-11,-27,2003-05-23,2003-05-03,-20,69.2254775489192,0.8196602343778863,0.8520534646876798,0.7247285598079589,High_Ridge,2003,baseline_rfcorrected,OR,1499.616,17,PRECIP_BIAS_ONLY,0.7531582127751062,0.5327868852459015,0.22037132752920474
495.2999999999999,530.9940622517353,7.206554058496947,35.694062251735375,2003-04-07,2003-03-11,-27,2003-05-23,2003-05-23,0,25.926636695501564,0.9747039946623453,0.9753179556382605,0.9685306861047637,High_Ridge,2003,sza_g4_z02_rfcorrected,OR,1499.616,17,PRECIP_BIAS_ONLY,0.8094719408395179,0.5327868852459015,0.27668505559361645
96.52,38.13372458063518,-60.491375279076685,-58.386275419364814,2005-01-18,2005-03-20,61,2005-03-12,2005-03-29,17,35.69167780027356,-0.38420988224215247,0.12430617288745992,-0.3788685157842886,Hand_Creek,2005,baseline_raw,MT,1534.668,17,PRECIP_BIAS_ONLY,0.18362794906254296,0.47500000000000003,-0.2913720509374571
96.52,59.31957676746432,-38.541673469266144,-37.20042323253568,2005-01-18,2005-01-18,0,2005-03-12,2005-04-07,26,24.369098402888646,0.35472187740141126,0.7452262531203926,0.16002101677670366,Hand_Creek,2005,sza_g4_z02_raw,MT,1534.668,17,PRECIP_BIAS_ONLY,0.3794292558281525,0.47500000000000003,-0.09557074417184752
96.52,46.32438597016304,-52.00540202013775,-50.19561402983695,2005-01-18,2005-03-27,68,2005-03-12,2005-03-30,18,34.92743719049093,-0.3255663123718533,0.13878018001754258,-0.3096655047953256,Hand_Creek,2005,baseline_rfcorrected,MT,1534.668,17,PRECIP_BIAS_ONLY,0.21326481537814085,0.47500000000000003,-0.2617351846218592
96.52,71.75512951230024,-25.657760555014246,-24.764870487699753,2005-01-18,2005-01-18,0,2005-03-12,2005-04-08,27,19.205898778276854,0.5991911622012867,0.8214831765509313,0.3734020359170731,Hand_Creek,2005,sza_g4_z02_rfcorrected,MT,1534.668,17,PRECIP_BIAS_ONLY,0.45897150445681767,0.47500000000000003,-0.016028495543182364
660.4,644.3919609543076,-2.423991375786249,-16.008039045692385,1995-04-13,1995-03-25,-19,1995-05-30,1995-05-16,-14,81.91774283593936,0.8939251340159237,0.8996846572991424,0.9048982764434281,Lookout,1995,baseline_raw,ID,1581.912,17,PRECIP_BIAS_ONLY,0.6827318667653584,0.5869074492099324,0.09582441755542592
660.4,689.1512164510897,4.353606367518125,28.751216451089704,1995-04-13,1995-03-25,-19,1995-05-30,1995-05-24,-6,54.16504836763794,0.9536238376329157,0.9558335796230499,0.966258117360584,Lookout,1995,sza_g4_z02_raw,ID,1581.912,17,PRECIP_BIAS_ONLY,0.730154199618627,0.5869074492099324,0.1432467504086946
660.4,760.7687546851977,15.198176057722247,100.3687546851977,1995-04-13,1995-03-25,-19,1995-05-30,1995-05-20,-10,80.6391999583247,0.8972104515944358,0.9378487755083611,0.8200893963832531,Lookout,1995,baseline_rfcorrected,ID,1581.912,17,PRECIP_BIAS_ONLY,0.8060328240187521,0.5869074492099324,0.21912537480881966
660.4,797.9166759062441,20.823239840436724,137.51667590624413,1995-04-13,1995-03-25,-19,1995-05-30,1995-05-30,0,78.62966341706485,0.9022696688065686,0.9773405143430578,0.7298122228270443,Lookout,1995,sza_g4_z02_rfcorrected,ID,1581.912,17,PRECIP_BIAS_ONLY,0.8453909649305936,0.5869074492099324,0.2584835157206612
500.37999999999994,529.2592782745315,5.771469338209282,28.8792782745316,2023-04-08,2023-04-08,0,2023-05-12,2023-05-12,0,40.40411138652331,0.9455523963192267,0.9758272051962572,0.8238994171453637,Indian_Rock,2023,baseline_raw,WA,1633.728,17,PRECIP_BIAS_ONLY,0.7501570366511694,0.5811209439528026,0.16903609269836684
500.37999999999994,588.3208098439744,17.57480511690605,87.94080984397448,2023-04-08,2023-04-12,4,2023-05-12,2023-05-18,6,72.47601042457632,0.8248072181569788,0.9600509091243299,0.6073451071588103,Indian_Rock,2023,sza_g4_z02_raw,WA,1633.728,17,PRECIP_BIAS_ONLY,0.8161005568391235,0.5811209439528026,0.23497961288632097
500.37999999999994,646.2882489138043,29.159488571446573,145.90824891380436,2023-04-08,2023-04-12,4,2023-05-12,2023-05-16,4,93.18011289350098,0.710416298026204,0.9632174975068354,0.46570344555469045,Indian_Rock,2023,baseline_rfcorrected,WA,1633.728,17,PRECIP_BIAS_ONLY,0.8965112078170692,0.5811209439528026,0.3153902638642666
500.37999999999994,709.2162531054197,41.735531617054995,208.83625310541976,2023-04-08,2023-04-12,4,2023-05-12,2023-05-21,9,133.2739006921077,0.40759615446426645,0.943896676463739,0.21087599939760404,Indian_Rock,2023,sza_g4_z02_rfcorrected,WA,1633.728,17,PRECIP_BIAS_ONLY,0.983803002365645,0.5811209439528026,0.40268205841284244
429.25999999999993,249.51738495362827,-41.87266809075425,-179.74261504637167,2010-04-11,2010-04-09,-2,2010-05-18,2010-04-28,-20,92.01100862090101,0.6044629516999757,0.8729523087896125,0.3625657217787628,Trough,2010,baseline_raw,WA,1670.304,17,PRECIP_BIAS_ONLY,0.5324021049956352,0.8124999999999997,-0.28009789500436444
429.25999999999993,324.18118967210637,-24.479059387758838,-105.07881032789356,2010-04-11,2010-04-09,-2,2010-05-18,2010-05-18,0,42.86579413934481,0.9141521677365705,0.9922977848587378,0.6880317880347893,Trough,2010,sza_g4_z02_raw,WA,1670.304,17,PRECIP_BIAS_ONLY,0.6917143180764527,0.8124999999999997,-0.120785681923547
429.25999999999993,325.23064776363225,-24.234578632150143,-104.02935223636769,2010-04-11,2010-03-14,-28,2010-05-18,2010-05-02,-16,61.59471959818972,0.8227466097982745,0.9147820214843707,0.6205825968241692,Trough,2010,baseline_rfcorrected,WA,1670.304,17,PRECIP_BIAS_ONLY,0.8145884140467098,0.8124999999999997,0.0020884140467101187
429.25999999999993,369.4372449585576,-13.9362519315665,-59.82275504144235,2010-04-11,2010-04-09,-2,2010-05-18,2010-05-20,2,23.701949115155195,0.9737532395079963,0.9882394208051769,0.862779107804142,Trough,2010,sza_g4_z02_rfcorrected,WA,1670.304,17,PRECIP_BIAS_ONLY,0.7882784075998474,0.8124999999999997,-0.024221592400152314
424.1799999999999,274.68652180003767,-35.24293417887743,-149.49347819996223,2020-04-06,2020-04-06,0,2020-05-27,2020-04-26,-31,102.11331891165754,0.5256062764085979,0.7343767505863389,0.39757630652234566,Banfield_Mountain,2020,baseline_raw,MT,1706.88,17,PRECIP_BIAS_ONLY,0.7085633241019996,0.8434343434343428,-0.13487101933234313
424.1799999999999,324.92094126650676,-23.40022130545833,-99.25905873349313,2020-04-06,2020-04-07,1,2020-05-27,2020-05-07,-20,73.45722115205541,0.7545047231894721,0.8539860632987605,0.6007354094873731,Banfield_Mountain,2020,sza_g4_z02_raw,MT,1706.88,17,PRECIP_BIAS_ONLY,0.8381447356989142,0.8434343434343428,-0.005289607735428525
424.1799999999999,340.87735377087404,-19.638513420983045,-83.30264622912586,2020-04-06,2020-04-06,0,2020-05-27,2020-04-29,-28,83.35076170051805,0.6839227075031757,0.7688851199474178,0.6053938299492222,Banfield_Mountain,2020,baseline_rfcorrected,MT,1706.88,17,PRECIP_BIAS_ONLY,0.879304850184137,0.8434343434343428,0.035870506749794195
424.1799999999999,395.8818285617438,-6.671264896566571,-28.298171438256077,2020-04-06,2020-04-07,1,2020-05-27,2020-05-09,-18,59.288471705167034,0.8400756251535313,0.859438044542658,0.8198408134268691,Banfield_Mountain,2020,sza_g4_z02_rfcorrected,MT,1706.88,17,PRECIP_BIAS_ONLY,1.0211907834396288,0.8434343434343428,0.177756440005286
142.23999999999998,69.08647887168308,-51.42964083824304,-73.1535211283169,2015-01-20,2015-01-05,-15,2015-03-16,2015-03-26,10,34.22179945652992,0.27541171804211206,0.69587369707637,0.00043591695440547973,Spruce_Springs,2015,baseline_raw,WA,1737.36,17,PRECIP_BIAS_ONLY,0.2027207826396481,0.34146341463414626,-0.13874263199449816
142.23999999999998,124.76410489090607,-12.286202973210008,-17.475895109093912,2015-01-20,2015-02-05,16,2015-03-16,2015-03-21,5,22.13333901246414,0.6969044957597899,0.7171648494064723,0.8462923120269554,Spruce_Springs,2015,sza_g4_z02_raw,WA,1737.36,17,PRECIP_BIAS_ONLY,0.3171381837013633,0.34146341463414626,-0.024325230932782937
142.23999999999998,110.22027805274637,-22.511053112523634,-32.019721947253615,2015-01-20,2015-01-23,3,2015-03-16,2015-02-14,-30,19.601472817952033,0.7622814723310702,0.8916717883194504,0.4560317559953222,Spruce_Springs,2015,baseline_rfcorrected,WA,1737.36,17,PRECIP_BIAS_ONLY,0.29200538239310847,0.34146341463414626,-0.049458032241037786
142.23999999999998,173.98185960635473,22.315705572521622,31.74185960635475,2015-01-20,2015-02-05,16,2015-03-16,2015-04-05,20,42.009962964564515,-0.09191848899831001,0.5920604041095948,0.15203991182101428,Spruce_Springs,2015,sza_g4_z02_rfcorrected,WA,1737.36,17,PRECIP_BIAS_ONLY,0.44224491491996976,0.34146341463414626,0.1007815002858235
1120.14,600.7182891637217,-46.37114207476551,-519.4217108362784,2024-05-11,2024-03-18,-54,2024-06-29,2024-05-17,-43,343.3705332909656,0.2302818658487551,0.5822968607133278,0.23452875994229183,Pigtail_Peak,2024,baseline_raw,WA,1767.84,17,PRECIP_BIAS_ONLY,0.6086116758593328,0.8212290502793304,-0.2126173744199975
1120.14,636.5287854359027,-43.17417595694265,-483.6112145640974,2024-05-11,2024-03-18,-54,2024-06-29,2024-05-28,-32,308.5128581222925,0.37862723964924383,0.6633851563582703,0.32905912171292273,Pigtail_Peak,2024,sza_g4_z02_raw,WA,1767.84,17,PRECIP_BIAS_ONLY,0.6448927189750794,0.8212290502793304,-0.17633633130425097
1120.14,744.9038350072901,-33.49904163700162,-375.23616499271,2024-05-11,2024-03-18,-54,2024-06-29,2024-05-25,-35,282.05493746732213,0.4806345138864918,0.6547476130395535,0.45089665252469147,Pigtail_Peak,2024,baseline_rfcorrected,WA,1767.84,17,PRECIP_BIAS_ONLY,0.7546918073843951,0.8212290502793304,-0.06653724289493523
1120.14,771.3453336209791,-31.138488615621352,-348.794666379021,2024-05-11,2024-03-18,-54,2024-06-29,2024-06-05,-24,239.09137212873893,0.6268070066809246,0.7566163408917927,0.54484389962751,Pigtail_Peak,2024,sza_g4_z02_rfcorrected,WA,1767.84,17,PRECIP_BIAS_ONLY,0.7814807450175617,0.8212290502793304,-0.039748305261768646
1061.7199999999998,943.6112422380469,-11.124284911459984,-118.10875776195292,1995-05-03,1995-03-26,-38,1995-06-30,1995-06-04,-26,167.08973830360137,0.8153770095374228,0.8700164583218103,0.7598180653235503,Hoodoo_Basin,1995,baseline_raw,MT,1844.04,17,PRECIP_BIAS_ONLY,0.8784172764035452,0.82608695652174,0.05233031988180514
1061.7199999999998,971.9313580809721,-8.456904072545274,-89.78864191902767,1995-05-03,1995-03-26,-38,1995-06-30,1995-06-16,-14,128.32959082100476,0.8910970002495776,0.9222448708264203,0.8222593945835085,Hoodoo_Basin,1995,sza_g4_z02_raw,MT,1844.04,17,PRECIP_BIAS_ONLY,0.9047807594913182,0.82608695652174,0.07869380296957817
1061.7199999999998,1229.8831201093196,15.838744688742782,168.16312010931983,1995-05-03,1995-03-26,-38,1995-06-30,1995-06-19,-11,118.38904755029958,0.9073150378599004,0.9537875318726486,0.8083989954114564,Hoodoo_Basin,1995,baseline_rfcorrected,MT,1844.04,17,PRECIP_BIAS_ONLY,1.1449106711560144,0.82608695652174,0.3188237146342744
1061.7199999999998,1253.805751468863,18.091940574620736,192.08575146886324,1995-05-03,1995-04-14,-19,1995-06-30,1995-06-29,-1,119.0142217719331,0.9063335747486974,0.9766968971244429,0.7547968107673092,Hoodoo_Basin,1995,sza_g4_z02_rfcorrected,MT,1844.04,17,PRECIP_BIAS_ONLY,1.0971715755942506,0.82608695652174,0.2710846190725106
525.78,259.365340454356,-50.670367748039865,-266.414659545644,2023-04-08,2023-04-08,0,2023-05-18,2023-05-02,-16,135.31480579906088,0.37065505823172706,0.8722595050806976,0.15464958916889815,Snow_Mountain,2023,baseline_raw,OR,1898.904,17,PRECIP_BIAS_ONLY,0.6645472628097484,0.8589211618257261,-0.19437389901597768
525.78,313.1144340763148,-40.447633216114184,-212.66556592368516,2023-04-08,2023-04-08,0,2023-05-18,2023-05-14,-4,98.72448434157022,0.6649976474846996,0.969882107039538,0.37894286953645395,Snow_Mountain,2023,sza_g4_z02_raw,OR,1898.904,17,PRECIP_BIAS_ONLY,0.8022634780234137,0.8589211618257261,-0.0566576838023124
525.78,328.7913426145064,-37.46598527625501,-196.98865738549358,2023-04-08,2023-04-08,0,2023-05-18,2023-05-05,-13,109.17973058539748,0.5902847346268155,0.9111719326949013,0.32896013113412703,Snow_Mountain,2023,baseline_rfcorrected,OR,1898.904,17,PRECIP_BIAS_ONLY,0.842430936944963,0.8589211618257261,-0.016490224880763127
525.78,381.9006127728285,-27.36494108318527,-143.8793872271715,2023-04-08,2023-04-08,0,2023-05-18,2023-05-17,-1,68.44835395703421,0.8389635729418836,0.98703209445268,0.5733118119646095,Snow_Mountain,2023,sza_g4_z02_rfcorrected,OR,1898.904,17,PRECIP_BIAS_ONLY,0.9785077930573065,0.8589211618257261,0.11958663123158042
439.42,140.8197129371352,-67.95327637860471,-298.6002870628648,2023-04-08,2023-03-13,-26,2023-04-30,2023-04-14,-16,110.80950146486457,0.30327992652001257,0.6890798776148248,0.11290074869071665,Taylor_Canyon,2023,baseline_raw,NV,1927.86,17,PRECIP_BIAS_ONLY,0.5915134148859655,1.2627737226277371,-0.6712603077417716
439.42,188.58862857198406,-57.08237481862818,-250.83137142801596,2023-04-08,2023-03-13,-26,2023-04-30,2023-05-03,3,76.17905816078238,0.6707122919213961,0.9050259643672084,0.4103371919681824,Taylor_Canyon,2023,sza_g4_z02_raw,NV,1927.86,17,PRECIP_BIAS_ONLY,0.7921668164816859,1.2627737226277371,-0.4706069061460513
439.42,201.85706277067285,-54.06284129746647,-237.56293722932716,2023-04-08,2023-03-13,-26,2023-04-30,2023-04-24,-6,80.77693067704104,0.6297636843650916,0.8411452495121765,0.3954856453921094,Taylor_Canyon,2023,baseline_rfcorrected,NV,1927.86,17,PRECIP_BIAS_ONLY,0.8479008941854222,1.2627737226277371,-0.4148728284423149
439.42,232.0258470997783,-47.19724930595369,-207.3941529002217,2023-04-08,2023-03-13,-26,2023-04-30,2023-05-06,6,60.48137710658623,0.7924380875428061,0.8923687770341369,0.6011478924129006,Taylor_Canyon,2023,sza_g4_z02_rfcorrected,NV,1927.86,17,PRECIP_BIAS_ONLY,0.9746249178981665,1.2627737226277371,-0.2881488047295706
226.06,153.52820749913909,-32.085195302513014,-72.53179250086092,2024-03-16,2024-03-07,-9,2024-04-16,2024-03-31,-16,47.166692015626445,0.5785678382718543,0.756225232764069,0.33636630610317053,ONeil_Creek,2024,baseline_raw,NV,1987.296,17,PRECIP_BIAS_ONLY,0.46362492640480363,0.9368421052631578,-0.4732171788583542
226.06,262.38078507402906,16.066878295155735,36.32078507402906,2024-03-16,2024-03-14,-2,2024-04-16,2024-04-30,14,36.380355211364176,0.7492790013266053,0.899823012616515,0.5351457266305957,ONeil_Creek,2024,sza_g4_z02_raw,NV,1987.296,17,PRECIP_BIAS_ONLY,0.7765968410996252,0.9368421052631578,-0.16024526416353257
226.06,198.7408199660382,-12.084924371388924,-27.3191800339618,2024-03-16,2024-03-07,-9,2024-04-16,2024-04-10,-6,28.224809008330862,0.8490897069650766,0.9012512544989036,0.6470572715094336,ONeil_Creek,2024,baseline_rfcorrected,NV,1987.296,17,PRECIP_BIAS_ONLY,0.6001581046981316,0.9368421052631578,-0.33668400056502623
226.06,299.6088957948557,32.535121558371976,73.5488957948557,2024-03-16,2024-03-15,-1,2024-04-16,2024-05-02,16,49.066459616539724,0.5439354832570544,0.8919323961409589,0.29355689752943215,ONeil_Creek,2024,sza_g4_z02_rfcorrected,NV,1987.296,17,PRECIP_BIAS_ONLY,0.8867849144287905,0.9368421052631578,-0.05005719083436733
241.3,186.14857560131168,-22.855957065349493,-55.151424398688334,1990-03-17,1990-03-03,-14,1990-04-15,1990-04-03,-12,36.580977810671826,0.8041386330626115,0.8720227558441079,0.622491255809875,Somsen_Ranch,1990,baseline_raw,ID,2072.6400000000003,17,PRECIP_BIAS_ONLY,0.7355464572378259,0.8119658119658115,-0.07641935472798567
241.3,227.0993374699682,-5.8850652838921755,-14.20066253003182,1990-03-17,1990-03-28,11,1990-04-15,1990-04-24,9,24.441200036362456,0.9125654232368032,0.913117074164803,0.9342742026963492,Somsen_Ranch,1990,sza_g4_z02_raw,ID,2072.6400000000003,17,PRECIP_BIAS_ONLY,0.7888188052769366,0.8119658119658115,-0.023147006688874927
241.3,224.29108983554522,-7.048864552198421,-17.00891016445479,1990-03-17,1990-03-02,-15,1990-04-15,1990-04-08,-7,20.677295621059116,0.9374214299800688,0.941654781712979,0.8921857881889081,Somsen_Ranch,1990,baseline_rfcorrected,ID,2072.6400000000003,17,PRECIP_BIAS_ONLY,0.901039781902371,0.8119658119658115,0.08907396993655947
241.3,251.62180634554022,4.277582405942897,10.32180634554021,1990-03-17,1990-03-27,10,1990-04-15,1990-05-05,20,31.445251379740043,0.855273418839098,0.9100836960291441,0.7209397368289023,Somsen_Ranch,1990,sza_g4_z02_rfcorrected,ID,2072.6400000000003,17,PRECIP_BIAS_ONLY,0.8818089493690826,0.8119658119658115,0.06984313740327108
436.87999999999994,141.5602139016629,-67.59746065243021,-295.31978609833703,2010-04-06,2010-02-14,-51,2010-05-21,2010-03-20,-62,154.94867837536603,-0.24175644507646799,0.24071525340692593,-0.16075464538034723,Fawn_Creek,2010,baseline_raw,NV,2143.0488,17,PRECIP_BIAS_ONLY,0.5553529434519229,0.8911917098445591,-0.3358387663926362
436.87999999999994,240.1570074402963,-45.029068064389236,-196.72299255970364,2010-04-06,2010-04-08,2,2010-05-21,2010-05-21,0,71.2206993189903,0.7376547908959317,0.9797055016215672,0.460687086580183,Fawn_Creek,2010,sza_g4_z02_raw,NV,2143.0488,17,PRECIP_BIAS_ONLY,0.6668997274782503,0.8911917098445591,-0.22429198236630876
436.87999999999994,190.0158744772356,-56.50616313925205,-246.86412552276434,2010-04-06,2010-03-16,-21,2010-05-21,2010-04-19,-32,115.28354530587205,0.31262249110098517,0.6611776183478131,0.20634055529274897,Fawn_Creek,2010,baseline_rfcorrected,NV,2143.0488,17,PRECIP_BIAS_ONLY,0.6324695216340148,0.8911917098445591,-0.25872218821054427
436.87999999999994,296.5707562528872,-32.11619752497546,-140.30924374711276,2010-04-06,2010-04-08,2,2010-05-21,2010-06-03,13,48.65205843916965,0.8775769741023096,0.9445170116419448,0.7003273421827512,Fawn_Creek,2010,sza_g4_z02_rfcorrected,NV,2143.0488,17,PRECIP_BIAS_ONLY,0.8235568831870894,0.8911917098445591,-0.06763482665746967
368.2999999999999,114.30406645962698,-68.96441312527097,-253.9959335403729,2010-04-14,2010-02-18,-55,2010-06-09,2010-03-17,-84,154.78138136042637,-0.5344457324142549,0.1508941276801829,-0.24830708268034285,Skalkaho_Summit,2010,baseline_raw,MT,2209.8,17,PRECIP_BIAS_ONLY,0.5527645876282384,0.8841463414634138,-0.3313817538351753
368.2999999999999,225.30130870816342,-38.82668783378673,-142.99869129183648,2010-04-14,2010-04-14,0,2010-06-09,2010-05-17,-23,94.80195640664616,0.42436300558720297,0.769457560738034,0.3271945100675663,Skalkaho_Summit,2010,sza_g4_z02_raw,MT,2209.8,17,PRECIP_BIAS_ONLY,0.7147232382722158,0.8841463414634138,-0.1694231031911979
368.2999999999999,147.72679313727764,-59.88954842865118,-220.57320686272226,2010-04-14,2010-03-02,-43,2010-06-09,2010-03-26,-75,145.41225100545458,-0.354303784529439,0.20134646054594854,-0.10406619393764704,Skalkaho_Summit,2010,baseline_rfcorrected,MT,2209.8,17,PRECIP_BIAS_ONLY,0.7083900188910548,0.8841463414634138,-0.17575632257235896
368.2999999999999,288.6201407367401,-21.634498849649695,-79.6798592632598,2010-04-14,2010-04-14,0,2010-06-09,2010-05-20,-20,69.82924515387631,0.6876879133603959,0.8391396654321519,0.5567411585512143,Skalkaho_Summit,2010,sza_g4_z02_rfcorrected,MT,2209.8,17,PRECIP_BIAS_ONLY,0.91558954007297,0.8841463414634138,0.031443198609556244
662.94,397.18459606641096,-40.08739915129409,-265.7554039335891,2023-04-07,2023-04-04,-3,2023-05-21,2023-05-13,-8,115.29084626403453,0.7114907648255603,0.9503624907793755,0.4553500765199976,Bostetter_R.S.,2023,baseline_raw,ID,2286.0,17,PRECIP_BIAS_ONLY,0.8650410983339911,1.0155642023346299,-0.15052310400063873
662.94,421.23270196475505,-36.459905577464774,-241.707298035245,2023-04-07,2023-04-04,-3,2023-05-21,2023-05-23,2,92.57688914061113,0.8139733215856171,0.9815151439155132,0.5579300846134724,Bostetter_R.S.,2023,sza_g4_z02_raw,ID,2286.0,17,PRECIP_BIAS_ONLY,0.9174162411395732,1.0155642023346299,-0.09814796119505664
662.94,479.0355970510088,-27.740731129361823,-183.90440294899128,2023-04-07,2023-04-04,-3,2023-05-21,2023-05-19,-2,71.58427555427795,0.888774252335885,0.9857528539478405,0.6620064796341102,Bostetter_R.S.,2023,baseline_rfcorrected,ID,2286.0,17,PRECIP_BIAS_ONLY,1.0433070242854956,1.0155642023346299,0.027742821950865748
662.94,505.48885773022,-23.750436279268115,-157.45114226978006,2023-04-07,2023-04-04,-3,2023-05-21,2023-05-28,7,55.85237968230528,0.9322899041212647,0.9777326362001332,0.7677868506848698,Bostetter_R.S.,2023,sza_g4_z02_rfcorrected,ID,2286.0,17,PRECIP_BIAS_ONLY,1.1009204309963494,1.0155642023346299,0.08535622866171955
607.06,469.0854316702219,-22.728324766872802,-137.97456832977804,1990-03-28,1990-03-12,-16,1990-06-25,1990-06-25,0,97.13321585298097,0.8203504148525539,0.9287351310978715,0.6198422742427698,Trinity_Mtn.,1990,baseline_raw,ID,2368.2960000000003,17,PRECIP_BIAS_ONLY,0.8563107418915696,0.8884758364312267,-0.0321650945396571
607.06,492.98995924076786,-18.790571073572973,-114.07004075923209,1990-03-28,1990-03-12,-16,1990-06-25,1990-06-25,0,66.44990532609921,0.9159225721893209,0.9721093362381867,0.739711269712154,Trinity_Mtn.,1990,sza_g4_z02_raw,ID,2368.2960000000003,17,PRECIP_BIAS_ONLY,0.8999482167660662,0.8884758364312267,0.011472380334839438
607.06,555.9361482288217,-8.421548408918104,-51.12385177117824,1990-03-28,1990-03-12,-16,1990-06-25,1990-06-25,0,52.746916857359665,0.9470233072185833,0.9629770213361232,0.8509582153730484,Trinity_Mtn.,1990,baseline_rfcorrected,ID,2368.2960000000003,17,PRECIP_BIAS_ONLY,1.0148558522466355,0.8884758364312267,0.1263800158154088
607.06,579.6875292703263,-4.509022292635594,-27.372470729673637,1990-03-28,1990-03-28,0,1990-06-25,1990-06-25,0,38.78317803973428,0.9713597060122339,0.974309917928241,0.9315228087188555,Trinity_Mtn.,1990,sza_g4_z02_rfcorrected,ID,2368.2960000000003,17,PRECIP_BIAS_ONLY,1.0458150701811426,0.8884758364312267,0.15733923374991587
579.12,231.02571360938802,-60.10745379033913,-348.09428639061196,2005-04-11,2005-03-02,-40,2005-05-26,2005-04-29,-27,176.88954215163065,0.2080040586627946,0.6028634328633213,0.1669401256024995,Howell_Canyon,2005,baseline_raw,ID,2432.304,17,PRECIP_BIAS_ONLY,0.7493277740873049,1.0316742081447963,-0.2823464340574914
579.12,333.55181785175336,-42.40367836514827,-245.56818214824665,2005-04-11,2005-04-21,10,2005-05-26,2005-05-22,-4,107.25053884167644,0.7088494559550105,0.9308060400234621,0.47999465204997305,Howell_Canyon,2005,sza_g4_z02_raw,ID,2432.304,17,PRECIP_BIAS_ONLY,0.7816527149898905,1.0316742081447963,-0.25002149315490574
579.12,288.7760250960774,-50.13537348113044,-290.34397490392263,2005-04-11,2005-03-30,-12,2005-05-26,2005-05-08,-18,142.11468876391268,0.4887932532224192,0.7648234454077979,0.3518594410684579,Howell_Canyon,2005,baseline_rfcorrected,ID,2432.304,17,PRECIP_BIAS_ONLY,0.7927191754739573,1.0316742081447963,-0.23895503267083895
579.12,367.0702015693737,-36.615865180036316,-212.0497984306263,2005-04-11,2005-04-21,10,2005-05-26,2005-05-25,-1,82.61430268850843,0.827245597675344,0.9212996637430869,0.6474470096405963,Howell_Canyon,2005,sza_g4_z02_rfcorrected,ID,2432.304,17,PRECIP_BIAS_ONLY,0.8602004375107593,1.0316742081447963,-0.17147377063403701
215.9,17.91484036623898,-91.70225087251552,-197.98515963376101,2005-04-21,2005-01-17,-94,2005-05-24,2005-06-09,16,90.6920512184167,-0.9168191720473757,0.022711339418966813,-0.6049632280165795,Schwartz_Lake,2005,baseline_raw,ID,2630.424,17,PRECIP_BIAS_ONLY,0.24709215343963586,0.8252427184466019,-0.578150565006966
215.9,75.98927232935354,-64.80348664689507,-139.91072767064645,2005-04-21,2005-03-06,-46,2005-05-24,2005-04-02,-52,73.41234882262115,-0.2559748247916187,0.1738140414709391,-0.06376045741448055,Schwartz_Lake,2005,sza_g4_z02_raw,ID,2630.424,17,PRECIP_BIAS_ONLY,0.9107039058288572,0.8252427184466019,0.08546118738225528
215.9,24.464740628131693,-88.6684851189756,-191.4352593718683,2005-04-21,2005-01-18,-93,2005-05-24,2005-09-24,123,90.32003334808594,-0.9011258796220154,0.02015756457516341,-0.5943864634027949,Schwartz_Lake,2005,baseline_rfcorrected,ID,2630.424,17,PRECIP_BIAS_ONLY,0.3195596207279094,0.8252427184466019,-0.5056830977186926
215.9,98.80552102197363,-54.2355159694425,-117.09447897802637,2005-04-21,2005-03-06,-46,2005-05-24,2005-04-09,-45,66.22251912535374,-0.022007517143585176,0.2527179577831931,0.1431697075066446,Schwartz_Lake,2005,sza_g4_z02_rfcorrected,ID,2630.424,17,PRECIP_BIAS_ONLY,1.184148382447501,0.8252427184466019,0.35890566400089907
317.5,199.40753521714794,-37.19447709696128,-118.09246478285206,2015-04-17,2015-03-13,-35,2015-06-03,2015-04-06,-58,104.39842224700126,0.23122357136601823,0.5180659682261862,0.27369334102726606,Gunsight_Pass,2015,baseline_raw,WY,2993.136,17,PRECIP_BIAS_ONLY,0.8810238401041385,0.9920634920634913,-0.11103965195935284
317.5,214.8833882929466,-32.32019266363887,-102.61661170705341,2015-04-17,2015-03-13,-35,2015-06-03,2015-05-11,-23,57.790306074868866,0.764428808999693,0.9190654305748468,0.5690017878132322,Gunsight_Pass,2015,sza_g4_z02_raw,WY,2993.136,17,PRECIP_BIAS_ONLY,0.9493993680944924,0.9920634920634913,-0.04266412396899888
317.5,263.9020674234503,-16.881238606787303,-53.59793257654968,2015-04-17,2015-03-12,-36,2015-06-03,2015-04-15,-49,86.22013165478361,0.47564000369252635,0.6021141653220219,0.5287817673327834,Gunsight_Pass,2015,baseline_rfcorrected,WY,2993.136,17,PRECIP_BIAS_ONLY,1.1659740570968926,0.9920634920634913,0.1739105650334013
317.5,275.6181328587771,-13.191139257078088,-41.881867141222926,2015-04-17,2015-03-14,-34,2015-06-03,2015-05-17,-17,34.57552757196901,0.9156762679697992,0.9381377003137863,0.8284146560451012,Gunsight_Pass,2015,sza_g4_z02_rfcorrected,WY,2993.136,17,PRECIP_BIAS_ONLY,1.2177380636551327,0.9920634920634913,0.2256745715916414
332.73999999999995,30.957818493410674,-90.69609349840395,-301.78218150658927,2023-04-07,2022-12-31,-97,2023-05-13,2023-03-16,-58,115.25297421327208,-0.5099754239715348,0.007529029669534098,-0.6237003971532762,Howard_Prairie,2023,baseline_raw,OR,1395.9840000000002,18,PRECIP_BIAS_ONLY,0.10364660508677229,0.48161764705882354,-0.3779710419720512
332.73999999999995,266.40036613805074,-19.937378692657695,-66.33963386194921,2023-04-07,2023-04-06,-1,2023-05-13,2023-04-29,-14,41.69747967795661,0.8023552844407574,0.8201866177871493,0.7563387212356949,Howard_Prairie,2023,sza_g4_z02_raw,OR,1395.9840000000002,18,PRECIP_BIAS_ONLY,0.42605125818529166,0.48161764705882354,-0.05556638887353188
332.73999999999995,65.45853386655573,-80.32742265235446,-267.2814661334442,2023-04-07,2023-01-12,-85,2023-05-13,2023-03-17,-57,113.68931772292508,-0.46928118100385685,0.005410163274027148,-0.5625450435003594,Howard_Prairie,2023,baseline_rfcorrected,OR,1395.9840000000002,18,PRECIP_BIAS_ONLY,0.18185710306291145,0.48161764705882354,-0.2997605439959121
332.73999999999995,352.0193076846633,5.794105813747481,19.279307684663365,2023-04-07,2023-04-06,-1,2023-05-13,2023-05-05,-8,44.28460776530503,0.7770686219930822,0.8612040878250875,0.7128146640555753,Howard_Prairie,2023,sza_g4_z02_rfcorrected,OR,1395.9840000000002,18,PRECIP_BIAS_ONLY,0.5629807162759162,0.48161764705882354,0.08136306921709263
1734.82,1642.6836902168704,-5.311001128827746,-92.13630978312949,2023-04-07,2023-04-08,1,2023-06-23,2023-07-08,15,117.56861861939716,0.9578354163988928,0.9754322198218469,0.8642763381570879,Carson_Pass,2023,baseline_raw,CA,2548.128,18,PRECIP_BIAS_ONLY,0.9656806483286418,1.366,-0.40031935167135835
1734.82,1663.8408998906477,-4.091438887570596,-70.9791001093522,2023-04-07,2023-04-08,1,2023-06-23,2023-07-21,28,151.1838538134455,0.9302770412787859,0.963639036739043,0.8103478129418588,Carson_Pass,2023,sza_g4_z02_raw,CA,2548.128,18,PRECIP_BIAS_ONLY,0.978118288074064,1.366,-0.3878817119259361
1734.82,1805.7621902373476,4.089311296696351,70.94219023734763,2023-04-07,2023-04-08,1,2023-06-23,2023-07-16,23,217.64760608675226,0.8554983606014414,0.9589541943208604,0.6707389308609749,Carson_Pass,2023,baseline_rfcorrected,CA,2548.128,18,PRECIP_BIAS_ONLY,1.061549227633429,1.366,-0.30445077236657103
1734.82,1830.2894919202902,5.503135306273287,95.46949192029024,2023-04-07,2023-04-08,1,2023-06-23,2023-07-24,31,250.8185977282102,0.8080958105846796,0.9465553639759113,0.6181000652475861,Carson_Pass,2023,sza_g4_z02_rfcorrected,CA,2548.128,18,PRECIP_BIAS_ONLY,1.0759680355463568,1.366,-0.2900319644536433
129.54,28.742778935260173,-77.81165745309544,-100.79722106473982,2024-04-10,2024-03-03,-38,2024-05-14,2024-03-11,-64,42.98403602851554,-0.23039274568194612,0.09346686735835845,-0.39164967998453304,Dupuyer_Creek,2024,baseline_raw,MT,1752.6,10,TEMP_BIAS_ONLY,0.14215605480475418,0.46363636363636374,-0.32148030883160955
129.54,77.07001849472708,-40.504849085435325,-52.46998150527291,2024-04-10,2024-04-01,-9,2024-05-14,2024-04-12,-32,29.728797415862754,0.41144905434250867,0.53683298443016,0.28906634263064157,Dupuyer_Creek,2024,sza_g4_z02_raw,MT,1752.6,10,TEMP_BIAS_ONLY,0.3422690742806719,0.46363636363636374,-0.12136728935569185
129.54,40.1615355238473,-68.99680753138234,-89.37846447615269,2024-04-10,2024-02-17,-53,2024-05-14,2024-02-23,-81,42.27730144213054,-0.19026563727664603,0.09068709368062187,-0.3307334546177605,Dupuyer_Creek,2024,baseline_rfcorrected,MT,1752.6,10,TEMP_BIAS_ONLY,0.24509543797824457,0.46363636363636374,-0.21854092565811917
129.54,91.82495201035705,-29.114596255707077,-37.71504798964294,2024-04-10,2024-04-01,-9,2024-05-14,2024-04-14,-30,26.73377104458991,0.5240626070192929,0.5951541106945731,0.4412406150189244,Dupuyer_Creek,2024,sza_g4_z02_rfcorrected,MT,1752.6,10,TEMP_BIAS_ONLY,0.40779594885658815,0.46363636363636374,-0.05584041477977558
134.61999999999998,28.556846089165543,-78.7870702056414,-106.06315391083443,1990-03-17,1990-03-07,-10,1990-04-10,1990-03-10,-31,36.92152648457859,-0.19062221422234216,0.07197051804880292,-0.5062333353429391,Chamita,1990,baseline_raw,NM,2555.1384000000003,13,TEMP_BIAS_ONLY,0.18706141724555037,0.7066666666666662,-0.5196052494211159
134.61999999999998,120.13314973075319,-10.761291241455051,-14.486850269246787,1990-03-17,1990-03-14,-3,1990-04-10,1990-04-17,7,13.87635260079706,0.8318234889653364,0.8567219313652342,0.8126082778811864,Chamita,1990,sza_g4_z02_raw,NM,2555.1384000000003,13,TEMP_BIAS_ONLY,0.7049394801338394,0.7066666666666662,-0.0017271865328267744
134.61999999999998,34.620555013266475,-74.28275515282536,-99.9994449867335,1990-03-17,1990-03-08,-9,1990-04-10,1990-03-11,-30,36.38367952761448,-0.15618656944317988,0.113357800534219,-0.44530261247282543,Chamita,1990,baseline_rfcorrected,NM,2555.1384000000003,13,TEMP_BIAS_ONLY,0.22678169943515672,0.7066666666666662,-0.47988496723150953
134.61999999999998,141.47575373399897,5.092671025106965,6.855753733998995,1990-03-17,1990-03-14,-3,1990-04-10,1990-04-24,14,26.136907503201666,0.40334527165823775,0.7137099470191498,0.365746742778284,Chamita,1990,sza_g4_z02_rfcorrected,NM,2555.1384000000003,13,TEMP_BIAS_ONLY,0.8301775530926392,0.7066666666666662,0.12351088642597297
243.83999999999995,184.62817361863938,-24.283065281069792,-59.21182638136057,2022-04-19,2022-03-14,-36,2022-05-12,2022-04-08,-34,64.47165168887769,0.5248184980930608,0.6113707430263434,0.5569633883462739,Snider_Basin,2022,baseline_raw,WY,2456.688,14,TEMP_BIAS_ONLY,0.5497607631723195,0.5714285714285708,-0.021667808256251364
243.83999999999995,252.0203665924591,3.3548091340465747,8.180366592459166,2022-04-19,2022-04-18,-1,2022-05-12,2022-05-19,7,24.437735211894086,0.9317278086757385,0.9457633429088858,0.8767043382196429,Snider_Basin,2022,sza_g4_z02_raw,WY,2456.688,14,TEMP_BIAS_ONLY,0.6259512114645877,0.5714285714285708,0.05452264003601681
243.83999999999995,225.69844008820056,-7.4399441895502765,-18.14155991179939,2022-04-19,2022-03-14,-36,2022-05-12,2022-05-01,-11,34.69238061109997,0.8624089649437253,0.8721727884419757,0.8923444547658621,Snider_Basin,2022,baseline_rfcorrected,WY,2456.688,14,TEMP_BIAS_ONLY,0.6720542387316585,0.5714285714285708,0.10062566730308764
243.83999999999995,287.13742891045746,17.756491515115453,43.29742891045751,2022-04-19,2022-04-18,-1,2022-05-12,2022-05-20,8,37.60328711769114,0.8383508019418808,0.9471061997284245,0.6504855445911155,Snider_Basin,2022,sza_g4_z02_rfcorrected,WY,2456.688,14,TEMP_BIAS_ONLY,0.7131726055060255,0.5714285714285708,0.14174403407745462
190.5,203.0740932512433,6.600573885167092,12.574093251243312,2021-12-28,2021-12-31,3,2022-03-04,2022-03-01,-3,10.343720870956755,0.9629101281345922,0.9875491545606621,0.82062895219298,Spratt_Creek,2022,baseline_raw,CA,1848.0024,16,TEMP_BIAS_ONLY,0.38071822818894735,0.38071065989847713,7.5682904702167875e-06
190.5,222.45658877354765,16.77511221708538,31.95658877354765,2021-12-28,2021-12-31,3,2022-03-04,2022-03-31,27,48.875218132607216,0.17190690090060334,0.7069727792593952,0.07264801183321845,Spratt_Creek,2022,sza_g4_z02_raw,CA,1848.0024,16,TEMP_BIAS_ONLY,0.41705604575587,0.38071065989847713,0.03634538585739289
190.5,229.38883724852508,20.414087794501352,38.88883724852508,2021-12-28,2021-12-31,3,2022-03-04,2022-03-09,5,26.982666542577576,0.7476103852703117,0.9521724662865392,0.42296530522215947,Spratt_Creek,2022,baseline_rfcorrected,CA,1848.0024,16,TEMP_BIAS_ONLY,0.4300524517203358,0.38071065989847713,0.04934179182185866
190.5,249.11327704171288,30.76812443134534,58.61327704171288,2021-12-28,2022-01-01,4,2022-03-04,2022-04-05,32,63.12946514690147,-0.38154796607327723,0.6634724603570482,-0.3154834868494645,Spratt_Creek,2022,sza_g4_z02_rfcorrected,CA,1848.0024,16,TEMP_BIAS_ONLY,0.46702651521182137,0.38071065989847713,0.08631585531334424
309.87999999999994,99.2444055754632,-67.97327818011385,-210.63559442453675,1990-02-21,1990-02-09,-12,1990-04-07,1990-02-11,-55,85.17512076987852,0.02651187608297889,0.3359253332689512,-0.27751492022361335,Seine_Creek,1990,baseline_raw,OR,627.888,17,TEMP_BIAS_ONLY,0.08939651095921873,0.23238095238095224,-0.1429844414217335
309.87999999999994,130.0325059278194,-58.037786908538976,-179.84749407218055,1990-02-21,1990-02-09,-12,1990-04-07,1990-03-06,-32,79.39459272993065,0.1541623897979496,0.4861726911313523,-0.15497120824432464,Seine_Creek,1990,sza_g4_z02_raw,OR,627.888,17,TEMP_BIAS_ONLY,0.11712954774455281,0.23238095238095224,-0.11525140463639943
309.87999999999994,115.00304461292957,-62.887877690419,-194.87695538707038,1990-02-21,1990-02-09,-12,1990-04-07,1990-02-11,-55,84.76806154522713,0.03579440881222906,0.33017289850217635,-0.2661036309881495,Seine_Creek,1990,baseline_rfcorrected,OR,627.888,17,TEMP_BIAS_ONLY,0.10359144052977311,0.23238095238095224,-0.12878951185117915
309.87999999999994,150.71511916025827,-51.363392551872245,-159.16488083974167,1990-02-21,1990-02-09,-12,1990-04-07,1990-03-08,-30,74.37348701081335,0.25776500018338133,0.5518416968532195,-0.05538599180550774,Seine_Creek,1990,sza_g4_z02_rfcorrected,OR,627.888,17,TEMP_BIAS_ONLY,0.13575985188893203,0.23238095238095224,-0.09662110049202022
1371.6,582.268559240384,-57.548224027385245,-789.3314407596159,2010-05-09,2010-04-09,-30,2010-07-09,2010-05-18,-52,508.5418595746524,-0.1316001264731097,0.291811622323961,0.09456340835448007,Waterhole,2010,baseline_raw,WA,1527.048,17,TEMP_BIAS_ONLY,0.3329386018097488,0.6958762886597942,-0.3629376868500454
1371.6,662.4058815910205,-51.705607932996465,-709.1941184089794,2010-05-09,2010-04-09,-30,2010-07-09,2010-06-01,-38,465.31348829015985,0.052605503732849446,0.41640651382725946,0.19937121141564595,Waterhole,2010,sza_g4_z02_raw,WA,1527.048,17,TEMP_BIAS_ONLY,0.37876077034827565,0.6958762886597942,-0.3171155183115186
1371.6,648.723048482704,-52.70318981607582,-722.8769515172959,2010-05-09,2010-04-09,-30,2010-07-09,2010-05-21,-49,487.8874477715754,-0.04154697868826873,0.32714621240934055,0.15742354597972974,Waterhole,2010,baseline_rfcorrected,WA,1527.048,17,TEMP_BIAS_ONLY,0.37093698654338997,0.6958762886597942,-0.32493930211640426
1371.6,732.0847918609916,-46.62548907400178,-639.5152081390083,2010-05-09,2010-04-09,-30,2010-07-09,2010-06-03,-36,441.4812150748261,0.14716693075525056,0.45089023519196375,0.2667955436642009,Waterhole,2010,sza_g4_z02_rfcorrected,WA,1527.048,17,TEMP_BIAS_ONLY,0.41860286484703374,0.6958762886597942,-0.2772734238127605
629.92,519.3071672002311,-17.55982232660796,-110.61283279976885,2024-04-08,2024-04-08,0,2024-06-05,2024-05-31,-5,59.27474031890441,0.9295426209559761,0.9845166165956974,0.739533873345694,George_Creek,2024,baseline_raw,UT,2732.2272000000003,17,TEMP_BIAS_ONLY,0.8366866996314921,0.9051094890510947,-0.06842278941960256
629.92,541.6280642648818,-14.01637283069567,-88.29193573511816,2024-04-08,2024-04-08,0,2024-06-05,2024-06-12,7,43.617250825004575,0.9618491919293324,0.9764917181171314,0.8639143428714224,George_Creek,2024,sza_g4_z02_raw,UT,2732.2272000000003,17,TEMP_BIAS_ONLY,0.8726492260077862,0.9051094890510947,-0.03246026304330851
629.92,646.1530100650938,2.576995501824648,16.233010065093822,2024-04-08,2024-04-08,0,2024-06-05,2024-06-09,4,30.63670117561363,0.981177766149978,0.9888970172097281,0.9043468713758321,George_Creek,2024,baseline_rfcorrected,UT,2732.2272000000003,17,TEMP_BIAS_ONLY,1.041055590206915,0.9051094890510947,0.1359461011558203
629.92,675.5997237729806,7.251670652301984,45.67972377298065,2024-04-08,2024-04-08,0,2024-06-05,2024-06-16,11,65.83477454357453,0.9130843727011442,0.9651904040234492,0.7500471827264485,George_Creek,2024,sza_g4_z02_rfcorrected,UT,2732.2272000000003,17,TEMP_BIAS_ONLY,1.0884989440895037,0.9051094890510947,0.18338945503840898
