obs_peak,mod_peak,peak_bias_pct,peak_date_bias,meltout_bias,rmse,nse,correlation,config,study,site,wy
1315.7199999999998,1367.740736786239,3.9537847555892776,0,12,91.08792770947366,0.9657834067793855,0.9906982916113529,ar2022_full,Snow aging,Stevens_Pass,2020
1107.44,890.3704539943202,-19.60102091360975,-5,-3,133.79528733035337,0.8949750004390578,0.9822371818140309,ar2022_full,Snow aging,Stevens_Pass,2022
2286.0,1966.1887516539346,-13.989993365969616,1,1,320.1380748908376,0.8730135941285863,0.9660023006624172,ar2022_full,Snow aging,Paradise,2020
2159.0,1546.1780456916856,-28.384527758606502,-2,-4,345.83114730315623,0.7931829353068043,0.9619050985785924,ar2022_full,Snow aging,Paradise,2022
1905.0,1859.821546128653,-2.371572381698009,-4,3,121.87773686365674,0.9651622303504779,0.9830735007623116,ar2022_full,Snow aging,Paradise,2023
185.42,312.5804235124532,68.5796696755761,69,87,125.35364898380125,-4.070332827584144,0.4752679341455415,ar2022_full,Snow aging,Leavitt_Lake,2015
411.47999999999996,415.806262372053,1.051390680483393,3,48,102.42160314743923,0.443196369503142,0.7740095104544492,ar2022_full,Snow aging,Leavitt_Lake,2021
454.6599999999999,462.2262026873989,1.6641452266306627,-5,53,123.66733432602103,0.5125984222689268,0.8596073810913374,ar2022_full,Snow aging,Leavitt_Lake,2022
1023.6199999999999,1037.3710802097892,1.3433774457112289,4,23,102.27924821962208,0.9115194863418552,0.9674783998258712,ar2022_full,Snow aging,CSS_Lab,2024
701.04,563.1139402192781,-19.674492151763364,62,21,112.55869957984618,0.8393148945015094,0.9199299375755635,ar2022_full,Snow aging,Donner_Summit,2022
759.4599999999999,605.9614278190076,-20.211541382165272,-11,-3,124.00591205699226,0.7840086632110566,0.9637855610149335,ar2022_full,Snow aging,Togwotee_Pass,2020
574.04,426.6153310122558,-25.681950558801507,-28,3,74.68630232427576,0.8564658087799149,0.9824021705721523,ar2022_full,Snow aging,Togwotee_Pass,2024
431.79999999999995,374.01303879511875,-13.382807134062347,7,4,41.00118372925148,0.9345734589835586,0.9801291037868586,ar2022_full,Snow aging,Canyon,1995
335.28,351.0388667227789,4.700210785844345,-6,1,14.829346064975477,0.9849499915733559,0.9949316441032691,ar2022_full,Snow aging,Canyon,2000
609.5999999999999,669.580783405063,9.839367356473607,17,30,86.5956805814186,0.8471808512851308,0.9311734106182542,ar2022_full,Snow aging,Berthoud_Summit,2024
863.5999999999999,706.3685039140947,-18.206518768631913,39,22,83.13443436171933,0.9141305064567464,0.9584504552821653,ar2022_full,Snow aging,Schofield_Pass,2024
604.52,569.3329149142684,-5.820665170007875,-5,-1,63.81425699870556,0.8782456315866252,0.9498353728860806,ar2022_full,Snow aging,Northeast_Entrance,1995
685.8,696.8613386080302,1.6129102665544282,4,19,66.43474244682052,0.9163160898417202,0.9649700384200924,ar2022_full,Snow aging,Brighton,2024
187.96,180.8096999425479,-3.804160490238409,25,31,40.97277189500823,0.6006679292083379,0.8114812678755707,ar2022_full,Snow aging,Quemazon,2020
223.52,197.94429943479977,-11.442242557802539,-1,32,42.40250036340751,0.6182842721468766,0.795992316089512,ar2022_full,Snow aging,Quemazon,2023
1315.7199999999998,1431.0446669099153,8.76513748441276,0,19,139.31978960273048,0.9199537956927879,0.9856541150603638,bare_combined,Bare + albedo tuning,Stevens_Pass,2020
1107.44,980.9151882709813,-11.424981193474931,-3,6,74.95680679899662,0.9670365082383684,0.9949170832562682,bare_combined,Bare + albedo tuning,Stevens_Pass,2022
2286.0,1985.8662009721827,-13.12921255589752,4,13,215.27859041335708,0.9425772145147376,0.9879905178001328,bare_combined,Bare + albedo tuning,Paradise,2020
2159.0,1657.58996984417,-23.224179256870315,-2,5,254.84681557258597,0.8876904772943919,0.987594027253635,bare_combined,Bare + albedo tuning,Paradise,2022
1905.0,1903.7566570078004,-0.0652673486718943,-4,13,78.07596617678537,0.9857032831732346,0.9937407856540573,bare_combined,Bare + albedo tuning,Paradise,2023
185.42,324.2269660469044,74.86083812258894,70,93,136.0731800995074,-4.97458269059889,0.4556279908884703,bare_combined,Bare + albedo tuning,Leavitt_Lake,2015
411.47999999999996,422.7211528874618,2.731883174750134,3,59,128.24153167395093,0.12707624419225694,0.693157861176137,bare_combined,Bare + albedo tuning,Leavitt_Lake,2021
454.6599999999999,488.33214434621914,7.406005442796647,43,73,163.8920581888724,0.14396257896292264,0.7837630578100485,bare_combined,Bare + albedo tuning,Leavitt_Lake,2022
1023.6199999999999,1098.4176074711997,7.307165498055905,6,35,178.59124934166263,0.7302304474303167,0.9176376215699503,bare_combined,Bare + albedo tuning,CSS_Lab,2024
701.04,610.4002555753035,-12.929325634014674,101,29,152.21138566483933,0.7061594233808863,0.846564848620263,bare_combined,Bare + albedo tuning,Donner_Summit,2022
759.4599999999999,627.3588830877192,-17.394084864545963,-2,1,88.85996753002732,0.8890917504439817,0.9927149284813116,bare_combined,Bare + albedo tuning,Togwotee_Pass,2020
574.04,447.43591345416206,-22.05492414219182,-28,12,46.75749877356462,0.9437430747136502,0.9885804440473054,bare_combined,Bare + albedo tuning,Togwotee_Pass,2024
431.79999999999995,390.1996293392192,-9.634175697262798,7,12,33.784816625310825,0.9555773664052127,0.9816511652224508,bare_combined,Bare + albedo tuning,Canyon,1995
335.28,356.1307357499223,6.218902335338317,-6,4,20.953988889742163,0.9699512672412929,0.993529852727729,bare_combined,Bare + albedo tuning,Canyon,2000
609.5999999999999,693.3637131471214,13.740766592375579,29,43,125.24378557199238,0.6803330860578958,0.869729868730414,bare_combined,Bare + albedo tuning,Berthoud_Summit,2024
863.5999999999999,799.9580492717386,-7.369378268673153,39,36,134.7703073173195,0.7743343557323246,0.895324292606422,bare_combined,Bare + albedo tuning,Schofield_Pass,2024
604.52,618.5812897373431,2.326025563644403,-3,7,61.245594778066284,0.8878501153341003,0.9788454727619683,bare_combined,Bare + albedo tuning,Northeast_Entrance,1995
685.8,718.6282841231931,4.786859743831023,13,29,122.95826700664593,0.7133401163691213,0.9032012047192937,bare_combined,Bare + albedo tuning,Brighton,2024
187.96,185.54062467614165,-1.287175635166185,25,34,46.92376970938983,0.47624366625703674,0.767382148349177,bare_combined,Bare + albedo tuning,Quemazon,2020
223.52,201.24962583335343,-9.963481642200508,-1,36,47.03928670441388,0.5302372496621113,0.7570610187928353,bare_combined,Bare + albedo tuning,Quemazon,2023
1315.7199999999998,1382.2901120651388,5.059595663601605,0,14,97.84326551581232,0.9605200130130878,0.9906269093895009,bare_high_fresh,Bare + albedo tuning,Stevens_Pass,2020
1107.44,917.2952733046956,-17.169754270687754,-5,0,115.35573015841929,0.9219290614827917,0.9892340199191632,bare_high_fresh,Bare + albedo tuning,Stevens_Pass,2022
2286.0,1982.4882857761713,-13.27697787505812,1,6,288.35677386265036,0.8969749368686035,0.9738802245495605,bare_high_fresh,Bare + albedo tuning,Paradise,2020
2159.0,1587.4606812157301,-26.47240939250903,-2,0,316.4336556408236,0.8268496012221992,0.971918123087592,bare_high_fresh,Bare + albedo tuning,Paradise,2022
1905.0,1881.6529884013762,-1.225564913313585,-4,5,112.738196819081,0.9701912510614734,0.98519413057881,bare_high_fresh,Bare + albedo tuning,Paradise,2023
185.42,321.59633716377704,73.44209748882379,70,92,132.01781760778064,-4.623770708744113,0.47063213872407605,bare_high_fresh,Bare + albedo tuning,Leavitt_Lake,2015
411.47999999999996,418.2514939908222,1.6456435284393536,3,55,110.92073568281053,0.34695305454335446,0.7439156281918988,bare_high_fresh,Bare + albedo tuning,Leavitt_Lake,2021
454.6599999999999,467.9850025577286,2.9307620106736207,-5,62,127.21668817392346,0.48421928206333786,0.8590964899503488,bare_high_fresh,Bare + albedo tuning,Leavitt_Lake,2022
1023.6199999999999,1068.23729347446,4.3587750800551195,6,25,114.48072106659907,0.8891495926913304,0.9637525307192911,bare_high_fresh,Bare + albedo tuning,CSS_Lab,2024
701.04,567.1272280122581,-19.102015860399103,62,25,117.02793054834328,0.8263013116507842,0.9120902261268704,bare_high_fresh,Bare + albedo tuning,Donner_Summit,2022
759.4599999999999,617.6286065488116,-18.67529474247338,-3,-4,110.9613775354042,0.8270600895036297,0.9750713282696108,bare_high_fresh,Bare + albedo tuning,Togwotee_Pass,2020
574.04,441.8314093204071,-23.031250553897443,-28,5,65.62454578453057,0.8891830811524727,0.9838128319327036,bare_high_fresh,Bare + albedo tuning,Togwotee_Pass,2024
431.79999999999995,382.0480847068978,-11.521981309194576,7,10,38.896890639749415,0.9411168626268827,0.9795024802914798,bare_high_fresh,Bare + albedo tuning,Canyon,1995
335.28,352.2413785299784,5.058869759597486,-6,3,17.038537552036246,0.9801318525599971,0.9941834032883777,bare_high_fresh,Bare + albedo tuning,Canyon,2000
609.5999999999999,674.0278669605415,10.568875813737135,17,43,95.40825006447479,0.8144943348582869,0.9196188836382179,bare_high_fresh,Bare + albedo tuning,Berthoud_Summit,2024
863.5999999999999,725.1437182836399,-16.032455038948584,39,25,91.88042589785758,0.8951126753033969,0.9490307649530968,bare_high_fresh,Bare + albedo tuning,Schofield_Pass,2024
604.52,588.7668945804468,-2.6058865578563504,-4,4,60.85011278300726,0.8892938129206696,0.9647426584105363,bare_high_fresh,Bare + albedo tuning,Northeast_Entrance,1995
685.8,706.3171335782775,2.9917080166633996,4,24,77.9293832756812,0.8848526541839938,0.9560386892298767,bare_high_fresh,Bare + albedo tuning,Brighton,2024
187.96,186.9135291571197,-0.556751884911841,25,35,48.8875390483206,0.43148771976329914,0.7531720395145591,bare_high_fresh,Bare + albedo tuning,Quemazon,2020
223.52,200.03195466474276,-10.508252207971212,-1,37,47.44736294837132,0.5220513034904013,0.7521958924132245,bare_high_fresh,Bare + albedo tuning,Quemazon,2023
1315.7199999999998,1382.7313789557902,5.093133718100387,0,13,94.54254059003485,0.9631387837745023,0.9923010579764422,bare_mid_decay,Bare + albedo tuning,Stevens_Pass,2020
1107.44,916.7958469008335,-17.214851648772537,-5,0,115.00112603278858,0.9224083047079906,0.9895495932115501,bare_mid_decay,Bare + albedo tuning,Stevens_Pass,2022
2286.0,1973.7844465086946,-13.657723249838384,1,5,288.5562007959856,0.8968323837605415,0.9747126590502926,bare_mid_decay,Bare + albedo tuning,Paradise,2020
2159.0,1576.0082050472965,-27.00286220253374,-2,-1,320.109784253214,0.822803125836707,0.9713498561290513,bare_mid_decay,Bare + albedo tuning,Paradise,2022
1905.0,1871.9134234494295,-1.736828165384278,-4,5,100.53193368673271,0.9762966541678344,0.9883337786734361,bare_mid_decay,Bare + albedo tuning,Paradise,2023
185.42,311.0622713841083,67.76090571896685,69,87,123.62467144422274,-3.9314292627563034,0.4850484358751317,bare_mid_decay,Bare + albedo tuning,Leavitt_Lake,2015
411.47999999999996,416.52237341939946,1.22542369480886,3,50,106.98617593040562,0.3924608785977204,0.7595424682695381,bare_mid_decay,Bare + albedo tuning,Leavitt_Lake,2021
454.6599999999999,464.64648348801217,2.1964728562029334,9,50,126.32359236366023,0.49143570453170593,0.8549871091643431,bare_mid_decay,Bare + albedo tuning,Leavitt_Lake,2022
1023.6199999999999,1050.9223922054714,2.667239034551055,4,24,116.293690282488,0.8856108363342817,0.9594931574699513,bare_mid_decay,Bare + albedo tuning,CSS_Lab,2024
701.04,571.8696129489905,-18.425537351792975,67,22,116.05764382736393,0.8291696671240266,0.9132957206606056,bare_mid_decay,Bare + albedo tuning,Donner_Summit,2022
759.4599999999999,607.9811879224858,-19.94559451156271,-4,-6,116.77574601957545,0.8084611606501593,0.9716449085881453,bare_mid_decay,Bare + albedo tuning,Togwotee_Pass,2020
574.04,431.79097867027923,-24.78033261266127,-28,3,67.52472676601317,0.882672688011422,0.9883549099963328,bare_mid_decay,Bare + albedo tuning,Togwotee_Pass,2024
431.79999999999995,380.3254590477297,-11.920921943554951,7,5,37.468511032483015,0.9453620948464782,0.9832632840586076,bare_mid_decay,Bare + albedo tuning,Canyon,1995
335.28,351.49252663777384,4.835518562924679,-6,1,14.859361024141304,0.9848890067479958,0.995432996721766,bare_mid_decay,Bare + albedo tuning,Canyon,2000
609.5999999999999,669.7672118133227,9.86994944444271,17,40,97.40699416779611,0.8066404617768019,0.9148911843423091,bare_mid_decay,Bare + albedo tuning,Berthoud_Summit,2024
863.5999999999999,727.8517598640392,-15.71887912644288,39,23,94.20761618232987,0.8897321166422568,0.9456313931629284,bare_mid_decay,Bare + albedo tuning,Schofield_Pass,2024
604.52,578.6181399042638,-4.284698619687719,-4,0,59.35112802347682,0.8946809160075868,0.9609794903101743,bare_mid_decay,Bare + albedo tuning,Northeast_Entrance,1995
685.8,697.7077212790235,1.7363256458185445,4,21,79.47705637985347,0.8802335986428024,0.9523672982499077,bare_mid_decay,Bare + albedo tuning,Brighton,2024
187.96,180.36301349821835,-4.041810226527802,25,30,39.985392783836176,0.619682568346847,0.8192512025676866,bare_mid_decay,Bare + albedo tuning,Quemazon,2020
223.52,197.99345574494313,-11.420250650973907,-1,32,42.699940186132956,0.6129102648728597,0.7933220682898745,bare_mid_decay,Bare + albedo tuning,Quemazon,2023
1315.7199999999998,1410.2208272214802,7.182442101775489,0,17,118.24530014942931,0.9423389031794767,0.9894586592868921,bare_slow_decay,Bare + albedo tuning,Stevens_Pass,2020
1107.44,945.8535099684779,-14.590992742859404,-5,2,91.96143059699921,0.9503839150140713,0.9950399286731672,bare_slow_decay,Bare + albedo tuning,Stevens_Pass,2022
2286.0,1978.3084115912188,-13.459824514819823,2,8,251.75446031795616,0.9214697607332344,0.9827041866405553,bare_slow_decay,Bare + albedo tuning,Paradise,2020
2159.0,1612.2283851592867,-25.32522532842581,-2,2,286.87314877659037,0.8576891673250973,0.9809989171791322,bare_slow_decay,Bare + albedo tuning,Paradise,2022
1905.0,1880.1805750240162,-1.3028569541198842,-4,9,82.10002608904638,0.9841915907307189,0.9923344620937947,bare_slow_decay,Bare + albedo tuning,Paradise,2023
185.42,311.17878803227205,67.82374502873049,69,87,125.78895422647253,-4.105608621473551,0.47647682288141585,bare_slow_decay,Bare + albedo tuning,Leavitt_Lake,2015
411.47999999999996,418.5057056097808,1.7074233522360402,3,51,115.34524129450153,0.2938153334362854,0.7354588562639103,bare_slow_decay,Bare + albedo tuning,Leavitt_Lake,2021
454.6599999999999,468.12350097805626,2.9612239867277412,9,57,140.06920865836784,0.3747376456083291,0.8280800686288343,bare_slow_decay,Bare + albedo tuning,Leavitt_Lake,2022
1023.6199999999999,1074.8250616830376,5.002350646044205,6,28,145.80959566596843,0.8201771849293369,0.9400547093762618,bare_slow_decay,Bare + albedo tuning,CSS_Lab,2024
701.04,587.897675243746,-16.139210994558653,67,24,128.97355496933676,0.7890309099045318,0.8896481559663888,bare_slow_decay,Bare + albedo tuning,Donner_Summit,2022
759.4599999999999,616.1932662214484,-18.864289597681445,-2,-3,108.58577029745665,0.834385871487067,0.9790780549647371,bare_slow_decay,Bare + albedo tuning,Togwotee_Pass,2020
574.04,434.5308314856368,-24.30303959904592,-28,9,56.5317553644791,0.917764679048117,0.99326808083495,bare_slow_decay,Bare + albedo tuning,Togwotee_Pass,2024
431.79999999999995,384.05236893155575,-11.057811734239047,7,6,33.99295878103303,0.9550283206621756,0.9859682639417995,bare_slow_decay,Bare + albedo tuning,Canyon,1995
335.28,353.32677535081183,5.382598231571182,-6,1,15.21456122458389,0.9841579417058218,0.9964515654802671,bare_slow_decay,Bare + albedo tuning,Canyon,2000
609.5999999999999,672.9237207607983,10.387749468634915,17,34,110.33725432987002,0.7518983447717661,0.8939155609663331,bare_slow_decay,Bare + albedo tuning,Berthoud_Summit,2024
863.5999999999999,765.220281602502,-11.391815469835326,39,30,115.56213612462832,0.8340764118042705,0.9192695146684818,bare_slow_decay,Bare + albedo tuning,Schofield_Pass,2024
604.52,592.9207632702094,-1.918751526796569,-4,2,57.387735085304854,0.9015337751036716,0.9686924348961696,bare_slow_decay,Bare + albedo tuning,Northeast_Entrance,1995
685.8,704.6994982425804,2.7558323479994784,12,24,98.65390911990555,0.815464447041881,0.9308635957553625,bare_slow_decay,Bare + albedo tuning,Brighton,2024
187.96,180.10905373907076,-4.176923952399047,25,31,40.91350292436388,0.6018223974695553,0.812061809335475,bare_slow_decay,Bare + albedo tuning,Quemazon,2020
223.52,198.02507093275918,-11.40610641877274,-1,32,43.01445071654021,0.6071869708717961,0.790627737843903,bare_slow_decay,Bare + albedo tuning,Quemazon,2023
1315.7199999999998,1311.5229649434473,-0.31899150704956397,-31,-6,85.34502980501539,0.9699619599516641,0.986140606591581,baseline,SZA-fSCA,Stevens_Pass,2020
1107.44,846.5830650527183,-23.554949699061055,-34,-18,182.26086473365797,0.8051062517398451,0.9503598195240279,baseline,SZA-fSCA,Stevens_Pass,2022
2286.0,1918.9642280218839,-16.055808048036578,1,-15,389.755633271735,0.8117793039318155,0.9471039981207902,baseline,SZA-fSCA,Paradise,2020
2159.0,1496.5292376044745,-30.684148327722347,-2,-15,391.7832671156076,0.7345700494547911,0.9418648522924236,baseline,SZA-fSCA,Paradise,2022
1905.0,1810.5421884386867,-4.958415305055816,-4,-12,169.16767221640802,0.9328824140753903,0.9706795366366324,baseline,SZA-fSCA,Paradise,2023
185.42,228.27519314404586,23.112497650763604,2,7,33.21423568017448,0.6440319388529958,0.9525782606453735,baseline,SZA-fSCA,Leavitt_Lake,2015
411.47999999999996,344.1701942085324,-16.35797749379498,3,3,53.840586112988476,0.8461354830613897,0.9461251700773424,baseline,SZA-fSCA,Leavitt_Lake,2021
454.6599999999999,327.06622957849453,-28.063557476247176,-61,1,54.58274927508107,0.9050515793509457,0.987741361020941,baseline,SZA-fSCA,Leavitt_Lake,2022
1023.6199999999999,825.8897481616741,-19.316763236193683,-1,0,90.62326856319838,0.930537241660068,0.9973852916312418,baseline,SZA-fSCA,CSS_Lab,2024
701.04,533.1442757010218,-23.949521325313558,42,0,80.03812009217289,0.9187522678548832,0.9903868519107214,baseline,SZA-fSCA,Donner_Summit,2022
759.4599999999999,584.2453607559069,-23.070950312602783,-11,-26,171.9919489936277,0.5845031014825646,0.8878638661714199,baseline,SZA-fSCA,Togwotee_Pass,2020
574.04,325.32215063529395,-43.32761643173055,-38,-24,158.31477632765527,0.35506439569105264,0.8352673594159196,baseline,SZA-fSCA,Togwotee_Pass,2024
431.79999999999995,343.10408534885386,-20.540971433799466,0,-25,96.5893955739651,0.6369051686034933,0.8417747147743976,baseline,SZA-fSCA,Canyon,1995
335.28,336.6914850252995,0.42098694383785357,-6,-24,48.7043140264238,0.8376592288849269,0.9229467067629191,baseline,SZA-fSCA,Canyon,2000
609.5999999999999,554.085811312153,-9.106658249318711,14,5,72.4114206823275,0.8931438671392493,0.9772273932890709,baseline,SZA-fSCA,Berthoud_Summit,2024
863.5999999999999,653.6008080580885,-24.316719770948517,13,4,70.16591346950844,0.938831282340823,0.9944488355837395,baseline,SZA-fSCA,Schofield_Pass,2024
604.52,438.19951290408153,-27.51281795406578,-34,-37,126.87142520276313,0.5187433372440801,0.7870498805669196,baseline,SZA-fSCA,Northeast_Entrance,1995
685.8,593.0669892749687,-13.521873829838329,4,-2,58.48307900570896,0.9351497116304304,0.9943796763477409,baseline,SZA-fSCA,Brighton,2024
187.96,32.57955576892112,-82.66676113592194,-86,-9,76.01254847614581,-0.37440297087638874,0.2428185481647382,baseline,SZA-fSCA,Quemazon,2020
223.52,62.436564530947834,-72.06667656990523,-23,-31,66.61655258844186,0.05784701198968145,0.6997281904051235,baseline,SZA-fSCA,Quemazon,2023
1315.7199999999998,1346.3606105706479,2.328809364503698,0,3,80.64541853607597,0.9731790273357664,0.9907442971795684,case0_003,SZA-fSCA,Stevens_Pass,2020
1107.44,876.4926379466737,-20.85416474511724,-5,-10,149.699180838646,0.8685229645505992,0.9733025736508014,case0_003,SZA-fSCA,Stevens_Pass,2022
2286.0,1944.686739511143,-14.930588822784644,1,-6,352.0650856712088,0.8464221831432913,0.9578421531414638,case0_003,SZA-fSCA,Paradise,2020
2159.0,1524.7106421952622,-29.378849365666415,-2,-9,362.9983486789416,0.7721403332658034,0.9552148094767052,case0_003,SZA-fSCA,Paradise,2022
1905.0,1842.7026081557715,-3.270204296284961,-4,-4,142.2755154063397,0.9525253342370353,0.9777803142333124,case0_003,SZA-fSCA,Paradise,2023
185.42,271.6494290940115,46.50492346780904,69,70,107.97046590906677,-2.761598667903176,0.5438008171163491,case0_003,SZA-fSCA,Leavitt_Lake,2015
411.47999999999996,400.27901901509455,-2.722120391004524,3,32,79.21601921254816,0.6669227668698212,0.842996778047876,case0_003,SZA-fSCA,Leavitt_Lake,2021
454.6599999999999,430.9159331806339,-5.222378660837995,-61,33,101.14706095384769,0.6739505534490007,0.8806574372446244,case0_003,SZA-fSCA,Leavitt_Lake,2022
1023.6199999999999,947.3513756453614,-7.450872819468018,4,13,61.82679903927983,0.9676684812695109,0.9852396196279538,case0_003,SZA-fSCA,CSS_Lab,2024
701.04,548.4267520116688,-21.769549239462968,42,12,96.46313144627301,0.8819841875064036,0.9507319220091854,case0_003,SZA-fSCA,Donner_Summit,2022
759.4599999999999,595.755717125494,-21.555352865786997,-11,-20,146.217503130897,0.6997034951858612,0.9339669096198856,case0_003,SZA-fSCA,Togwotee_Pass,2020
574.04,393.2055952915248,-31.50205642611581,-28,-4,95.16445239096497,0.7669640330042572,0.9690818123239323,case0_003,SZA-fSCA,Togwotee_Pass,2024
431.79999999999995,361.7280127830973,-16.227880318875094,7,-10,57.08849439214745,0.8731593821437564,0.9559467687270662,case0_003,SZA-fSCA,Canyon,1995
335.28,343.9351738657852,2.581476337922104,-6,-11,29.545658283914474,0.9402579551044785,0.971303698475195,case0_003,SZA-fSCA,Canyon,2000
609.5999999999999,631.7349591586737,3.631062854113163,15,16,66.63845424441853,0.9095027993098447,0.9540460755869551,case0_003,SZA-fSCA,Berthoud_Summit,2024
863.5999999999999,663.7961094606945,-23.136161479771353,13,14,74.39978831427203,0.931226613726674,0.9761300443284578,case0_003,SZA-fSCA,Schofield_Pass,2024
604.52,477.3947158555027,-21.029127927032572,-6,-21,90.18309277649821,0.756835949895121,0.8920427232212421,case0_003,SZA-fSCA,Northeast_Entrance,1995
685.8,634.7346403541495,-7.446100852413304,4,8,48.45320620935917,0.9554860131170336,0.9832047319884142,case0_003,SZA-fSCA,Brighton,2024
187.96,139.61389106290662,-25.721488049102675,0,4,22.900449655995395,0.8752525955455588,0.9616639484834122,case0_003,SZA-fSCA,Quemazon,2020
223.52,186.32509318970813,-16.64052738470467,-1,15,32.65972078135181,0.7735449257683057,0.8856534330791695,case0_003,SZA-fSCA,Quemazon,2023
1315.7199999999998,1311.523130682661,-0.3189789102042018,-31,-6,85.34586726051536,0.9699613704470305,0.9861403493365652,case0_01,SZA-fSCA,Stevens_Pass,2020
1107.44,846.5832928899249,-23.5549291257382,-34,-18,182.26073282737886,0.805106533837704,0.9503598899305508,case0_01,SZA-fSCA,Stevens_Pass,2022
2286.0,1918.964544625139,-16.05579419837537,1,-15,389.98159156670687,0.8115610012201477,0.9469965431266207,case0_01,SZA-fSCA,Paradise,2020
2159.0,1496.529462158871,-30.684137926870264,-2,-15,391.78315557110733,0.7345702005957381,0.9418648858669642,case0_01,SZA-fSCA,Paradise,2022
1905.0,1810.5424661692534,-4.9584007260234415,-4,-12,169.1394222895093,0.9329048286248793,0.970689968371343,case0_01,SZA-fSCA,Paradise,2023
185.42,228.27526278902144,23.112535211423502,2,7,33.21425985932157,0.6440314205808112,0.9525782249697615,case0_01,SZA-fSCA,Leavitt_Lake,2015
411.47999999999996,344.1701968940836,-16.357976841138424,3,3,53.840586325959734,0.84613548184414,0.9461251678674899,case0_01,SZA-fSCA,Leavitt_Lake,2021
454.6599999999999,327.0662295823627,-28.06355747539639,-61,1,54.582748525624616,0.9050515819583522,0.9877413610065563,case0_01,SZA-fSCA,Leavitt_Lake,2022
1023.6199999999999,825.8898102206226,-19.316757173499667,-1,0,90.6232394088149,0.9305372863537454,0.997385288477536,case0_01,SZA-fSCA,CSS_Lab,2024
701.04,533.1443208673065,-23.94951488255926,42,0,80.03811646661352,0.9187522752155876,0.9903868290754183,case0_01,SZA-fSCA,Donner_Summit,2022
759.4599999999999,584.2453783371392,-23.070947997637894,-11,-26,171.99193147582503,0.5845031861213206,0.8878639018717224,case0_01,SZA-fSCA,Togwotee_Pass,2020
574.04,325.32228250574457,-43.327593459385305,-38,-24,158.31468473752344,0.3550651419223434,0.8352675383101671,case0_01,SZA-fSCA,Togwotee_Pass,2024
431.79999999999995,343.1040950944948,-20.540969176819164,0,-25,96.58938498244154,0.6369052482339173,0.8417747547053274,case0_01,SZA-fSCA,Canyon,1995
335.28,336.6914855796647,0.42098710918179244,-6,-24,48.704311779591556,0.8376592438631677,0.9229467138453094,case0_01,SZA-fSCA,Canyon,2000
609.5999999999999,554.0858118961293,-9.10665815352209,14,5,72.41142096299846,0.8931438663108879,0.9772273920974606,case0_01,SZA-fSCA,Berthoud_Summit,2024
863.5999999999999,653.6008140535167,-24.316719076711813,13,4,70.16591024293379,0.9388312879665014,0.9944488334359999,case0_01,SZA-fSCA,Schofield_Pass,2024
604.52,438.19951634783274,-27.512817384398737,-34,-37,126.87141844183522,0.518743388536032,0.787049904080902,case0_01,SZA-fSCA,Northeast_Entrance,1995
685.8,593.0669952321884,-13.521872961185696,4,-2,58.48307488242947,0.935149720774814,0.9943796777732559,case0_01,SZA-fSCA,Brighton,2024
187.96,32.57955576891988,-82.66676113592261,-86,-9,76.01254837486988,-0.37440296721399524,0.24281855035220828,case0_01,SZA-fSCA,Quemazon,2020
223.52,62.43657164169778,-72.06667338864631,-23,-31,66.61655116226632,0.057847052330271986,0.6997282147716514,case0_01,SZA-fSCA,Quemazon,2023
1315.7199999999998,1410.3725212895195,7.193971459696567,0,16,142.0269966889818,0.9168127188569246,0.9800340853183966,combined_physics,Physics perturbations,Stevens_Pass,2020
1107.44,963.6975592224035,-12.979704614028442,-3,-1,77.30320008976535,0.9649404772043705,0.9976404030069358,combined_physics,Physics perturbations,Stevens_Pass,2022
2286.0,1998.9315349548542,-12.557675636270593,6,9,185.21281240774056,0.9574965066344311,0.990250351778498,combined_physics,Physics perturbations,Paradise,2020
2159.0,1667.328836162211,-22.77309698183367,-2,2,246.64888750391242,0.8947998204713321,0.9905106859141036,combined_physics,Physics perturbations,Paradise,2022
1905.0,1834.6667425054957,-3.6920345141472084,-4,11,94.08233657529453,0.9792404578837235,0.9906373299829856,combined_physics,Physics perturbations,Paradise,2023
185.42,255.93661261394914,38.03074782329261,2,28,58.38633059545224,-0.09998020854576617,0.8501267861311144,combined_physics,Physics perturbations,Leavitt_Lake,2015
411.47999999999996,367.94440229695925,-10.580246355361309,22,19,87.51272630028252,0.5934992538457675,0.800711144244536,combined_physics,Physics perturbations,Leavitt_Lake,2021
454.6599999999999,346.2505961496253,-23.844060143926143,9,19,79.93125468683819,0.7963848015803034,0.892804493399549,combined_physics,Physics perturbations,Leavitt_Lake,2022
1023.6199999999999,930.1522870972004,-9.131094830386225,6,20,141.1360006099131,0.831520061991925,0.9133363147514442,combined_physics,Physics perturbations,CSS_Lab,2024
701.04,613.9640788391837,-12.420963306061891,101,18,149.60230114205638,0.7161466422480928,0.8505724722229403,combined_physics,Physics perturbations,Donner_Summit,2022
759.4599999999999,605.5615273077001,-20.264197283899065,-2,-14,116.00106660699409,0.8109940328789538,0.9728349212481874,combined_physics,Physics perturbations,Togwotee_Pass,2020
574.04,416.8508494622722,-27.382961211366414,0,-2,66.85092925206263,0.8850025138189621,0.9978278090830439,combined_physics,Physics perturbations,Togwotee_Pass,2024
431.79999999999995,369.27876027700745,-14.479212534273392,7,-16,62.2893457703701,0.8489959105186893,0.939989855824196,combined_physics,Physics perturbations,Canyon,1995
335.28,345.3259714778508,2.99629309169973,-6,-17,33.13323615309254,0.9248687776872568,0.9649223768547801,combined_physics,Physics perturbations,Canyon,2000
609.5999999999999,616.564102770767,1.142405310165209,28,20,112.5565268674605,0.7418175701048249,0.8681394107823702,combined_physics,Physics perturbations,Berthoud_Summit,2024
863.5999999999999,758.6272405940122,-12.155252362898072,40,22,131.70536778372997,0.7844817957094432,0.8880654291907467,combined_physics,Physics perturbations,Schofield_Pass,2024
604.52,541.743225959123,-10.384565281690755,-3,-21,73.86187679587853,0.836886541767772,0.9284669239493308,combined_physics,Physics perturbations,Northeast_Entrance,1995
685.8,656.4004906156537,-4.286892590310045,13,15,102.7978672829412,0.7996360142434047,0.9065093686717987,combined_physics,Physics perturbations,Brighton,2024
187.96,37.96950799685642,-79.79915514106382,-76,-9,73.81642033726342,-0.2961326767951322,0.3406205875408976,combined_physics,Physics perturbations,Quemazon,2020
223.52,148.39467445112894,-33.6101134345343,-1,2,32.87614849088879,0.7705336602638656,0.9684074811447103,combined_physics,Physics perturbations,Quemazon,2023
1315.7199999999998,1307.0176175107558,-0.6614159919469169,-31,0,123.07448982735296,0.937532919125095,0.9686904798779412,fast_both,Snow aging,Stevens_Pass,2020
1107.44,802.1191391962884,-27.569968648749516,-54,-17,243.99098257880303,0.6507321528638532,0.9016887207020702,fast_both,Snow aging,Stevens_Pass,2022
2286.0,1866.4062554012817,-18.354931959698963,-3,-15,483.6241591644915,0.7101998882104477,0.9032080217148785,fast_both,Snow aging,Paradise,2020
2159.0,1345.8072356594648,-37.665250780015526,-24,-17,511.2037763880856,0.5480959163359269,0.8804413664270843,fast_both,Snow aging,Paradise,2022
1905.0,1743.242006319112,-8.491233264088605,-7,-5,206.43137193783124,0.9000568626278036,0.9552587513889863,fast_both,Snow aging,Paradise,2023
185.42,289.76701729895694,56.276031333705625,69,80,111.64669064410687,-3.022112522173381,0.5042165596312501,fast_both,Snow aging,Leavitt_Lake,2015
411.47999999999996,382.2336635374285,-7.107596107361582,3,46,93.78245548169077,0.5331663867709491,0.7849575084582721,fast_both,Snow aging,Leavitt_Lake,2021
454.6599999999999,449.49009276295413,-1.137093044702806,-63,44,115.76729357637677,0.5728811954377067,0.8631510630073481,fast_both,Snow aging,Leavitt_Lake,2022
1023.6199999999999,886.8211216594632,-13.364224843255965,-1,13,65.4025125778594,0.9638205927867807,0.9887319947866977,fast_both,Snow aging,CSS_Lab,2024
701.04,540.3828424302368,-22.916974433664723,42,15,96.20519899940587,0.8826144679042885,0.9586449222759869,fast_both,Snow aging,Donner_Summit,2022
759.4599999999999,564.1148752453622,-25.721581749484862,-20,-14,158.61942265591952,0.6466018431350844,0.9225459516102267,fast_both,Snow aging,Togwotee_Pass,2020
574.04,364.3875753763405,-36.522267546453115,-38,0,103.72767626005455,0.7231383852592337,0.9607341261857026,fast_both,Snow aging,Togwotee_Pass,2024
431.79999999999995,340.21663057663574,-21.209673326392828,-19,-1,62.73910140939656,0.8468074101472627,0.953184454074332,fast_both,Snow aging,Canyon,1995
335.28,337.1242821307517,0.5500722174754558,-6,-1,18.079505562461698,0.9776300073632564,0.9887694825121505,fast_both,Snow aging,Canyon,2000
609.5999999999999,552.242884446856,-9.408975648481611,-8,16,50.32448318719704,0.948388799204606,0.9801599346136737,fast_both,Snow aging,Berthoud_Summit,2024
863.5999999999999,669.5060098538578,-22.474987279544017,3,15,79.69389940847627,0.9210908866423827,0.9822888725732145,fast_both,Snow aging,Schofield_Pass,2024
604.52,467.9631391361822,-22.589304053433768,-36,-15,98.26284226305792,0.7113126445698923,0.8542649112098882,fast_both,Snow aging,Northeast_Entrance,1995
685.8,606.0974535318616,-11.621835297191367,4,11,41.81372806627748,0.96684956480151,0.9888609903061255,fast_both,Snow aging,Brighton,2024
187.96,175.13289510402043,-6.8243801319321,25,27,35.513203949662916,0.6999986497192211,0.8516440705406937,fast_both,Snow aging,Quemazon,2020
223.52,191.42743384443736,-14.357805187706985,-1,28,39.43829903321586,0.6697875277193326,0.8205828929410578,fast_both,Snow aging,Quemazon,2023
1315.7199999999998,1304.1201931348403,-0.8816318719149597,-31,0,125.22917943342391,0.9353265255856442,0.9675224648118225,fast_combined,Snow aging,Stevens_Pass,2020
1107.44,804.6428772117846,-27.34207928088343,-54,-18,245.99564658049113,0.6449693086957009,0.8987155445884865,fast_combined,Snow aging,Stevens_Pass,2022
2286.0,1860.830901771864,-18.598823194581623,-3,-16,491.9563315995984,0.7001281615833979,0.8989629508744521,fast_combined,Snow aging,Paradise,2020
2159.0,1340.1583281012458,-37.926895409854296,-24,-18,517.84178742777,0.5362837178993429,0.8756832070569686,fast_combined,Snow aging,Paradise,2022
1905.0,1737.1671398800272,-8.81012389081222,-7,-6,208.9865515615687,0.8975673848907644,0.9543367641888904,fast_combined,Snow aging,Paradise,2023
185.42,287.0214537095563,54.79530455698215,69,80,110.451748839978,-2.936476838534277,0.5088075267197096,fast_combined,Snow aging,Leavitt_Lake,2015
411.47999999999996,385.25906065024446,-6.37234843728869,3,46,97.0523670158911,0.5000446921898181,0.7748346254653893,fast_combined,Snow aging,Leavitt_Lake,2021
454.6599999999999,448.967210461866,-1.2520981696507112,-63,44,115.56206970874122,0.5743941837112514,0.8627072603696371,fast_combined,Snow aging,Leavitt_Lake,2022
1023.6199999999999,879.316228871201,-14.097396605068177,-1,13,67.41248872096156,0.9615626620562324,0.9883134411573423,fast_combined,Snow aging,CSS_Lab,2024
701.04,539.3655935406415,-23.062080118018727,42,14,95.6253698080379,0.8840251702190276,0.9605791543842445,fast_combined,Snow aging,Donner_Summit,2022
759.4599999999999,562.5498507422075,-25.927652444867732,-20,-14,160.50015052412243,0.6381717775606468,0.920099865266395,fast_combined,Snow aging,Togwotee_Pass,2020
574.04,363.6260399958148,-36.65492997076601,-56,0,105.70750780067779,0.7124687068094329,0.9574019090443766,fast_combined,Snow aging,Togwotee_Pass,2024
431.79999999999995,339.76913253942047,-21.31330881440007,-19,-1,64.29940918861784,0.8390929269537974,0.9503003037616755,fast_combined,Snow aging,Canyon,1995
335.28,336.4828295835718,0.35875375315313374,-6,-1,16.980856325662643,0.9802661456910831,0.9901110660773177,fast_combined,Snow aging,Canyon,2000
609.5999999999999,544.9926228030059,-10.598323031002952,-8,16,51.900539120544416,0.9451054720631832,0.9797483268627484,fast_combined,Snow aging,Berthoud_Summit,2024
863.5999999999999,667.7089268134479,-22.6830793407309,3,14,80.63431842266296,0.9192175821459992,0.9824510214628108,fast_combined,Snow aging,Schofield_Pass,2024
604.52,465.95187602337137,-22.92200820099064,-36,-16,102.13598702172075,0.6881062310247399,0.8429818534924629,fast_combined,Snow aging,Northeast_Entrance,1995
685.8,601.8306729222942,-12.243996365953015,4,11,43.063276154665864,0.9648386462987137,0.9884107306187204,fast_combined,Snow aging,Brighton,2024
187.96,171.78703278001763,-8.604472877198543,25,27,34.76399400077439,0.7125231807048261,0.8568424480718057,fast_combined,Snow aging,Quemazon,2020
223.52,190.93597388720104,-14.577678110593666,-1,27,38.58334738313847,0.6839491754416949,0.8283731332786083,fast_combined,Snow aging,Quemazon,2023
1315.7199999999998,1319.1980664880064,0.26434701061065896,-31,3,105.15372534438143,0.954400041250498,0.9779749930656016,fast_nir,Snow aging,Stevens_Pass,2020
1107.44,817.426245528667,-26.18776226895661,-54,-16,218.09178730054785,0.7209450834689344,0.9252067419879325,fast_nir,Snow aging,Stevens_Pass,2022
2286.0,1898.865120868133,-16.935034082758833,-3,-9,436.63383885044124,0.7637796254434408,0.9248424809214598,fast_nir,Snow aging,Paradise,2020
2159.0,1391.1165817144465,-35.566624283721794,-24,-14,470.2720005060017,0.6175660816206969,0.9052286532514681,fast_nir,Snow aging,Paradise,2022
1905.0,1771.9937452872848,-6.9819556279640524,-7,-3,182.67039064080151,0.9217403509935826,0.9646807145806753,fast_nir,Snow aging,Paradise,2023
185.42,299.6969631099053,61.63141144963075,69,82,116.15221112259995,-3.353288708810619,0.4960463198565724,fast_nir,Snow aging,Leavitt_Lake,2015
411.47999999999996,405.25125992146195,-1.5137406626173837,3,47,98.1040855160783,0.48915034157351467,0.7783754659465688,fast_nir,Snow aging,Leavitt_Lake,2021
454.6599999999999,453.06621414396733,-0.35054455110029087,-5,44,112.52162094014801,0.5964950274113422,0.8731201743533787,fast_nir,Snow aging,Leavitt_Lake,2022
1023.6199999999999,927.6092013790649,-9.379535239731055,-1,15,58.080870930356866,0.9714675660287234,0.9889153042094962,fast_nir,Snow aging,CSS_Lab,2024
701.04,547.1357381315713,-21.95370618915164,42,16,98.17343338209187,0.8777622217478771,0.9512762442058519,fast_nir,Snow aging,Donner_Summit,2022
759.4599999999999,567.8135913733686,-25.23456253477884,-20,-13,150.83052583276492,0.6804564610118498,0.9333419908620922,fast_nir,Snow aging,Togwotee_Pass,2020
574.04,380.5434113621157,-33.70785810011224,-38,0,96.57970219509396,0.759981247744176,0.9682470069225533,fast_nir,Snow aging,Togwotee_Pass,2024
431.79999999999995,344.1549116176034,-20.29761194590009,-15,1,55.02158101678518,0.8821777529972028,0.9651980634241799,fast_nir,Snow aging,Canyon,1995
335.28,340.05286803383507,1.4235468962762752,-6,-1,16.99003370792598,0.9802448094215099,0.990288221664008,fast_nir,Snow aging,Canyon,2000
609.5999999999999,583.9958859593177,-4.2001499410568,14,18,49.692110602530306,0.949677732403903,0.9768170650406066,fast_nir,Snow aging,Berthoud_Summit,2024
863.5999999999999,677.0697292871762,-21.599151309961062,13,15,70.14796050123115,0.9388625801463615,0.9849544414677843,fast_nir,Snow aging,Schofield_Pass,2024
604.52,475.97252492663216,-21.264387460029084,-34,-13,90.94816352700475,0.7526926714924219,0.8750620978013558,fast_nir,Snow aging,Northeast_Entrance,1995
685.8,633.6969536128694,-7.5974112550496615,4,13,37.871456019822624,0.9728058519144689,0.9883339610142783,fast_nir,Snow aging,Brighton,2024
187.96,175.85782921574108,-6.4386948203122625,25,27,36.13182193585455,0.6894559439723378,0.847139586128185,fast_nir,Snow aging,Quemazon,2020
223.52,192.74986055391415,-13.766168327704841,-1,28,39.892281605284474,0.6621414812079209,0.8166999428981697,fast_nir,Snow aging,Quemazon,2023
1315.7199999999998,1343.7156176163655,2.1277792855900755,-31,4,129.19376218037686,0.9311667597909525,0.9661358843082172,fracsno_bats_albedo,Melt timing,Stevens_Pass,2020
1107.44,821.242502678216,-25.84316056145561,-54,-13,211.04487983021355,0.7386871926821508,0.9311809572855039,fracsno_bats_albedo,Melt timing,Stevens_Pass,2022
2286.0,1922.9165534079577,-15.882915423973854,0,-8,453.46976302325123,0.7452118406931898,0.9146598710069069,fracsno_bats_albedo,Melt timing,Paradise,2020
2159.0,1418.677062509323,-34.29008510841487,-2,-12,441.54684217528217,0.6628588798768603,0.9209439780302233,fracsno_bats_albedo,Melt timing,Paradise,2022
1905.0,1825.4547453177631,-4.1756039203273945,-4,-4,203.68947225654688,0.9026941957218845,0.9542797169429171,fracsno_bats_albedo,Melt timing,Paradise,2023
185.42,326.4156394649378,76.04122503771859,69,92,129.95497007115102,-4.449395066794744,0.4548366599215819,fracsno_bats_albedo,Melt timing,Leavitt_Lake,2015
411.47999999999996,380.911882409483,-7.428822200475595,3,54,104.49773618236017,0.42039425187807145,0.7407253631757185,fracsno_bats_albedo,Melt timing,Leavitt_Lake,2021
454.6599999999999,464.00583319474777,2.0555653003888303,-63,59,132.33269252244855,0.4419010190520236,0.8235520716089848,fracsno_bats_albedo,Melt timing,Leavitt_Lake,2022
1023.6199999999999,959.2605731763797,-6.287433503020671,-1,17,57.07447657637024,0.972447789015449,0.9882952016160664,fracsno_bats_albedo,Melt timing,CSS_Lab,2024
701.04,528.7715603413292,-24.573268238427307,-2,22,118.36261361469452,0.8223167123749034,0.9218985585431295,fracsno_bats_albedo,Melt timing,Donner_Summit,2022
759.4599999999999,601.5444293648059,-20.79313862944646,-11,-6,139.04354205066636,0.7284478811613329,0.9437668578670139,fracsno_bats_albedo,Melt timing,Togwotee_Pass,2020
574.04,382.9029672615768,-33.29681428792822,-56,3,91.01800101829822,0.786829042426079,0.9646784351289509,fracsno_bats_albedo,Melt timing,Togwotee_Pass,2024
431.79999999999995,349.6857499091379,-19.016732304507197,0,9,49.8069006691418,0.903452683868621,0.9693972645689499,fracsno_bats_albedo,Melt timing,Canyon,1995
335.28,344.0415736735849,2.6132109501267315,-6,1,16.38894009783396,0.9816179273403886,0.9917426025013533,fracsno_bats_albedo,Melt timing,Canyon,2000
609.5999999999999,623.3056384242974,2.2483002664530005,14,21,50.73418840349394,0.9475450169356417,0.974381599990031,fracsno_bats_albedo,Melt timing,Berthoud_Summit,2024
863.5999999999999,689.5266710949037,-20.156707839867558,3,22,80.08545178417711,0.9203135886864681,0.9754405916012663,fracsno_bats_albedo,Melt timing,Schofield_Pass,2024
604.52,505.4338930432795,-16.390873247654415,-34,0,74.37614831921012,0.8346072432110807,0.9173495445576078,fracsno_bats_albedo,Melt timing,Northeast_Entrance,1995
685.8,659.7866579481579,-3.793138240280267,4,16,43.35480117956823,0.9643609719787135,0.9830424296170561,fracsno_bats_albedo,Melt timing,Brighton,2024
187.96,187.8114970447867,-0.0790077437823488,25,35,48.522923925340756,0.43993630098676895,0.7560214936054885,fracsno_bats_albedo,Melt timing,Quemazon,2020
223.52,199.0740058675127,-10.936826294061962,-1,37,46.86199106953887,0.5337717389246475,0.7564972996750344,fracsno_bats_albedo,Melt timing,Quemazon,2023
1315.7199999999998,1237.412375244818,-5.951693730822813,-31,-5,149.7662832452848,0.9074996816896213,0.955948051195476,fracsno_broad_fastdecay,Melt timing,Stevens_Pass,2020
1107.44,751.2969227668342,-32.15913071888011,-55,-17,252.4538696812507,0.6260830785397148,0.9046686175246874,fracsno_broad_fastdecay,Melt timing,Stevens_Pass,2022
2286.0,1794.5896911858001,-21.49651394637795,0,-20,536.8565358500962,0.6428924248589502,0.8868951632158495,fracsno_broad_fastdecay,Melt timing,Paradise,2020
2159.0,1328.8524025596896,-38.450560326091264,-17,-17,506.13577189585294,0.5570117319412375,0.8927912785318829,fracsno_broad_fastdecay,Melt timing,Paradise,2022
1905.0,1687.9894612323262,-11.391629331636418,-6,-9,247.82935318763103,0.8559520548065107,0.9436437759186985,fracsno_broad_fastdecay,Melt timing,Paradise,2023
185.42,297.275694360237,60.325582116404405,69,86,117.67395617251229,-3.4681034142438625,0.4786946263623476,fracsno_broad_fastdecay,Melt timing,Leavitt_Lake,2015
411.47999999999996,355.0321233789319,-13.718255230161388,3,47,93.21942537561742,0.538754902945372,0.7763421862159086,fracsno_broad_fastdecay,Melt timing,Leavitt_Lake,2021
454.6599999999999,413.99152824167754,-8.944809694787835,-63,51,115.00870525281165,0.5784604184898697,0.8203055570345625,fracsno_broad_fastdecay,Melt timing,Leavitt_Lake,2022
1023.6199999999999,896.5446429249632,-12.414309712103776,-1,14,65.10753607783596,0.9641462074475287,0.9875919286089224,fracsno_broad_fastdecay,Melt timing,CSS_Lab,2024
701.04,525.7087945824449,-25.01015711194156,-2,16,109.64069451348954,0.847538199537639,0.9487446946422499,fracsno_broad_fastdecay,Melt timing,Donner_Summit,2022
759.4599999999999,591.2545259592006,-22.14803597830029,-11,-11,144.9771921643528,0.7047765037249483,0.9316363671587261,fracsno_broad_fastdecay,Melt timing,Togwotee_Pass,2020
574.04,370.0853933239021,-35.52968550555673,-56,1,99.26522646693897,0.7464476002024806,0.9664263538433306,fracsno_broad_fastdecay,Melt timing,Togwotee_Pass,2024
431.79999999999995,344.02830020366264,-20.326933718466265,-15,2,57.62929887936994,0.8707448541733992,0.960498529262619,fracsno_broad_fastdecay,Melt timing,Canyon,1995
335.28,341.38199969357674,1.8199712758222302,-6,1,14.678070766694262,0.9852554780238231,0.9931975194286045,fracsno_broad_fastdecay,Melt timing,Canyon,2000
609.5999999999999,602.6535548409132,-1.1395087203226204,14,17,44.66028607650808,0.9593530168184892,0.9812520784936594,fracsno_broad_fastdecay,Melt timing,Berthoud_Summit,2024
863.5999999999999,682.9126833267309,-20.92257024933639,3,16,79.86027356352379,0.9207610711597306,0.9793590425390784,fracsno_broad_fastdecay,Melt timing,Schofield_Pass,2024
604.52,494.8855267549434,-18.135789261737674,-36,-7,85.55532041459577,0.7811517075800908,0.888747086577339,fracsno_broad_fastdecay,Melt timing,Northeast_Entrance,1995
685.8,636.9274960187132,-7.126349370266367,4,12,39.21936209351532,0.9708356363844677,0.9878072393220698,fracsno_broad_fastdecay,Melt timing,Brighton,2024
187.96,183.34223838910145,-2.4567788949236826,25,30,41.05244770713735,0.5991133337337429,0.8144426690992087,fracsno_broad_fastdecay,Melt timing,Quemazon,2020
223.52,197.28304069189733,-11.738081293889891,-1,32,42.08123260889735,0.6240465919099107,0.7980031381057896,fracsno_broad_fastdecay,Melt timing,Quemazon,2023
1315.7199999999998,1183.1325127207635,-10.07718110838448,-31,-5,166.1160127465481,0.8862010854298296,0.9511922921412009,fracsno_colder_fastdecay,Melt timing,Stevens_Pass,2020
1107.44,707.3495556140861,-36.127505272151446,-55,-19,280.8983116568756,0.5370764093613576,0.8834705913536025,fracsno_colder_fastdecay,Melt timing,Stevens_Pass,2022
2286.0,1736.4344672920745,-24.040486995097353,0,-20,562.7333278751064,0.6076371799084983,0.8848951599732527,fracsno_colder_fastdecay,Melt timing,Paradise,2020
2159.0,1269.2655420705441,-41.210489019428245,-17,-19,545.4333161258282,0.48555200019193023,0.8750286853760384,fracsno_colder_fastdecay,Melt timing,Paradise,2022
1905.0,1605.8220701168239,-15.704878209090612,-7,-14,277.5531138795617,0.8193267782794351,0.9386838546091268,fracsno_colder_fastdecay,Melt timing,Paradise,2023
185.42,290.5614001035729,56.70445480723381,69,85,113.22822382359568,-3.136870219642426,0.47111018590758996,fracsno_colder_fastdecay,Melt timing,Leavitt_Lake,2015
411.47999999999996,354.15625358854726,-13.931113641356252,3,47,93.73370611259081,0.5336515932861231,0.7738968669593028,fracsno_colder_fastdecay,Melt timing,Leavitt_Lake,2021
454.6599999999999,390.53435192792784,-14.10408834559277,43,44,107.79858597107706,0.6296579214566136,0.820422618451338,fracsno_colder_fastdecay,Melt timing,Leavitt_Lake,2022
1023.6199999999999,831.7731107986236,-18.74200281367854,-1,13,83.89352908239242,0.9404708736860915,0.9886391853176004,fracsno_colder_fastdecay,Melt timing,CSS_Lab,2024
701.04,513.923717741825,-26.69124190605029,-2,15,113.10169394965895,0.8377608331639401,0.951193773064742,fracsno_colder_fastdecay,Melt timing,Donner_Summit,2022
759.4599999999999,592.4956164057918,-21.984618491323854,-11,-11,146.177662976708,0.6998671175825051,0.9299471460111985,fracsno_colder_fastdecay,Melt timing,Togwotee_Pass,2020
574.04,369.2953392886461,-35.66731599041075,-56,0,101.40448206171651,0.735401271907652,0.9634929563851983,fracsno_colder_fastdecay,Melt timing,Togwotee_Pass,2024
431.79999999999995,343.5635182669994,-20.434571962251177,-15,2,57.05083958474,0.873326651711551,0.9615794529434983,fracsno_colder_fastdecay,Melt timing,Canyon,1995
335.28,341.4328202514841,1.835128922537615,-6,0,16.59400311353172,0.9811550461964423,0.9907571866453084,fracsno_colder_fastdecay,Melt timing,Canyon,2000
609.5999999999999,603.0414706451644,-1.075874237997952,14,17,45.59333271486739,0.9576368745294794,0.9802775063475896,fracsno_colder_fastdecay,Melt timing,Berthoud_Summit,2024
863.5999999999999,682.8795112947367,-20.926411383193976,3,15,79.70796410473285,0.9210630317964451,0.9796373787623652,fracsno_colder_fastdecay,Melt timing,Schofield_Pass,2024
604.52,484.7844395341408,-19.806716149318333,-36,-8,86.91996105216134,0.7741145985406062,0.8852118134597156,fracsno_colder_fastdecay,Melt timing,Northeast_Entrance,1995
685.8,630.4028723988112,-8.077738057916127,4,12,40.83204138243135,0.9683878787593098,0.9875206920241806,fracsno_colder_fastdecay,Melt timing,Brighton,2024
187.96,182.0205347553667,-3.159962356157327,25,30,40.56661233001204,0.6085457774643743,0.8185381378090696,fracsno_colder_fastdecay,Melt timing,Quemazon,2020
223.52,196.12576094415127,-12.255833507448436,-1,32,41.70534593851481,0.6307329326206561,0.8010971128840779,fracsno_colder_fastdecay,Melt timing,Quemazon,2023
1315.7199999999998,1208.4397219652917,-8.153731647668813,0,5,85.47562976301231,0.9698699576791421,0.9866625619969058,fracsno_colder_wetbulb,Melt timing,Stevens_Pass,2020
1107.44,755.4128270635946,-31.787471369681917,-5,-9,201.9532009249245,0.7607166185098504,0.9634351725686574,fracsno_colder_wetbulb,Melt timing,Stevens_Pass,2022
2286.0,1795.3157506613468,-21.46475281446427,1,-5,430.7062965054617,0.7701497317775312,0.9515974534949531,fracsno_colder_wetbulb,Melt timing,Paradise,2020
2159.0,1409.0204013264445,-34.737359827399516,-17,-9,432.2508570472771,0.67690526191,0.9422423391043986,fracsno_colder_wetbulb,Melt timing,Paradise,2022
1905.0,1660.3359139546926,-12.843259109989887,-4,-4,210.40983199315085,0.896167421302187,0.9704555808105007,fracsno_colder_wetbulb,Melt timing,Paradise,2023
185.42,308.005492082433,66.11233528337452,69,87,119.22840731153151,-3.586928729749281,0.4466714588660367,fracsno_colder_wetbulb,Melt timing,Leavitt_Lake,2015
411.47999999999996,414.33659259111135,0.694223921238309,3,48,100.87048991856317,0.45993357347541186,0.7765475782166036,fracsno_colder_wetbulb,Melt timing,Leavitt_Lake,2021
454.6599999999999,407.779990381798,-10.311003743061177,43,47,111.45541479318487,0.6041056748901891,0.821910954058547,fracsno_colder_wetbulb,Melt timing,Leavitt_Lake,2022
1023.6199999999999,952.166577719434,-6.980463676028786,4,19,70.22847635461731,0.9582843443968537,0.9807805750293637,fracsno_colder_wetbulb,Melt timing,CSS_Lab,2024
701.04,535.4273104043997,-23.623857354159576,42,20,106.79225790702363,0.8553571314381161,0.9353288802191642,fracsno_colder_wetbulb,Melt timing,Donner_Summit,2022
759.4599999999999,612.3894004254909,-19.365154132476903,-11,-8,122.07413394187427,0.7906857218690384,0.9604741026392736,fracsno_colder_wetbulb,Melt timing,Togwotee_Pass,2020
574.04,419.4870992548252,-26.923716247156086,-28,3,75.16797039729131,0.8546084729338019,0.9829405056964698,fracsno_colder_wetbulb,Melt timing,Togwotee_Pass,2024
431.79999999999995,370.32539172881326,-14.236824518570334,7,5,43.522111499253796,0.926280720066661,0.9774355185889844,fracsno_colder_wetbulb,Melt timing,Canyon,1995
335.28,349.6706131094575,4.292117963927925,-6,1,14.639214857423552,0.9853334383373851,0.9949269950325347,fracsno_colder_wetbulb,Melt timing,Canyon,2000
609.5999999999999,667.0512097733867,9.424411052064771,17,32,81.08602577751476,0.8660084698464919,0.93876918345539,fracsno_colder_wetbulb,Melt timing,Berthoud_Summit,2024
863.5999999999999,698.8701864588476,-19.074781558725377,13,22,79.1035437645048,0.9222556407053131,0.9630940546525982,fracsno_colder_wetbulb,Melt timing,Schofield_Pass,2024
604.52,552.1575796337079,-8.661817701034225,-5,-2,63.39914040850289,0.8798245222612922,0.9459889049655655,fracsno_colder_wetbulb,Melt timing,Northeast_Entrance,1995
685.8,693.9539951740679,1.1889756742589637,4,19,64.58810537182129,0.9209036316856053,0.965710952069498,fracsno_colder_wetbulb,Melt timing,Brighton,2024
187.96,181.5606258660988,-3.404646804586723,25,30,40.73804996900876,0.6052301546000804,0.8173555047689136,fracsno_colder_wetbulb,Melt timing,Quemazon,2020
223.52,197.8603116738258,-11.479817611924751,-1,32,42.60706801565454,0.6145922704364095,0.7939105256988475,fracsno_colder_wetbulb,Melt timing,Quemazon,2023
1315.7199999999998,1254.5276373708696,-4.6508651254925235,0,8,79.0453460816072,0.9742327700196631,0.9871321253017261,fracsno_dai,FracSno + partitioning,Stevens_Pass,2020
1107.44,813.8459459874963,-26.511057394757614,-5,-7,174.1966935624064,0.8219709517665768,0.9702649859099591,fracsno_dai,FracSno + partitioning,Stevens_Pass,2022
2286.0,1833.5370906566584,-19.792778186497884,1,-4,406.9874771902985,0.7947681943445544,0.9525719135802773,fracsno_dai,FracSno + partitioning,Paradise,2020
2159.0,1438.2289931532175,-33.384483874329895,-17,-8,413.9107259079936,0.703741021934997,0.9437750248791607,fracsno_dai,FracSno + partitioning,Paradise,2022
1905.0,1731.2064590337616,-9.123020523162122,-4,-2,172.7576688795391,0.93000351185625,0.9751189012971744,fracsno_dai,FracSno + partitioning,Paradise,2023
185.42,302.4356807562562,63.10844609872518,69,86,118.12843681548483,-3.502683503183686,0.45340246522666344,fracsno_dai,FracSno + partitioning,Leavitt_Lake,2015
411.47999999999996,412.94894949905944,0.35699171261287954,3,48,100.73107011006174,0.4614254651486053,0.7759511040842682,fracsno_dai,FracSno + partitioning,Leavitt_Lake,2021
454.6599999999999,407.8477248039713,-10.296105924433343,43,52,115.22444102291392,0.5768774694299632,0.8216796555464494,fracsno_dai,FracSno + partitioning,Leavitt_Lake,2022
1023.6199999999999,959.8467070052671,-6.230172622138367,4,20,72.56059676558658,0.955467787522745,0.9795093610457511,fracsno_dai,FracSno + partitioning,CSS_Lab,2024
701.04,543.0593227201863,-22.535187333078525,42,20,104.46592170728113,0.8615902229101923,0.937582174046581,fracsno_dai,FracSno + partitioning,Donner_Summit,2022
759.4599999999999,602.2178045917625,-20.704473627082063,-11,-3,127.5766304614395,0.7713907465573981,0.9613778272827294,fracsno_dai,FracSno + partitioning,Togwotee_Pass,2020
574.04,414.04384657023843,-27.871952029433757,-28,2,79.97911960216591,0.8354011910674639,0.9801978460953498,fracsno_dai,FracSno + partitioning,Togwotee_Pass,2024
431.79999999999995,369.23112714657714,-14.490243828953872,7,4,43.74039673541099,0.9255393872508801,0.9778907179477099,fracsno_dai,FracSno + partitioning,Canyon,1995
335.28,348.50357705591455,3.944039923620429,-6,0,14.790841857021418,0.985028044419946,0.9940896234101583,fracsno_dai,FracSno + partitioning,Canyon,2000
609.5999999999999,661.4447246743258,8.504712052874986,16,28,78.37650667815696,0.8748136083163576,0.9409215537351844,fracsno_dai,FracSno + partitioning,Berthoud_Summit,2024
863.5999999999999,695.3515094570558,-19.482224472318677,13,22,78.16146397843701,0.9240963991223203,0.9645662737887096,fracsno_dai,FracSno + partitioning,Schofield_Pass,2024
604.52,542.2316098254822,-10.303776578858889,-5,-3,64.07205768839356,0.8772599031953443,0.9423675389980428,fracsno_dai,FracSno + partitioning,Northeast_Entrance,1995
685.8,689.8253660810478,0.5869591835882004,4,18,60.827723751087554,0.9298456535649526,0.9685514299366988,fracsno_dai,FracSno + partitioning,Brighton,2024
187.96,169.41006842891326,-9.869084683489437,25,28,36.016823260011634,0.6914295684304258,0.8418559022226755,fracsno_dai,FracSno + partitioning,Quemazon,2020
223.52,194.4275704362024,-13.015582303059064,-1,32,42.09877808009962,0.6237330243444189,0.797428458546469,fracsno_dai,FracSno + partitioning,Quemazon,2023
1315.7199999999998,1331.7378934067262,1.2174241789078561,-31,-2,136.10405186721798,0.9236063550006411,0.9620618199964053,fracsno_fastdecay,FracSno + partitioning,Stevens_Pass,2020
1107.44,811.3556897454597,-26.73592341386805,-54,-16,230.06130300658552,0.6894738307996943,0.9136346684701978,fracsno_fastdecay,FracSno + partitioning,Stevens_Pass,2022
2286.0,1899.999435745826,-16.885414009368937,0,-15,482.9838859565647,0.71096671682089,0.9009134308535749,fracsno_fastdecay,FracSno + partitioning,Paradise,2020
2159.0,1387.886733803132,-35.71622353853024,-17,-14,467.3430474315924,0.6223150047710782,0.9071814400609077,fracsno_fastdecay,FracSno + partitioning,Paradise,2022
1905.0,1795.768295838253,-5.733947725026093,-4,-6,213.68696458079015,0.8929078492508382,0.9505864745563392,fracsno_fastdecay,FracSno + partitioning,Paradise,2023
185.42,303.5976610152748,63.73512081505491,69,86,120.33313991716238,-3.6723245842651293,0.4762475732999037,fracsno_fastdecay,FracSno + partitioning,Leavitt_Lake,2015
411.47999999999996,356.52321201284104,-13.355883150373998,3,47,95.1886936204267,0.5190613800983882,0.7695645234032096,fracsno_fastdecay,FracSno + partitioning,Leavitt_Lake,2021
454.6599999999999,455.8527511390969,0.2623391411377667,-63,54,122.875975328814,0.5188163217596846,0.8393657256187115,fracsno_fastdecay,FracSno + partitioning,Leavitt_Lake,2022
1023.6199999999999,914.0827097492967,-10.700972064897446,-1,14,60.4050067639596,0.9691383987650403,0.9883939151914922,fracsno_fastdecay,FracSno + partitioning,CSS_Lab,2024
701.04,527.6351493278358,-24.73537182930562,-2,16,109.68872841783632,0.8474045823663933,0.945783668964357,fracsno_fastdecay,FracSno + partitioning,Donner_Summit,2022
759.4599999999999,580.3615632837538,-23.582339651363625,-11,-13,153.47238251306206,0.6691645640322919,0.9252011232805413,fracsno_fastdecay,FracSno + partitioning,Togwotee_Pass,2020
574.04,369.6410243521049,-35.60709630825292,-56,0,102.69291878063014,0.7286346171764444,0.9606931171415884,fracsno_fastdecay,FracSno + partitioning,Togwotee_Pass,2024
431.79999999999995,344.0958632506451,-20.311286880350828,-15,2,57.343153949574884,0.8720252404828841,0.9611981651562229,fracsno_fastdecay,FracSno + partitioning,Canyon,1995
335.28,340.52482521485564,1.5643119824790226,-6,0,15.587383927168693,0.9833720309433021,0.9919488371888402,fracsno_fastdecay,FracSno + partitioning,Canyon,2000
609.5999999999999,595.8575281878535,-2.254342488869159,14,17,45.50940439588375,0.9577926952708433,0.9807908641841462,fracsno_fastdecay,FracSno + partitioning,Berthoud_Summit,2024
863.5999999999999,681.0720039554562,-21.135710519284817,3,15,81.31919455128659,0.9178394863402536,0.9790708695842711,fracsno_fastdecay,FracSno + partitioning,Schofield_Pass,2024
604.52,491.19052851589964,-18.747017713905304,-36,-8,87.33021876312257,0.7719772315120507,0.8837949485660677,fracsno_fastdecay,FracSno + partitioning,Northeast_Entrance,1995
685.8,628.612658710235,-8.338778257475205,4,13,42.21254891364534,0.9662141688747596,0.9862477809240069,fracsno_fastdecay,FracSno + partitioning,Brighton,2024
187.96,178.9071731906192,-4.816358166301768,25,30,39.43322864175358,0.6301137628264,0.8230799614851184,fracsno_fastdecay,FracSno + partitioning,Quemazon,2020
223.52,195.1689189479391,-12.683912424866195,-1,29,41.25082840465033,0.6387378430865867,0.8049341657953374,fracsno_fastdecay,FracSno + partitioning,Quemazon,2023
1315.7199999999998,1270.7262548936412,-3.419705188517206,0,8,76.36309711519124,0.9759518212507887,0.98809534489138,fracsno_jennings,FracSno + partitioning,Stevens_Pass,2020
1107.44,822.1170610480666,-25.764189387410013,-5,-5,165.6585136960759,0.8389952917331298,0.9754263574921833,fracsno_jennings,FracSno + partitioning,Stevens_Pass,2022
2286.0,1857.8559529778577,-18.728960937101586,1,-3,393.63494474865405,0.8080138653471203,0.9541966874162314,fracsno_jennings,FracSno + partitioning,Paradise,2020
2159.0,1464.7773563413477,-32.15482369887227,-17,-7,394.4290649613744,0.7309729315826954,0.9513767265500892,fracsno_jennings,FracSno + partitioning,Paradise,2022
1905.0,1746.5859739740974,-8.315696904246854,-4,-2,169.7949122423315,0.9323837740831076,0.9749708595546733,fracsno_jennings,FracSno + partitioning,Paradise,2023
185.42,313.23620186534583,68.93334153022643,69,87,123.27180795586612,-3.9033177557795753,0.4519172162219735,fracsno_jennings,FracSno + partitioning,Leavitt_Lake,2015
411.47999999999996,414.0298708803636,0.6196828230688349,3,49,101.64998914004731,0.4515543542792594,0.7736190679466596,fracsno_jennings,FracSno + partitioning,Leavitt_Lake,2021
454.6599999999999,418.9111430254862,-7.862767117079518,43,50,117.51240675465155,0.5599070883466624,0.8264562964319282,fracsno_jennings,FracSno + partitioning,Leavitt_Lake,2022
1023.6199999999999,998.3596063262634,-2.4677510867056656,4,21,79.56871921489082,0.9464502662647002,0.9775091810344966,fracsno_jennings,FracSno + partitioning,CSS_Lab,2024
701.04,540.8543213297196,-22.84972022570472,42,20,106.14802792174243,0.8570969992595434,0.9339688537324773,fracsno_jennings,FracSno + partitioning,Donner_Summit,2022
759.4599999999999,610.5474296545061,-19.6076910364593,-11,-9,124.67514773175992,0.7816710462819899,0.9579728103105688,fracsno_jennings,FracSno + partitioning,Togwotee_Pass,2020
574.04,418.1179544876761,-27.162226589144282,-28,2,76.37569310436969,0.8498989332187219,0.9818890851353606,fracsno_jennings,FracSno + partitioning,Togwotee_Pass,2024
431.79999999999995,373.0862444441716,-13.597442231548948,7,3,43.026267494636095,0.9279509073575714,0.9779533922234113,fracsno_jennings,FracSno + partitioning,Canyon,1995
335.28,349.2203454956704,4.157821968405644,-6,1,14.657710374400624,0.985296354790971,0.9947778336154762,fracsno_jennings,FracSno + partitioning,Canyon,2000
609.5999999999999,666.2851584613524,9.298746466757292,17,31,80.62774921732316,0.867518758558145,0.9392870682233354,fracsno_jennings,FracSno + partitioning,Berthoud_Summit,2024
863.5999999999999,698.0888249986314,-19.165258800529013,13,22,79.14271009118879,0.9221786349315959,0.9631851221871935,fracsno_jennings,FracSno + partitioning,Schofield_Pass,2024
604.52,560.8449847332572,-7.224742815248921,-5,-1,62.535855686593024,0.8830750180383321,0.950725781091722,fracsno_jennings,FracSno + partitioning,Northeast_Entrance,1995
685.8,697.700183163268,1.7352264746672534,4,18,63.58578622501613,0.9233395181953694,0.9678529633621132,fracsno_jennings,FracSno + partitioning,Brighton,2024
187.96,180.02575704756057,-4.221240132176757,25,30,40.4221033144109,0.6113297372197986,0.8177922625259497,fracsno_jennings,FracSno + partitioning,Quemazon,2020
223.52,197.81394313474811,-11.500562305499237,-1,32,42.55761781091485,0.6154863676968458,0.7941613580711041,fracsno_jennings,FracSno + partitioning,Quemazon,2023
1315.7199999999998,1362.6058067004976,3.563509462537457,0,11,90.43513669392357,0.9662720828872874,0.9898577793885325,fracsno_roughness,FracSno + partitioning,Stevens_Pass,2020
1107.44,887.6125095573551,-19.850058733894834,-5,-3,135.88695949517594,0.8916655412484787,0.9813586739810108,fracsno_roughness,FracSno + partitioning,Stevens_Pass,2022
2286.0,1959.273018890118,-14.2925188587,1,0,329.3013570931176,0.8656401178188313,0.9636178908119277,fracsno_roughness,FracSno + partitioning,Paradise,2020
2159.0,1538.0884370788997,-28.759220144562313,-2,-5,351.5940088152731,0.7862327889430643,0.9597869602519656,fracsno_roughness,FracSno + partitioning,Paradise,2022
1905.0,1854.9482189944636,-2.6273900790307843,-4,1,131.98050204172856,0.9591472653826596,0.9803529036453418,fracsno_roughness,FracSno + partitioning,Paradise,2023
185.42,313.1064964021605,68.86338927956018,69,87,124.73754392780079,-4.020614595415356,0.4778721655307983,fracsno_roughness,FracSno + partitioning,Leavitt_Lake,2015
411.47999999999996,414.47472702424824,0.7277940663576061,3,48,100.52670637195712,0.4636085741879641,0.77810186203447,fracsno_roughness,FracSno + partitioning,Leavitt_Lake,2021
454.6599999999999,460.41704770482806,1.2662314047481975,-5,53,122.45047773964026,0.5221430583511222,0.8600092590856632,fracsno_roughness,FracSno + partitioning,Leavitt_Lake,2022
1023.6199999999999,1026.3291732652197,0.2646659175494579,4,22,91.51178454897754,0.9291684688695566,0.9732304605167698,fracsno_roughness,FracSno + partitioning,CSS_Lab,2024
701.04,551.1001745777357,-21.388198308550756,53,21,107.88908026727682,0.8523707307453533,0.9292695685346263,fracsno_roughness,FracSno + partitioning,Donner_Summit,2022
759.4599999999999,604.175117768364,-20.44674929971769,-11,-7,127.37910714905881,0.772098097115258,0.960123255632269,fracsno_roughness,FracSno + partitioning,Togwotee_Pass,2020
574.04,418.50515728439274,-27.09477435642242,-28,2,77.68461691224311,0.844709993989141,0.9799217640743049,fracsno_roughness,FracSno + partitioning,Togwotee_Pass,2024
431.79999999999995,371.7626837791201,-13.903963923316317,7,4,43.42426466974997,0.9266118202443059,0.9775824005974124,fracsno_roughness,FracSno + partitioning,Canyon,1995
335.28,349.5709439528202,4.262390823437191,-6,1,14.685777526468234,0.9852399906587356,0.994758369274931,fracsno_roughness,FracSno + partitioning,Canyon,2000
609.5999999999999,666.5196316875162,9.337209922492823,17,29,81.3575526128121,0.8651095921137409,0.9380214969638225,fracsno_roughness,FracSno + partitioning,Berthoud_Summit,2024
863.5999999999999,697.0525545252982,-19.285253065620857,13,22,77.08066035259196,0.926181050221038,0.9654475963732453,fracsno_roughness,FracSno + partitioning,Schofield_Pass,2024
604.52,553.2133625802536,-8.487169559277838,-5,-1,63.77421365845549,0.8783983849731456,0.9472165975206989,fracsno_roughness,FracSno + partitioning,Northeast_Entrance,1995
685.8,696.4609068314966,1.5545212644352024,4,19,63.518961691194065,0.9235005639069193,0.9672917106283225,fracsno_roughness,FracSno + partitioning,Brighton,2024
187.96,180.8239013793855,-3.7966049269070643,25,30,40.06547948466236,0.6181575679023359,0.8185911026792039,fracsno_roughness,FracSno + partitioning,Quemazon,2020
223.52,196.99315445885668,-11.867772700941002,-1,32,42.7222968584856,0.6125048168152823,0.79253889884106,fracsno_roughness,FracSno + partitioning,Quemazon,2023
1315.7199999999998,1356.491874428324,3.098826074569383,0,7,85.59695892983324,0.969784360241223,0.9906269704069968,fracsno_roughness_001,FracSno + partitioning,Stevens_Pass,2020
1107.44,886.7735641154536,-19.925814119459876,-5,-5,139.01865342139556,0.886614580745256,0.9794678190175296,fracsno_roughness_001,FracSno + partitioning,Stevens_Pass,2022
2286.0,1955.6775196389856,-14.449802290508067,1,-2,337.30504268674116,0.8590294996610418,0.9614959453535249,fracsno_roughness_001,FracSno + partitioning,Paradise,2020
2159.0,1532.5875383741857,-29.01400933885198,-2,-6,355.1646875038874,0.7818688356719841,0.9586542942462425,fracsno_roughness_001,FracSno + partitioning,Paradise,2022
1905.0,1851.732806149591,-2.796178154877116,-4,-1,132.3959037172621,0.9588896970191372,0.9803503843038122,fracsno_roughness_001,FracSno + partitioning,Paradise,2023
185.42,303.5434203359876,63.705867940884275,69,80,120.32935948926351,-3.6720310141187245,0.48547523016328054,fracsno_roughness_001,FracSno + partitioning,Leavitt_Lake,2015
411.47999999999996,405.61563832153166,-1.4251875372966607,3,42,93.65611961029477,0.5344232979069076,0.7943247924498099,fracsno_roughness_001,FracSno + partitioning,Leavitt_Lake,2021
454.6599999999999,449.4896094445176,-1.1371993479704177,-5,41,115.8324933995895,0.5723999556735844,0.8622321914614895,fracsno_roughness_001,FracSno + partitioning,Leavitt_Lake,2022
1023.6199999999999,1000.9883845667297,-2.210939160359334,4,18,77.10580336466822,0.9497140436921548,0.9782318699330284,fracsno_roughness_001,FracSno + partitioning,CSS_Lab,2024
701.04,549.337675965761,-21.63961029816258,42,17,104.26718375114076,0.8621163487620846,0.9357724191166458,fracsno_roughness_001,FracSno + partitioning,Donner_Summit,2022
759.4599999999999,598.9329004691609,-21.137005178790062,-11,-13,136.59914558113263,0.7379117709511944,0.9492216139590259,fracsno_roughness_001,FracSno + partitioning,Togwotee_Pass,2020
574.04,401.585601396046,-30.042226779310493,-28,0,86.6833107960663,0.8066498867209796,0.9804516856615432,fracsno_roughness_001,FracSno + partitioning,Togwotee_Pass,2024
431.79999999999995,367.9531229687528,-14.786215153137375,7,-1,46.52478371764096,0.9157577620206923,0.9749083220687349,fracsno_roughness_001,FracSno + partitioning,Canyon,1995
335.28,347.9653348466636,3.7835047860485673,-6,-2,17.710589016256083,0.9785336229692699,0.9902762941875237,fracsno_roughness_001,FracSno + partitioning,Canyon,2000
609.5999999999999,643.8760785633178,5.6227162997568785,16,20,73.28478380675048,0.8905507125626527,0.9444851537777809,fracsno_roughness_001,FracSno + partitioning,Berthoud_Summit,2024
863.5999999999999,666.1833836748209,-22.859728615699286,13,17,77.61092620480945,0.9251619019706522,0.9700393020413255,fracsno_roughness_001,FracSno + partitioning,Schofield_Pass,2024
604.52,516.4681588306474,-14.565579496022057,-5,-11,69.33604199686832,0.856263451744705,0.9306210349633418,fracsno_roughness_001,FracSno + partitioning,Northeast_Entrance,1995
685.8,682.1985320147859,-0.5251484376223493,4,15,54.38831870178403,0.9439129341706345,0.9730320583502723,fracsno_roughness_001,FracSno + partitioning,Brighton,2024
187.96,170.3932775524552,-9.345989810355823,25,22,31.895641462060258,0.7580051185783034,0.8753315066143745,fracsno_roughness_001,FracSno + partitioning,Quemazon,2020
223.52,194.73325011256495,-12.878825110699294,-1,24,39.22575183138697,0.6733372045865909,0.8237216073078758,fracsno_roughness_001,FracSno + partitioning,Quemazon,2023
1315.7199999999998,1349.1870275385181,2.5436283965067283,0,10,77.8974420426743,0.9749757242687059,0.9913708483295257,fracsno_wetbulb,FracSno + partitioning,Stevens_Pass,2020
1107.44,874.1458026139454,-21.066080093373422,-5,-3,139.27757580618697,0.8861918265017794,0.9831558319733174,fracsno_wetbulb,FracSno + partitioning,Stevens_Pass,2022
2286.0,2002.8535113485898,-12.386110614672363,1,2,304.8699871562708,0.8848372788187473,0.966739941371066,fracsno_wetbulb,FracSno + partitioning,Paradise,2020
2159.0,1547.0078329086155,-28.346093890291087,-2,-4,348.8875596156632,0.7895111346682018,0.962940067440579,fracsno_wetbulb,FracSno + partitioning,Paradise,2022
1905.0,1819.5703363504947,-4.48449677950159,-4,0,140.67821589098088,0.9535853281368858,0.9794337323140757,fracsno_wetbulb,FracSno + partitioning,Paradise,2023
185.42,332.7989739970034,79.483860423365,70,87,136.96057426833414,-5.052762646054098,0.5085479147702001,fracsno_wetbulb,FracSno + partitioning,Leavitt_Lake,2015
411.47999999999996,414.6765024128761,0.7768305659755413,3,48,99.65203447231836,0.4729021329036164,0.7815672663316725,fracsno_wetbulb,FracSno + partitioning,Leavitt_Lake,2021
454.6599999999999,433.6637282976366,-4.618016034479235,-5,51,111.68769245087377,0.6024538353953766,0.8579468363763191,fracsno_wetbulb,FracSno + partitioning,Leavitt_Lake,2022
1023.6199999999999,1046.8837358913777,2.272692590158242,4,22,98.38647127160141,0.9181265012573945,0.9732033923462452,fracsno_wetbulb,FracSno + partitioning,CSS_Lab,2024
701.04,549.7455785421791,-21.581424948336874,42,21,107.851855940088,0.8524725844674381,0.9292209399265328,fracsno_wetbulb,FracSno + partitioning,Donner_Summit,2022
759.4599999999999,616.9600923803949,-18.763319677087008,-11,-8,115.95306466317867,0.8111504241419016,0.964906684218895,fracsno_wetbulb,FracSno + partitioning,Togwotee_Pass,2020
574.04,421.26728755466314,-26.613600523541365,-28,3,73.51215489743778,0.8609433517578862,0.9834710725154066,fracsno_wetbulb,FracSno + partitioning,Togwotee_Pass,2024
431.79999999999995,371.5705640646181,-13.948456677948554,7,5,42.294426195779465,0.9303810538907892,0.9789265237655683,fracsno_wetbulb,FracSno + partitioning,Canyon,1995
335.28,349.8580758992487,4.348030272980418,-6,1,15.13156586591232,0.9843303069984909,0.9949098647565504,fracsno_wetbulb,FracSno + partitioning,Canyon,2000
609.5999999999999,667.1490505778285,9.440461052793399,17,29,81.8391335020517,0.8635079484628807,0.9375672349081254,fracsno_wetbulb,FracSno + partitioning,Berthoud_Summit,2024
863.5999999999999,702.6444467657288,-18.63774354264371,39,22,80.96590013772908,0.9185518346734749,0.9611014913177791,fracsno_wetbulb,FracSno + partitioning,Schofield_Pass,2024
604.52,575.1146963675418,-4.864239997429065,-5,-1,63.86610790142909,0.8780476934146225,0.9544762843489596,fracsno_wetbulb,FracSno + partitioning,Northeast_Entrance,1995
685.8,706.8086202238491,3.0633741942037194,4,19,68.92660248525968,0.9099206596999089,0.9654610381366223,fracsno_wetbulb,FracSno + partitioning,Brighton,2024
187.96,190.49166104425524,1.3469147926448342,25,32,44.47153874058743,0.5295561325733236,0.7911123905581601,fracsno_wetbulb,FracSno + partitioning,Quemazon,2020
223.52,199.09194250125373,-10.92880167266745,-1,32,42.62462061323183,0.6142746564561051,0.7941083790907854,fracsno_wetbulb,FracSno + partitioning,Quemazon,2023
1315.7199999999998,1344.800024625074,2.210198569990135,0,9,78.99379621059137,0.9742663675511917,0.9910170286837063,fracsno_wetbulb_linear,FracSno + partitioning,Stevens_Pass,2020
1107.44,877.423299088861,-20.770127583538528,-5,-3,136.87388538359016,0.8900861940166005,0.98348402829981,fracsno_wetbulb_linear,FracSno + partitioning,Stevens_Pass,2022
2286.0,1966.8012581543,-13.963199555804898,1,1,323.8573635840622,0.8700458582006328,0.96464001526261,fracsno_wetbulb_linear,FracSno + partitioning,Paradise,2020
2159.0,1538.7457731255101,-28.72877382466373,-2,-4,354.8997156572454,0.7821941892841281,0.9603935747973675,fracsno_wetbulb_linear,FracSno + partitioning,Paradise,2022
1905.0,1806.6246216593263,-5.164061855153475,-4,0,146.71958347442717,0.9495132108332497,0.9782989058865786,fracsno_wetbulb_linear,FracSno + partitioning,Paradise,2023
185.42,322.091512757929,73.70915368241239,69,87,131.28412110711866,-4.561435558334674,0.5033437143091708,fracsno_wetbulb_linear,FracSno + partitioning,Leavitt_Lake,2015
411.47999999999996,414.6354171662517,0.7668458166257817,3,48,99.37527591245272,0.4758258318808136,0.782492339912603,fracsno_wetbulb_linear,FracSno + partitioning,Leavitt_Lake,2021
454.6599999999999,445.6148534285491,-1.9894309091300757,-5,51,113.04886525589384,0.5927047489862354,0.866014234839428,fracsno_wetbulb_linear,FracSno + partitioning,Leavitt_Lake,2022
1023.6199999999999,1052.1984104020767,2.791896446149623,4,21,99.06544281580673,0.9169925731977857,0.9737648948925266,fracsno_wetbulb_linear,FracSno + partitioning,CSS_Lab,2024
701.04,551.2455756181909,-21.36745754618982,53,21,107.52908822208543,0.8533542723183999,0.9296670223596254,fracsno_wetbulb_linear,FracSno + partitioning,Donner_Summit,2022
759.4599999999999,616.5620443845195,-18.8157316534749,-11,-8,117.9170368847581,0.804698910861599,0.9626082765443561,fracsno_wetbulb_linear,FracSno + partitioning,Togwotee_Pass,2020
574.04,418.98275152759015,-27.01157558226079,-28,3,75.30309527851527,0.8540852801179768,0.983136471038243,fracsno_wetbulb_linear,FracSno + partitioning,Togwotee_Pass,2024
431.79999999999995,371.56971376235265,-13.948653598343519,7,5,42.664649527125135,0.9291569036186934,0.9784900519296149,fracsno_wetbulb_linear,FracSno + partitioning,Canyon,1995
335.28,349.8424928231538,4.343382493185944,-6,1,15.171114115891095,0.9842482905323796,0.9947042750507311,fracsno_wetbulb_linear,FracSno + partitioning,Canyon,2000
609.5999999999999,667.1386327140286,9.438752085634635,17,29,82.13221287969606,0.862528597082452,0.9371684613544701,fracsno_wetbulb_linear,FracSno + partitioning,Berthoud_Summit,2024
863.5999999999999,703.3727474610217,-18.55341043758432,39,22,80.53591961395554,0.9194146209201166,0.9615106373228489,fracsno_wetbulb_linear,FracSno + partitioning,Schofield_Pass,2024
604.52,574.3742393370338,-4.986726768835796,-5,-1,65.89368301455816,0.8701814712645609,0.95031337343291,fracsno_wetbulb_linear,FracSno + partitioning,Northeast_Entrance,1995
685.8,705.4171475278563,2.8604764549221833,4,19,68.60277752664656,0.9107650772618693,0.9651407861270924,fracsno_wetbulb_linear,FracSno + partitioning,Brighton,2024
187.96,189.02928068262057,0.5688873604067665,25,31,43.78908465496212,0.5438840782799461,0.7961382836829722,fracsno_wetbulb_linear,FracSno + partitioning,Quemazon,2020
223.52,199.08866430006978,-10.930268298107654,-1,32,43.43595103397957,0.5994508714347013,0.7868443670737022,fracsno_wetbulb_linear,FracSno + partitioning,Quemazon,2023
1315.7199999999998,1347.8564323718726,2.4424978241474515,0,9,89.065758089396,0.9672857731599988,0.9891095575852553,high_dirtsoot,Snow aging,Stevens_Pass,2020
1107.44,874.6668106670464,-21.01903392806415,-5,-4,144.6046884673811,0.877319424779519,0.9774795280158454,high_dirtsoot,Snow aging,Stevens_Pass,2022
2286.0,1954.519276742085,-14.500469083898299,1,-1,340.7984869361187,0.8560943355052029,0.9601361423621657,high_dirtsoot,Snow aging,Paradise,2020
2159.0,1526.4439300532433,-29.298567389845143,-2,-5,358.11273341399556,0.7782326095859671,0.9575845187808752,high_dirtsoot,Snow aging,Paradise,2022
1905.0,1851.1761546725086,-2.825398704855193,-4,0,136.84784177675874,0.956078467415558,0.978854331280264,high_dirtsoot,Snow aging,Paradise,2023
185.42,312.38923645822445,68.47655941010919,69,87,123.82372517751818,-3.947322687084797,0.4812454558645325,high_dirtsoot,Snow aging,Leavitt_Lake,2015
411.47999999999996,413.4249359454514,0.4726684031912725,3,48,99.48007768170741,0.4747196543778631,0.7802553955629532,high_dirtsoot,Snow aging,Leavitt_Lake,2021
454.6599999999999,458.4744996919529,0.8389785096452208,-5,56,127.99443882656757,0.4778934607366523,0.8461514900842002,high_dirtsoot,Snow aging,Leavitt_Lake,2022
1023.6199999999999,1019.1637510681259,-0.43534211249038013,4,21,83.53725936216837,0.9409754034779941,0.9773965655733571,high_dirtsoot,Snow aging,CSS_Lab,2024
701.04,549.4053484148059,-21.629957147266076,42,20,104.42544166370455,0.8616974683770557,0.9366528332838681,high_dirtsoot,Snow aging,Donner_Summit,2022
759.4599999999999,602.4587923290513,-20.67274216824436,-11,-10,132.10712163052978,0.754865740922013,0.9540212555140378,high_dirtsoot,Snow aging,Togwotee_Pass,2020
574.04,409.024963092538,-28.746261045826422,-28,2,81.94278274657921,0.827219444245775,0.9766257568507618,high_dirtsoot,Snow aging,Togwotee_Pass,2024
431.79999999999995,370.0383996888293,-14.3032886315819,7,3,44.43960127628638,0.9231398058071023,0.9766092387443867,high_dirtsoot,Snow aging,Canyon,1995
335.28,348.384550993808,3.9085394278835617,-6,1,14.485019765227356,0.985640777437048,0.9949110648190599,high_dirtsoot,Snow aging,Canyon,2000
609.5999999999999,663.1216152832219,8.779792533336941,15,32,74.97034103223085,0.8854581246730813,0.9463492402019578,high_dirtsoot,Snow aging,Berthoud_Summit,2024
863.5999999999999,695.0890900178866,-19.512611160504086,13,22,73.60170760530059,0.9326941536585663,0.9697043747314082,high_dirtsoot,Snow aging,Schofield_Pass,2024
604.52,542.1976395872774,-10.309395952610759,-5,-2,65.87294107200434,0.8702631866746426,0.9411341612628017,high_dirtsoot,Snow aging,Northeast_Entrance,1995
685.8,695.406411083031,1.4007598546268663,4,18,58.483396563628595,0.9351490073659174,0.9714926374723003,high_dirtsoot,Snow aging,Brighton,2024
187.96,180.62312150966355,-3.903425457723164,25,30,39.860324923649564,0.6220579907436439,0.8201169447362536,high_dirtsoot,Snow aging,Quemazon,2020
223.52,196.8135538297137,-11.94812373402215,-1,32,41.96178290917333,0.6261778881098806,0.7993175221602792,high_dirtsoot,Snow aging,Quemazon,2023
1315.7199999999998,1270.7262548936412,-3.419705188517206,0,8,76.36309711519124,0.9759518212507887,0.98809534489138,jennings_fracsno,SZA + Jennings,Stevens_Pass,2020
1107.44,822.1170610480666,-25.764189387410013,-5,-5,165.6585136960759,0.8389952917331298,0.9754263574921833,jennings_fracsno,SZA + Jennings,Stevens_Pass,2022
2286.0,1857.8559529778577,-18.728960937101586,1,-3,393.63494474865405,0.8080138653471203,0.9541966874162314,jennings_fracsno,SZA + Jennings,Paradise,2020
2159.0,1464.7773563413477,-32.15482369887227,-17,-7,394.4290649613744,0.7309729315826954,0.9513767265500892,jennings_fracsno,SZA + Jennings,Paradise,2022
1905.0,1746.5859739740974,-8.315696904246854,-4,-2,169.7949122423315,0.9323837740831076,0.9749708595546733,jennings_fracsno,SZA + Jennings,Paradise,2023
185.42,313.23620186534583,68.93334153022643,69,87,123.27180795586612,-3.9033177557795753,0.4519172162219735,jennings_fracsno,SZA + Jennings,Leavitt_Lake,2015
411.47999999999996,414.0298708803636,0.6196828230688349,3,49,101.64998914004731,0.4515543542792594,0.7736190679466596,jennings_fracsno,SZA + Jennings,Leavitt_Lake,2021
454.6599999999999,418.9111430254862,-7.862767117079518,43,50,117.51240675465155,0.5599070883466624,0.8264562964319282,jennings_fracsno,SZA + Jennings,Leavitt_Lake,2022
1023.6199999999999,998.3596063262634,-2.4677510867056656,4,21,79.56871921489082,0.9464502662647002,0.9775091810344966,jennings_fracsno,SZA + Jennings,CSS_Lab,2024
701.04,540.8543213297196,-22.84972022570472,42,20,106.14802792174243,0.8570969992595434,0.9339688537324773,jennings_fracsno,SZA + Jennings,Donner_Summit,2022
759.4599999999999,610.5474296545061,-19.6076910364593,-11,-9,124.67514773175992,0.7816710462819899,0.9579728103105688,jennings_fracsno,SZA + Jennings,Togwotee_Pass,2020
574.04,418.1179544876761,-27.162226589144282,-28,2,76.37569310436969,0.8498989332187219,0.9818890851353606,jennings_fracsno,SZA + Jennings,Togwotee_Pass,2024
431.79999999999995,373.0862444441716,-13.597442231548948,7,3,43.026267494636095,0.9279509073575714,0.9779533922234113,jennings_fracsno,SZA + Jennings,Canyon,1995
335.28,349.2203454956704,4.157821968405644,-6,1,14.657710374400624,0.985296354790971,0.9947778336154762,jennings_fracsno,SZA + Jennings,Canyon,2000
609.5999999999999,666.2851584613524,9.298746466757292,17,31,80.62774921732316,0.867518758558145,0.9392870682233354,jennings_fracsno,SZA + Jennings,Berthoud_Summit,2024
863.5999999999999,698.0888249986314,-19.165258800529013,13,22,79.14271009118879,0.9221786349315959,0.9631851221871935,jennings_fracsno,SZA + Jennings,Schofield_Pass,2024
604.52,560.8449847332572,-7.224742815248921,-5,-1,62.535855686593024,0.8830750180383321,0.950725781091722,jennings_fracsno,SZA + Jennings,Northeast_Entrance,1995
685.8,697.700183163268,1.7352264746672534,4,18,63.58578622501613,0.9233395181953694,0.9678529633621132,jennings_fracsno,SZA + Jennings,Brighton,2024
187.96,180.02575704756057,-4.221240132176757,25,30,40.4221033144109,0.6113297372197986,0.8177922625259497,jennings_fracsno,SZA + Jennings,Quemazon,2020
223.52,197.81394313474811,-11.500562305499237,-1,32,42.55761781091485,0.6154863676968458,0.7941613580711041,jennings_fracsno,SZA + Jennings,Quemazon,2023
1315.7199999999998,1269.7673095484877,-3.492588883007945,0,0,73.74544732102859,0.9775722579870565,0.9887628080699733,jennings_sza_g4_z02,SZA + Jennings,Stevens_Pass,2020
1107.44,817.9908285218438,-26.13678135864302,-5,-14,174.61010819701622,0.82112492939623,0.9673668456066785,jennings_sza_g4_z02,SZA + Jennings,Stevens_Pass,2022
2286.0,1857.227038674798,-18.756472498915223,1,-10,403.63683203444646,0.7981335474113721,0.9495775966914114,jennings_sza_g4_z02,SZA + Jennings,Paradise,2020
2159.0,1462.2863623715475,-32.27020090914555,-17,-12,405.32746727052023,0.7159006572319533,0.9446098732506029,jennings_sza_g4_z02,SZA + Jennings,Paradise,2022
1905.0,1745.257756860208,-8.385419587390656,-4,-8,180.9453658554153,0.9232114422504628,0.9708687904822572,jennings_sza_g4_z02,SZA + Jennings,Paradise,2023
185.42,274.2057056842434,47.88356470943989,69,70,108.07085172023902,-2.768596631148955,0.5389993219269389,jennings_sza_g4_z02,SZA + Jennings,Leavitt_Lake,2015
411.47999999999996,413.4159526790743,0.47048524328626395,3,33,84.01761993986149,0.62532072694043,0.8367903058428489,jennings_sza_g4_z02,SZA + Jennings,Leavitt_Lake,2021
454.6599999999999,409.8445794132581,-9.856908588118998,-5,33,97.46251022149241,0.6972723308529158,0.8713796097216373,jennings_sza_g4_z02,SZA + Jennings,Leavitt_Lake,2022
1023.6199999999999,988.7694161401565,-3.4046407709739333,4,14,66.6672619311979,0.9624077934472887,0.9834345594006383,jennings_sza_g4_z02,SZA + Jennings,CSS_Lab,2024
701.04,539.743827703629,-23.008126825341062,42,13,99.11915801373301,0.8753957955419133,0.9468193375366781,jennings_sza_g4_z02,SZA + Jennings,Donner_Summit,2022
759.4599999999999,600.1449970756795,-20.97740538334085,-11,-19,141.05020676039717,0.7205532875320524,0.9390873658755742,jennings_sza_g4_z02,SZA + Jennings,Togwotee_Pass,2020
574.04,403.83249669327597,-29.65080888208557,-28,-3,89.20945014170817,0.7952163992796338,0.9745846896171628,jennings_sza_g4_z02,SZA + Jennings,Togwotee_Pass,2024
431.79999999999995,371.33128064896664,-14.003872012745095,7,-8,52.51954817463842,0.8926497321353908,0.9615674020789401,jennings_sza_g4_z02,SZA + Jennings,Canyon,1995
335.28,348.9000322739153,4.062285932329797,-6,-5,21.45031287350762,0.968510917625399,0.9854243368384684,jennings_sza_g4_z02,SZA + Jennings,Canyon,2000
609.5999999999999,659.6833745028924,8.215776657298644,16,16,67.58425524535691,0.9069157119907837,0.9550006342042634,jennings_sza_g4_z02,SZA + Jennings,Berthoud_Summit,2024
863.5999999999999,692.3852339442587,-19.825702414976977,13,14,69.18497783387903,0.9405296326388722,0.9734183792287736,jennings_sza_g4_z02,SZA + Jennings,Schofield_Pass,2024
604.52,530.299101621472,-12.277658039192744,-5,-18,79.33113415226772,0.8118360399678726,0.911465137686123,jennings_sza_g4_z02,SZA + Jennings,Northeast_Entrance,1995
685.8,694.072246823894,1.2062185511656576,4,12,50.9485606141769,0.9507829826472957,0.9782806421026066,jennings_sza_g4_z02,SZA + Jennings,Brighton,2024
187.96,176.81422006344155,-5.9298680232807275,25,20,32.9184760196905,0.7422355975278545,0.8728239138858973,jennings_sza_g4_z02,SZA + Jennings,Quemazon,2020
223.52,196.57225615063544,-12.056077241125882,-1,20,36.76686686041031,0.7130076196523798,0.8460360203266674,jennings_sza_g4_z02,SZA + Jennings,Quemazon,2023
1315.7199999999998,1269.2524094600383,-3.5317233560302745,0,-3,75.26493047288139,0.9766385146239566,0.988277313283927,jennings_sza_g4_z03,SZA + Jennings,Stevens_Pass,2020
1107.44,816.3869500787729,-26.281608928811234,-5,-15,178.80047835441167,0.8124364655503221,0.963647505901876,jennings_sza_g4_z03,SZA + Jennings,Stevens_Pass,2022
2286.0,1856.85106028455,-18.77291949761374,1,-13,411.09862091751165,0.7906009952873208,0.9463097717017352,jennings_sza_g4_z03,SZA + Jennings,Paradise,2020
2159.0,1461.199703093024,-32.320532510744606,-17,-14,412.1592641534099,0.7062429548612398,0.9400721651353907,jennings_sza_g4_z03,SZA + Jennings,Paradise,2022
1905.0,1744.307656986436,-8.435293596512542,-4,-10,186.04025423581385,0.9188262836854214,0.9688790323092079,jennings_sza_g4_z03,SZA + Jennings,Paradise,2023
185.42,263.28776751133006,41.99534435947043,56,66,103.6787515822937,-2.46850260803132,0.5635271884885696,jennings_sza_g4_z03,SZA + Jennings,Leavitt_Lake,2015
411.47999999999996,413.11216014513826,0.39665600883112195,3,26,73.65855276445076,0.7120180401587891,0.8712636472441825,jennings_sza_g4_z03,SZA + Jennings,Leavitt_Lake,2021
454.6599999999999,408.1679794243965,-10.225667658382843,-5,29,93.76658408982294,0.7197967801831519,0.8790339159465772,jennings_sza_g4_z03,SZA + Jennings,Leavitt_Lake,2022
1023.6199999999999,985.8019799425753,-3.694537040837873,4,12,62.46644383733513,0.9669960328575912,0.9852950243719281,jennings_sza_g4_z03,SZA + Jennings,CSS_Lab,2024
701.04,539.9274092553345,-22.98193979582698,42,11,98.55133249585408,0.8768193504859678,0.9475649066683566,jennings_sza_g4_z03,SZA + Jennings,Donner_Summit,2022
759.4599999999999,599.9322635880529,-21.005416534372713,-11,-21,146.21729972971414,0.6997043306620592,0.9298058276424228,jennings_sza_g4_z03,SZA + Jennings,Togwotee_Pass,2020
574.04,401.95980206852636,-29.97703956718584,-28,-5,92.83107721865571,0.7782517352460748,0.9679438369965347,jennings_sza_g4_z03,SZA + Jennings,Togwotee_Pass,2024
431.79999999999995,371.03712052176115,-14.071996173746829,7,-11,55.42998239866527,0.8804221745497754,0.9551327349339193,jennings_sza_g4_z03,SZA + Jennings,Canyon,1995
335.28,348.8369854044984,4.043481688289922,-6,-9,27.545538787175367,0.9480727545174882,0.9756285623640671,jennings_sza_g4_z03,SZA + Jennings,Canyon,2000
609.5999999999999,650.348989257547,6.6845454818810905,15,14,62.627454357303684,0.9200690757659538,0.9598061000571529,jennings_sza_g4_z03,SZA + Jennings,Berthoud_Summit,2024
863.5999999999999,686.5795549675764,-20.497967233953624,13,12,66.97722263901046,0.9442645800015507,0.9762845737355843,jennings_sza_g4_z03,SZA + Jennings,Schofield_Pass,2024
604.52,523.4737610864496,-13.406709275714682,-6,-21,86.31830890094793,0.7772308925869973,0.8955815652855118,jennings_sza_g4_z03,SZA + Jennings,Northeast_Entrance,1995
685.8,693.7242325144135,1.1554728075843652,4,9,45.07681819120006,0.9614736416773291,0.9828800428468336,jennings_sza_g4_z03,SZA + Jennings,Brighton,2024
187.96,173.2531925105725,-7.824434714528366,25,16,29.08320461002657,0.7987999816929978,0.8985404574657858,jennings_sza_g4_z03,SZA + Jennings,Quemazon,2020
223.52,195.89793674454555,-12.357759151509692,-1,18,34.56460825294398,0.746358449354385,0.8651745683037718,jennings_sza_g4_z03,SZA + Jennings,Quemazon,2023
1315.7199999999998,1267.6777708417071,-3.6514022100669363,0,-5,80.18530429381775,0.9734842029402712,0.9866859262359877,jennings_sza_g4_z05,SZA + Jennings,Stevens_Pass,2020
1107.44,812.9330438370021,-26.593490948764536,-5,-17,186.96937474868966,0.7949064479899919,0.9558245128761711,jennings_sza_g4_z05,SZA + Jennings,Stevens_Pass,2022
2286.0,1856.6549833970764,-18.78149678927925,1,-17,420.90146603734684,0.7804954887798127,0.9416504608621877,jennings_sza_g4_z05,SZA + Jennings,Paradise,2020
2159.0,1458.444473337614,-32.44814852535368,-17,-16,421.32656382030734,0.6930300652404431,0.9340339851077396,jennings_sza_g4_z05,SZA + Jennings,Paradise,2022
1905.0,1742.4360013857188,-8.533543234345471,-4,-13,190.073868234074,0.9152682049268636,0.9673743208111609,jennings_sza_g4_z05,SZA + Jennings,Paradise,2023
185.42,257.387136412785,38.81303872979454,39,58,93.71397299156088,-1.8338131247427567,0.6219182377450506,jennings_sza_g4_z05,SZA + Jennings,Leavitt_Lake,2015
411.47999999999996,412.2836278601448,0.19530180328201688,3,18,68.1222151688472,0.7536818335318781,0.8886898796337207,jennings_sza_g4_z05,SZA + Jennings,Leavitt_Lake,2021
454.6599999999999,404.53582061254656,-11.024541280836969,-5,23,81.74247868782483,0.7870525043349061,0.9039384604043671,jennings_sza_g4_z05,SZA + Jennings,Leavitt_Lake,2022
1023.6199999999999,977.984574615056,-4.458238934853161,4,9,50.95451011767314,0.9780397215772422,0.9901327512243037,jennings_sza_g4_z05,SZA + Jennings,CSS_Lab,2024
701.04,538.9336033555388,-23.123701449911724,42,7,90.89698536454188,0.8952108184846108,0.96172315761285,jennings_sza_g4_z05,SZA + Jennings,Donner_Summit,2022
759.4599999999999,599.5362300464765,-21.05756326251856,-11,-23,152.83200436298114,0.6719196888101605,0.9168450801718471,jennings_sza_g4_z05,SZA + Jennings,Togwotee_Pass,2020
574.04,400.36684799432254,-30.254538360685217,-28,-9,103.59837144303275,0.7238282151722123,0.9419741800808172,jennings_sza_g4_z05,SZA + Jennings,Togwotee_Pass,2024
431.79999999999995,370.29930207473836,-14.24286658760111,7,-14,62.324245714756394,0.8488266516951428,0.9397595834505681,jennings_sza_g4_z05,SZA + Jennings,Canyon,1995
335.28,348.6375084520135,3.983986057030995,-6,-16,33.852484005258425,0.9215715150066686,0.962991359155975,jennings_sza_g4_z05,SZA + Jennings,Canyon,2000
609.5999999999999,643.8276850669205,5.614777734074898,15,10,54.65203228268079,0.9391307502480291,0.9692003905165573,jennings_sza_g4_z05,SZA + Jennings,Berthoud_Summit,2024
863.5999999999999,675.1879028912201,-21.817056172855466,13,7,60.866322991267424,0.9539710422049252,0.9875530338482859,jennings_sza_g4_z05,SZA + Jennings,Schofield_Pass,2024
604.52,514.6051253406017,-14.873763425428152,-6,-28,100.0492375968465,0.7007206960054229,0.8615352916783147,jennings_sza_g4_z05,SZA + Jennings,Northeast_Entrance,1995
685.8,693.0149598854304,1.052050143690639,4,6,33.37877900896648,0.978875212663265,0.9903458579136293,jennings_sza_g4_z05,SZA + Jennings,Brighton,2024
187.96,166.76388636754203,-11.276927874259405,25,9,24.758602362206112,0.8541871669217387,0.9250864140295695,jennings_sza_g4_z05,SZA + Jennings,Quemazon,2020
223.52,194.7583007403955,-12.867617778992713,-1,13,31.230209709908404,0.7929348923424056,0.8935718378196282,jennings_sza_g4_z05,SZA + Jennings,Quemazon,2023
1315.7199999999998,1340.278007468912,1.8665071192132172,-31,-10,104.99930785418658,0.9545338693391271,0.9804538671792813,sza_g2_z02,SZA-fSCA,Stevens_Pass,2020
1107.44,856.9956749419038,-22.61470825129093,-34,-24,201.77070257444,0.7611488878791256,0.9260107871384827,sza_g2_z02,SZA-fSCA,Stevens_Pass,2022
2286.0,1947.0851667336672,-14.825670746558743,1,-23,412.08302490575215,0.7895969538969142,0.9319069234883328,sza_g2_z02,SZA-fSCA,Paradise,2020
2159.0,1497.0973376235952,-30.657835218916386,-17,-21,415.641983313606,0.7012575240799365,0.9237758638326365,sza_g2_z02,SZA-fSCA,Paradise,2022
1905.0,1832.0009702001942,-3.8319700682312776,-4,-17,186.52053968395776,0.9184066231218042,0.9622290369205544,sza_g2_z02,SZA-fSCA,Paradise,2023
185.42,240.88269695047418,29.91192802851591,2,6,36.99355986432323,0.5584145476555193,0.9566568411282175,sza_g2_z02,SZA-fSCA,Leavitt_Lake,2015
411.47999999999996,389.67421171538257,-5.299355566398706,3,-3,33.024159884534534,0.9421128089492496,0.9794162009310396,sza_g2_z02,SZA-fSCA,Leavitt_Lake,2021
454.6599999999999,335.73019037335604,-26.157966310351448,-61,-20,62.52764828810528,0.875399116662452,0.9772627722910883,sza_g2_z02,SZA-fSCA,Leavitt_Lake,2022
1023.6199999999999,860.7998537155139,-15.906307641945839,-1,-4,79.02720961452033,0.9471766578024962,0.997355832125857,sza_g2_z02,SZA-fSCA,CSS_Lab,2024
701.04,540.6377784772998,-22.880609026974238,42,-10,78.5357505177943,0.9217737907898677,0.9946565205665919,sza_g2_z02,SZA-fSCA,Donner_Summit,2022
759.4599999999999,583.4047395683616,-23.181637009406465,-11,-35,189.11784957404987,0.49763821787905715,0.8383221427042794,sza_g2_z02,SZA-fSCA,Togwotee_Pass,2020
574.04,369.17599504081886,-35.68810622242024,-38,-33,166.524070595843,0.28644494555027056,0.7109118123039281,sza_g2_z02,SZA-fSCA,Togwotee_Pass,2024
431.79999999999995,349.7237894743285,-19.00792277111428,0,-33,112.68509151482635,0.5058098402851781,0.7670301616439296,sza_g2_z02,SZA-fSCA,Canyon,1995
335.28,343.7482931839911,2.5257376473368938,-6,-27,54.841497599911385,0.794168729630137,0.9025759959981065,sza_g2_z02,SZA-fSCA,Canyon,2000
609.5999999999999,560.2124117141343,-8.101638498337534,14,-2,45.742922566097256,0.9573584351555307,0.9977073134671177,sza_g2_z02,SZA-fSCA,Berthoud_Summit,2024
863.5999999999999,659.4760940982144,-23.636394847358215,13,-5,84.48081354665047,0.9113266361494681,0.9871928847829545,sza_g2_z02,SZA-fSCA,Schofield_Pass,2024
604.52,445.8393162259688,-26.249037876998475,-34,-47,148.9565912675559,0.33661053748422265,0.6995296153469859,sza_g2_z02,SZA-fSCA,Northeast_Entrance,1995
685.8,613.7139432892435,-10.511236032481257,4,-10,59.70575497185702,0.9324097828346576,0.9873924791046463,sza_g2_z02,SZA-fSCA,Brighton,2024
187.96,129.5435308508474,-31.079202569244845,0,-18,30.905365665484933,0.772798459689366,0.9566364456594945,sza_g2_z02,SZA-fSCA,Quemazon,2020
223.52,153.11684636296437,-31.497473889153383,-1,0,26.73023360630429,0.8483080165544507,0.99420254939222,sza_g2_z02,SZA-fSCA,Quemazon,2023
1315.7199999999998,1362.5188066460323,3.5568971092658415,0,6,87.67092691398324,0.9683024044528755,0.9905753312479116,sza_g4_z01,SZA-fSCA,Stevens_Pass,2020
1107.44,885.9045340647434,-20.004286095432406,-5,-7,142.03425285023027,0.8816421036854146,0.9773822988140821,sza_g4_z01,SZA-fSCA,Stevens_Pass,2022
2286.0,1958.9409771710625,-14.307043868282479,1,-3,335.47322835027796,0.8605564889244214,0.9615960706183272,sza_g4_z01,SZA-fSCA,Paradise,2020
2159.0,1536.578136887688,-28.829173835679107,-2,-7,354.4288496247865,0.7827717570815639,0.9581645356634815,sza_g4_z01,SZA-fSCA,Paradise,2022
1905.0,1853.929847736382,-2.680847887853961,-4,-2,136.18324100321732,0.9565040408542969,0.9791705293933379,sza_g4_z01,SZA-fSCA,Paradise,2023
185.42,312.2803685081598,68.41784516673489,69,78,122.32909887478934,-3.8286092304789543,0.48199678444505173,sza_g4_z01,SZA-fSCA,Leavitt_Lake,2015
411.47999999999996,414.7316082370298,0.7902226686667186,3,39,92.23512327499255,0.5484440338035366,0.8091252231769558,sza_g4_z01,SZA-fSCA,Leavitt_Lake,2021
454.6599999999999,459.19389186648715,0.9972049149886154,-5,40,119.32198393042522,0.5462487204095414,0.8646555505792736,sza_g4_z01,SZA-fSCA,Leavitt_Lake,2022
1023.6199999999999,1023.0020680808708,-0.06036731591108923,4,18,84.9808645773425,0.9389177717936368,0.9763795948308605,sza_g4_z01,SZA-fSCA,CSS_Lab,2024
701.04,550.1216444187979,-21.527780951329746,53,16,104.29178914922562,0.8620512643833653,0.9354306202301883,sza_g4_z01,SZA-fSCA,Donner_Summit,2022
759.4599999999999,600.4460924151928,-20.937759405999945,-11,-17,139.00939907239058,0.7285812273003793,0.9431816310373071,sza_g4_z01,SZA-fSCA,Togwotee_Pass,2020
574.04,405.5433507196796,-29.35277145849076,-28,-1,86.13645901449097,0.8090817351533597,0.9793416470421976,sza_g4_z01,SZA-fSCA,Togwotee_Pass,2024
431.79999999999995,371.10431937273165,-14.05643367931179,7,-3,47.104935762785644,0.9136437048889186,0.9719687608676449,sza_g4_z01,SZA-fSCA,Canyon,1995
335.28,349.43374783104406,4.221470958913173,-6,-2,17.57190475169631,0.9788684952530478,0.9907852393949363,sza_g4_z01,SZA-fSCA,Canyon,2000
609.5999999999999,663.7136846228178,8.876916768834962,16,19,73.57054499225599,0.8896954917420477,0.9479360402752366,sza_g4_z01,SZA-fSCA,Berthoud_Summit,2024
863.5999999999999,694.5733627657273,-19.57232946205102,13,17,72.22833018952578,0.9351825175963543,0.9705036490555153,sza_g4_z01,SZA-fSCA,Schofield_Pass,2024
604.52,530.4831220564589,-12.247217287027903,-5,-14,73.0905723923936,0.8402753871749739,0.9239829731680916,sza_g4_z01,SZA-fSCA,Northeast_Entrance,1995
685.8,693.3354925854813,1.0987886534676865,4,14,54.75170740637821,0.9431609530620358,0.9747383358598369,sza_g4_z01,SZA-fSCA,Brighton,2024
187.96,177.43918936386703,-5.597366799389752,25,24,35.494057521522585,0.7003220452606947,0.8529271012799596,sza_g4_z01,SZA-fSCA,Quemazon,2020
223.52,196.44130810050368,-12.114661730268582,-1,24,39.85133565057736,0.662834689988369,0.8186110894019516,sza_g4_z01,SZA-fSCA,Quemazon,2023
1315.7199999999998,1362.0392643106397,3.520449967366913,0,4,86.16659341000934,0.9693808612939239,0.9909762117815903,sza_g4_z02,SZA-fSCA,Stevens_Pass,2020
1107.44,884.4493140146166,-20.135690058638254,-5,-10,144.9859570185043,0.876671646221736,0.9751954690659916,sza_g4_z02,SZA-fSCA,Stevens_Pass,2022
2286.0,1958.6134721426527,-14.32137042245614,1,-6,338.9834176033313,0.8576231169118208,0.960397936722835,sza_g4_z02,SZA-fSCA,Paradise,2020
2159.0,1533.908532379611,-28.95282388237096,-2,-10,360.7612303260661,0.7749402263282492,0.9547748305531274,sza_g4_z02,SZA-fSCA,Paradise,2022
1905.0,1852.9630409758174,-2.731598898907222,-4,-5,145.4391967382883,0.950390538226761,0.9763309405777304,sza_g4_z02,SZA-fSCA,Paradise,2023
185.42,282.65092750075655,52.438209201141504,69,70,111.03827699918654,-2.9783953206574036,0.5409065574039204,sza_g4_z02,SZA-fSCA,Leavitt_Lake,2015
411.47999999999996,413.89501410407485,0.5869092310865376,3,32,80.54710431520444,0.6556351753288633,0.8486694404932407,sza_g4_z02,SZA-fSCA,Leavitt_Lake,2021
454.6599999999999,457.37977322616797,0.5981993635173666,-5,36,113.75148796285383,0.5876261626596107,0.8741585204324215,sza_g4_z02,SZA-fSCA,Leavitt_Lake,2022
1023.6199999999999,1021.4688318700777,-0.21015299915224517,4,15,77.55372265318952,0.9491281092593533,0.9801326936953291,sza_g4_z02,SZA-fSCA,CSS_Lab,2024
701.04,549.7825341739328,-21.576153404380225,42,13,98.93314182522654,0.8758630442612187,0.9447398775399326,sza_g4_z02,SZA-fSCA,Donner_Summit,2022
759.4599999999999,600.2524139063177,-20.96326154026312,-11,-20,143.7099320751418,0.7099151026577251,0.9346382787862304,sza_g4_z02,SZA-fSCA,Togwotee_Pass,2020
574.04,402.02694967172334,-29.965342193623552,-28,-4,91.80231255796626,0.7831393810984026,0.9702078056072524,sza_g4_z02,SZA-fSCA,Togwotee_Pass,2024
431.79999999999995,370.80326331620495,-14.126154859609777,7,-9,53.02675677325151,0.8905662450573996,0.9605682107645894,sza_g4_z02,SZA-fSCA,Canyon,1995
335.28,349.26235391195377,4.1703513218664385,-6,-5,21.980719583287843,0.9669343888367292,0.9846943740220372,sza_g4_z02,SZA-fSCA,Canyon,2000
609.5999999999999,659.464346537004,8.17984687286812,15,16,67.31082849969808,0.9076673737083961,0.9552368122065644,sza_g4_z02,SZA-fSCA,Berthoud_Summit,2024
863.5999999999999,690.8351543971012,-20.005192867403746,13,13,67.4251754809409,0.9435165546394909,0.9756531183968364,sza_g4_z02,SZA-fSCA,Schofield_Pass,2024
604.52,524.9984554817382,-13.154493568163462,-5,-18,79.78720807423073,0.8096663154136732,0.9097965558225051,sza_g4_z02,SZA-fSCA,Northeast_Entrance,1995
685.8,692.9358036988757,1.0405079759223896,4,12,49.80184955151632,0.9529735281472563,0.9789252727687748,sza_g4_z02,SZA-fSCA,Brighton,2024
187.96,175.81843701319568,-6.459652578636057,25,20,32.765004423169735,0.7446334787493478,0.8724950357975538,sza_g4_z02,SZA-fSCA,Quemazon,2020
223.52,196.00218031658076,-12.3111219056099,-1,20,36.33181636635464,0.7197592140086512,0.8497799047479822,sza_g4_z02,SZA-fSCA,Quemazon,2023
1315.7199999999998,1360.392962234033,3.39532440291499,0,-1,85.27191710079646,0.9700134034076429,0.9904013270130071,sza_g4_z05,SZA-fSCA,Stevens_Pass,2020
1107.44,878.5252433488441,-20.670623839770634,-5,-15,157.93770109368276,0.8536533856401721,0.9657260588351766,sza_g4_z05,SZA-fSCA,Stevens_Pass,2022
2286.0,1958.0884397213085,-14.344337719977753,1,-12,359.09732623495404,0.8402257026553868,0.9525919122151645,sza_g4_z05,SZA-fSCA,Paradise,2020
2159.0,1530.1526123360825,-29.126789609259728,-2,-14,371.28217888227573,0.7616218926648335,0.9488137183247061,sza_g4_z05,SZA-fSCA,Paradise,2022
1905.0,1850.3446894767724,-2.8690451718229726,-4,-9,152.4387138490463,0.945500548359937,0.9741006752997668,sza_g4_z05,SZA-fSCA,Paradise,2023
185.42,268.63553221184344,44.87948021348477,39,59,98.72986997673914,-2.1452823456363928,0.6139682165720934,sza_g4_z05,SZA-fSCA,Leavitt_Lake,2015
411.47999999999996,412.5264969190957,0.2543250994205591,3,18,67.73626947915503,0.7564649532028676,0.8894644651573692,sza_g4_z05,SZA-fSCA,Leavitt_Lake,2021
454.6599999999999,455.7504724977623,0.2398435089434724,-5,24,95.12678793872864,0.711608406564707,0.910005282021731,sza_g4_z05,SZA-fSCA,Leavitt_Lake,2022
1023.6199999999999,1011.4786420645493,-1.1861196474717794,4,10,61.04962277851318,0.9684762009472954,0.987123099149344,sza_g4_z05,SZA-fSCA,CSS_Lab,2024
701.04,549.657811398202,-21.593944511268674,42,8,92.25093818564231,0.8920658013271363,0.9560562136002324,sza_g4_z05,SZA-fSCA,Donner_Summit,2022
759.4599999999999,599.6427164142478,-21.043541935816513,-11,-24,154.34071948704187,0.6654102815599143,0.9139244967848765,sza_g4_z05,SZA-fSCA,Togwotee_Pass,2020
574.04,398.8427963331453,-30.520034085926877,-38,-9,105.93557216264098,0.7112266686204186,0.9357108887528476,sza_g4_z05,SZA-fSCA,Togwotee_Pass,2024
431.79999999999995,370.76451982126486,-14.13512741517719,7,-14,61.2536613859354,0.8539756516465944,0.9420310764434263,sza_g4_z05,SZA-fSCA,Canyon,1995
335.28,348.99594749631,4.090893431254485,-6,-16,33.44415525285668,0.9234521134872449,0.9639592554070517,sza_g4_z05,SZA-fSCA,Canyon,2000
609.5999999999999,643.941888038759,5.633511817381738,14,9,51.55224198685185,0.9458397785878725,0.9727186040449608,sza_g4_z05,SZA-fSCA,Berthoud_Summit,2024
863.5999999999999,673.2845704065659,-22.037451319295283,13,7,61.4754683162565,0.9530451237090485,0.9881600981326454,sza_g4_z05,SZA-fSCA,Schofield_Pass,2024
604.52,511.00641376781203,-15.469064089225823,-6,-28,100.73781378513922,0.6965870163215835,0.8587650619773475,sza_g4_z05,SZA-fSCA,Northeast_Entrance,1995
685.8,691.9082128774065,0.8906697109079283,4,5,30.440677878378473,0.9824304720968247,0.9917858270409754,sza_g4_z05,SZA-fSCA,Brighton,2024
187.96,165.50860285918034,-11.944773962981307,25,9,24.87411055355979,0.8528234497897982,0.9239970180096315,sza_g4_z05,SZA-fSCA,Quemazon,2020
223.52,194.8633542384416,-12.8206181825154,-1,14,31.641111879385733,0.7874502521075163,0.8900422447232064,sza_g4_z05,SZA-fSCA,Quemazon,2023
1315.7199999999998,1362.5707420887913,3.5608444113330764,0,9,90.24731103682285,0.9664120371096323,0.9898455037477603,sza_g6_z02,SZA-fSCA,Stevens_Pass,2020
1107.44,887.4393276899806,-19.86569677002993,-5,-4,137.10494361847478,0.8897147875066048,0.9804916094372629,sza_g6_z02,SZA-fSCA,Stevens_Pass,2022
2286.0,1959.1851485481473,-14.296362705680348,1,-1,329.5729632459299,0.865418387664872,0.9635596712986995,sza_g6_z02,SZA-fSCA,Paradise,2020
2159.0,1537.5980159442352,-28.78193534301829,-2,-5,351.89218404106197,0.7858700574245985,0.9596457290058669,sza_g6_z02,SZA-fSCA,Paradise,2022
1905.0,1854.8431451810877,-2.6329057647722984,-4,0,133.00976488208897,0.9585075927110114,0.9800592660957151,sza_g6_z02,SZA-fSCA,Paradise,2023
185.42,316.3675925315824,70.6221510794857,69,83,124.53816063683061,-4.004577296660134,0.47980807011743426,sza_g6_z02,SZA-fSCA,Leavitt_Lake,2015
411.47999999999996,414.4051872631672,0.7108941535839486,3,46,98.82583950372769,0.48160602633190175,0.7846529036787616,sza_g6_z02,SZA-fSCA,Leavitt_Lake,2021
454.6599999999999,460.06016587443736,1.187737182606222,-5,43,118.14742039418871,0.5551378882952953,0.8686788491744446,sza_g6_z02,SZA-fSCA,Leavitt_Lake,2022
1023.6199999999999,1027.545953319693,0.3835362067654997,4,20,88.78966410267593,0.9333197212206014,0.9748453197373216,sza_g6_z02,SZA-fSCA,CSS_Lab,2024
701.04,551.2050401530647,-21.373239736239764,53,19,106.34145486755585,0.8565757182517901,0.9318033874401361,sza_g6_z02,SZA-fSCA,Donner_Summit,2022
759.4599999999999,603.6931200087619,-20.51021515171807,-11,-12,131.40109501641922,0.7574789056330733,0.9535956545063942,sza_g6_z02,SZA-fSCA,Togwotee_Pass,2020
574.04,417.9581123658172,-27.190071708275166,-28,1,77.90063410426221,0.8438451650947129,0.9802223140208629,sza_g6_z02,SZA-fSCA,Togwotee_Pass,2024
431.79999999999995,371.78474674627745,-13.898854389467926,7,2,43.98640037127047,0.9246994729622418,0.97685477004844,sza_g6_z02,SZA-fSCA,Canyon,1995
335.28,349.56405245238943,4.260335377114489,-6,0,14.720122353945275,0.9851708730736134,0.9945965092155196,sza_g6_z02,SZA-fSCA,Canyon,2000
609.5999999999999,666.2533460707808,9.29352789875015,17,23,78.5946916582659,0.8741156489485882,0.9418212605096284,sza_g6_z02,SZA-fSCA,Berthoud_Summit,2024
863.5999999999999,696.6796555091645,-19.328432664524716,13,19,75.05532590216079,0.9300093480158982,0.9675409303811896,sza_g6_z02,SZA-fSCA,Schofield_Pass,2024
604.52,540.4842655116898,-10.592823147010876,-5,-7,65.48483303203066,0.8717874413587441,0.9397175034677375,sza_g6_z02,SZA-fSCA,Northeast_Entrance,1995
685.8,696.275592744087,1.5274996710538156,4,17,61.16184901735925,0.9290728244386092,0.9695749465324882,sza_g6_z02,SZA-fSCA,Brighton,2024
187.96,180.4563739610086,-3.992139837726856,25,28,38.811662645064864,0.6416825208668131,0.828321930559965,sza_g6_z02,SZA-fSCA,Quemazon,2020
223.52,197.27237713536258,-11.742852033212882,-1,29,42.13289542965182,0.62312291477632,0.7980983345886453,sza_g6_z02,SZA-fSCA,Quemazon,2023
1315.7199999999998,1362.6041586285598,3.5633842024564535,0,10,88.62874849174109,0.9676060164951845,0.9903658692378422,sza_g8_z02,SZA-fSCA,Stevens_Pass,2020
1107.44,887.6013517249858,-19.851066267699764,-5,-3,136.53212180990315,0.8906344013995721,0.9808899119263949,sza_g8_z02,SZA-fSCA,Stevens_Pass,2022
2286.0,1959.2642730485265,-14.292901441446782,1,0,330.4349589547566,0.8647134725454426,0.963251220685498,sza_g8_z02,SZA-fSCA,Paradise,2020
2159.0,1538.0509720601233,-28.76095543954964,-2,-5,351.74231754787144,0.7860524091304795,0.9597036316201119,sza_g8_z02,SZA-fSCA,Paradise,2022
1905.0,1854.942641224109,-2.6276828753748602,-4,1,132.21702794764036,0.9590007075451374,0.9802659187686462,sza_g8_z02,SZA-fSCA,Paradise,2023
185.42,312.4872259951306,68.52940674961202,69,86,124.42101084367474,-3.9951663748903092,0.4797340101265169,sza_g8_z02,SZA-fSCA,Leavitt_Lake,2015
411.47999999999996,414.4739436660195,0.7276036905850981,3,48,99.25606653709029,0.4770826635339679,0.7823946154503033,sza_g8_z02,SZA-fSCA,Leavitt_Lake,2021
454.6599999999999,460.4395423691342,1.2711789841055465,-5,45,119.44899109544131,0.545282254173312,0.8661165973605779,sza_g8_z02,SZA-fSCA,Leavitt_Lake,2022
1023.6199999999999,1026.3187769454405,0.2636502750474408,4,22,91.49251042668833,0.9291983026626464,0.9732325501872608,sza_g8_z02,SZA-fSCA,CSS_Lab,2024
701.04,551.0991411801213,-21.38834571777341,53,21,107.75761224485515,0.8527302982367235,0.9294845558442356,sza_g8_z02,SZA-fSCA,Donner_Summit,2022
759.4599999999999,603.980432640776,-20.472383977987505,-11,-9,128.35353177737912,0.76859795270649,0.9585510266874903,sza_g8_z02,SZA-fSCA,Togwotee_Pass,2020
574.04,418.4841919211017,-27.09842660422589,-28,2,77.8307249504246,0.8441253105420669,0.9797274512612256,sza_g8_z02,SZA-fSCA,Togwotee_Pass,2024
431.79999999999995,371.75013646440357,-13.906869739600833,7,3,43.53337457966265,0.9262425595277363,0.9774272505106472,sza_g8_z02,SZA-fSCA,Canyon,1995
335.28,349.57059501194976,4.262286748970947,-6,0,14.716741207215964,0.9851776846604189,0.9945614337243911,sza_g8_z02,SZA-fSCA,Canyon,2000
609.5999999999999,666.5127869357455,9.336087095758785,17,28,80.25315394280906,0.86874691052084,0.939626503840465,sza_g8_z02,SZA-fSCA,Berthoud_Summit,2024
863.5999999999999,697.0088248206365,-19.29031671831443,13,22,77.99554592237065,0.924418307399867,0.9645419446722714,sza_g8_z02,SZA-fSCA,Schofield_Pass,2024
604.52,547.6291798626539,-9.410907850417862,-5,-3,63.29355188199371,0.8802244830468375,0.9458083401734171,sza_g8_z02,SZA-fSCA,Northeast_Entrance,1995
685.8,696.4513181330464,1.553123087350015,4,18,63.23585124850584,0.9241809756505248,0.9675643164791417,sza_g8_z02,SZA-fSCA,Brighton,2024
187.96,180.81838230634287,-3.7995412288024784,25,30,39.97935347112064,0.6197974444195722,0.8192703315881463,sza_g8_z02,SZA-fSCA,Quemazon,2020
223.52,196.99017358566948,-11.869106305623895,-1,32,42.63292784272988,0.6141242916596933,0.7933518675506436,sza_g8_z02,SZA-fSCA,Quemazon,2023
1315.7199999999998,1413.3530955185572,7.420507062183248,0,16,148.7539052778139,0.9087460072887177,0.9788077950502598,tarboton,Physics perturbations,Stevens_Pass,2020
1107.44,977.916728405837,-11.695737159048166,-3,-1,72.11444114349555,0.9694890633754355,0.9973009543205289,tarboton,Physics perturbations,Stevens_Pass,2022
2286.0,1947.708250946024,-14.798414219334033,6,8,209.78460109246507,0.9454707171549048,0.990681890647421,tarboton,Physics perturbations,Paradise,2020
2159.0,1654.9176679439818,-23.34795424066782,-2,2,247.13485707774242,0.8943848625808575,0.989991422846559,tarboton,Physics perturbations,Paradise,2022
1905.0,1861.997706844743,-2.2573382233730652,-4,11,95.3518621036542,0.9786764289225094,0.9903457776390735,tarboton,Physics perturbations,Paradise,2023
185.42,234.24048244253834,26.329674491715217,2,18,41.53996118312015,0.44320582922223106,0.9160271277551174,tarboton,Physics perturbations,Leavitt_Lake,2015
411.47999999999996,367.68949560687264,-10.64219509894219,22,19,88.35525073663949,0.5856344446005828,0.7974892855458117,tarboton,Physics perturbations,Leavitt_Lake,2021
454.6599999999999,341.7156463353346,-24.841497748793675,9,18,78.34104997425784,0.8044059193701532,0.8983118059714135,tarboton,Physics perturbations,Leavitt_Lake,2022
1023.6199999999999,918.7872280069492,-10.241375900534441,6,19,136.80190270188393,0.8417087690488501,0.9178500232530535,tarboton,Physics perturbations,CSS_Lab,2024
701.04,603.8301111931688,-13.866525277706144,101,17,146.19783224266558,0.7289188279695722,0.8568293887992533,tarboton,Physics perturbations,Donner_Summit,2022
759.4599999999999,604.1793044193192,-20.44619803290242,-2,-18,125.81606966005933,0.7776568372733391,0.9617395152368841,tarboton,Physics perturbations,Togwotee_Pass,2020
574.04,376.1051543586179,-34.48101972708907,-28,-8,106.16205259551225,0.7099906075138847,0.9742859645799593,tarboton,Physics perturbations,Togwotee_Pass,2024
431.79999999999995,367.3031792125305,-14.936734781720581,7,-17,65.60476851101852,0.8324933763500535,0.9325424842552165,tarboton,Physics perturbations,Canyon,1995
335.28,345.01547203996967,2.903684096865215,-6,-18,34.26110142760361,0.9196667414019251,0.9623976119860864,tarboton,Physics perturbations,Canyon,2000
609.5999999999999,597.5295591626852,-1.9800591924728783,28,18,110.25485733482601,0.7522687581537715,0.8747354387550926,tarboton,Physics perturbations,Berthoud_Summit,2024
863.5999999999999,756.5083556299322,-12.40060726841914,39,22,127.62821195973031,0.7976187011502217,0.8944422728947701,tarboton,Physics perturbations,Schofield_Pass,2024
604.52,526.5908498465109,-12.891078897884123,-4,-23,82.7283972099611,0.7953751666211875,0.9101794035831317,tarboton,Physics perturbations,Northeast_Entrance,1995
685.8,628.8557350617209,-8.303334053409019,13,13,94.33554526441623,0.8312661634646211,0.9148699414082967,tarboton,Physics perturbations,Brighton,2024
187.96,32.581698334004,-82.66562123111086,-86,-9,76.00273539957429,-0.3740481281225876,0.24322328329680293,tarboton,Physics perturbations,Quemazon,2020
223.52,70.92307340547983,-68.26992063104876,-23,-29,64.99245311922822,0.10322605720410327,0.7200421958601416,tarboton,Physics perturbations,Quemazon,2023
1315.7199999999998,1312.276424751228,-0.2617255380150657,-31,4,107.70755531041078,0.9521582055935061,0.9766104206202698,tarboton_v2,Albedo v2,Stevens_Pass,2020
1107.44,811.5315420948535,-26.720044237624297,-54,-15,210.81195172717176,0.7392636909829677,0.9344846490639416,tarboton_v2,Albedo v2,Stevens_Pass,2022
2286.0,1857.9801962053536,-18.72352597526887,-3,-10,456.00330649916657,0.742356875760281,0.9181352163295912,tarboton_v2,Albedo v2,Paradise,2020
2159.0,1379.4179698321639,-36.108477543670034,-18,-14,464.4692604256939,0.6269456464709108,0.9130637740386868,tarboton_v2,Albedo v2,Paradise,2022
1905.0,1771.313080327542,-7.017686072045044,-4,-4,191.67953372834367,0.9138305999382348,0.9607844786758163,tarboton_v2,Albedo v2,Paradise,2023
185.42,294.0347446779992,58.57768562075246,69,83,114.48516058696028,-3.2292260875783763,0.49645422740010076,tarboton_v2,Albedo v2,Leavitt_Lake,2015
411.47999999999996,375.07916132392285,-8.846320277067443,2,47,99.63666867373497,0.47306467158674737,0.7609297058183191,tarboton_v2,Albedo v2,Leavitt_Lake,2021
454.6599999999999,452.55389883190674,-0.46322552414841334,-63,44,114.68044645428695,0.5808633079413426,0.8668206082326868,tarboton_v2,Albedo v2,Leavitt_Lake,2022
1023.6199999999999,886.2285675921453,-13.422112933300895,-1,13,67.55218377091232,0.961403193999018,0.9878707586056269,tarboton_v2,Albedo v2,CSS_Lab,2024
701.04,536.9328501438177,-23.409099317611297,42,16,97.65892177762309,0.8790401224529587,0.9559783529342736,tarboton_v2,Albedo v2,Donner_Summit,2022
759.4599999999999,571.5878790915324,-24.73759261955436,-11,-12,148.41177400118343,0.6906228294678969,0.9363958922771882,tarboton_v2,Albedo v2,Togwotee_Pass,2020
574.04,369.9775603851031,-35.54847042277487,-38,0,103.1867723538136,0.7260183315316024,0.9581315991271495,tarboton_v2,Albedo v2,Togwotee_Pass,2024
431.79999999999995,344.62710070563435,-20.188258289570545,-19,2,54.49854912681385,0.8844071288378603,0.9654177122064399,tarboton_v2,Albedo v2,Canyon,1995
335.28,340.4469704630275,1.54109116649593,-6,-1,16.605644108909317,0.9811285967657593,0.9907297546611129,tarboton_v2,Albedo v2,Canyon,2000
609.5999999999999,547.101019170161,-10.252457485209804,-8,17,51.964429081410515,0.9449702377090966,0.9789591698131785,tarboton_v2,Albedo v2,Berthoud_Summit,2024
863.5999999999999,670.4175259355644,-22.36943886804487,3,16,77.50933574346766,0.9253576955613049,0.9835726728375295,tarboton_v2,Albedo v2,Schofield_Pass,2024
604.52,504.02947184416297,-16.62319330308956,-6,-7,79.78538828327063,0.8096749975966192,0.905477736672599,tarboton_v2,Albedo v2,Northeast_Entrance,1995
685.8,582.4226899819332,-15.073973464285032,4,12,48.210541592267674,0.9559307688337986,0.9859733599967213,tarboton_v2,Albedo v2,Brighton,2024
187.96,176.0793806837437,-6.320823215714149,25,28,36.80993594875033,0.6776901173908458,0.8421323072508642,tarboton_v2,Albedo v2,Quemazon,2020
223.52,192.12600584484326,-14.045272975642781,-1,28,39.59766270018701,0.6671134675317006,0.8191307012661668,tarboton_v2,Albedo v2,Quemazon,2023
1315.7199999999998,1328.5688946371092,0.9765675551872303,-31,-6,89.7378113377896,0.9667902145888235,0.9856473601498904,thin_damping,Physics perturbations,Stevens_Pass,2020
1107.44,847.970510930509,-23.429665631500672,-34,-18,180.54818583884432,0.8087518189859396,0.9513183959915206,thin_damping,Physics perturbations,Stevens_Pass,2022
2286.0,1930.996233899833,-15.529473582684473,1,-15,386.9698399899889,0.8144603174786642,0.9458909694066895,thin_damping,Physics perturbations,Paradise,2020
2159.0,1496.939664324532,-30.665138289739136,-2,-15,391.3509710040585,0.7351554804332212,0.9419164798872826,thin_damping,Physics perturbations,Paradise,2022
1905.0,1817.4990212780879,-4.5932272294967,-4,-12,168.68324125790755,0.9332662614442571,0.9702179421394821,thin_damping,Physics perturbations,Paradise,2023
185.42,228.78940990363117,23.389823052330485,2,8,34.232419522441425,0.6218729915274289,0.9492595388206226,thin_damping,Physics perturbations,Leavitt_Lake,2015
411.47999999999996,344.270561991968,-16.33358559541945,3,3,52.7355523285369,0.852386554413745,0.948937640840558,thin_damping,Physics perturbations,Leavitt_Lake,2021
454.6599999999999,334.31305256582647,-26.46965808168158,-61,0,51.14697505771684,0.9166286490441917,0.9909543375517543,thin_damping,Physics perturbations,Leavitt_Lake,2022
1023.6199999999999,825.8652504775154,-19.31915647627875,-1,1,90.19241700923685,0.9311961672087092,0.9975880827739414,thin_damping,Physics perturbations,CSS_Lab,2024
701.04,534.7131232238931,-23.725732736521003,42,0,79.761945055034,0.9193119982118407,0.9889831818039942,thin_damping,Physics perturbations,Donner_Summit,2022
759.4599999999999,584.5533259932349,-23.03039975861336,-11,-26,171.83935693028596,0.5852400360235217,0.888047868494708,thin_damping,Physics perturbations,Togwotee_Pass,2020
574.04,353.0425796711813,-38.498609910253414,-38,-21,148.51488153350644,0.43243788792610816,0.8328103354962895,thin_damping,Physics perturbations,Togwotee_Pass,2024
431.79999999999995,343.159004543169,-20.528252769066928,0,-24,96.26819270485471,0.6393160581699393,0.8430470637749009,thin_damping,Physics perturbations,Canyon,1995
335.28,336.70656408607255,0.4254843969436215,-6,-23,48.5427652565185,0.8387343885535272,0.9234331762330179,thin_damping,Physics perturbations,Canyon,2000
609.5999999999999,600.4940118245955,-1.493764464469222,14,7,51.363851614565526,0.9462348970420772,0.9796008487282322,thin_damping,Physics perturbations,Berthoud_Summit,2024
863.5999999999999,654.1428463249954,-24.253954802571158,13,5,69.85478950535996,0.9393725383441556,0.9944294727220038,thin_damping,Physics perturbations,Schofield_Pass,2024
604.52,438.1994000244376,-27.512836626672797,-34,-36,126.67618194166334,0.5202234155304797,0.7870799848839652,thin_damping,Physics perturbations,Northeast_Entrance,1995
685.8,623.8533544468678,-9.032756715242368,4,-1,40.743670180158354,0.9685245644612576,0.9967646411099136,thin_damping,Physics perturbations,Brighton,2024
187.96,41.46799506776842,-77.93786174304725,-76,-9,71.07787583515179,-0.20174515342258958,0.4639367988297908,thin_damping,Physics perturbations,Quemazon,2020
223.52,148.3952384949614,-33.60986108851047,-1,3,31.137907601849346,0.7941570616573391,0.9731555445884185,thin_damping,Physics perturbations,Quemazon,2023
1315.7199999999998,1404.8486963720168,6.774138598791307,0,15,136.13812535745396,0.9235681000933106,0.9825661421937978,vic_albedo,Physics perturbations,Stevens_Pass,2020
1107.44,969.0827148748984,-12.493433967086398,-5,-3,78.39088691252368,0.9639469333495839,0.9969411430045652,vic_albedo,Physics perturbations,Stevens_Pass,2022
2286.0,1946.7454156277688,-14.840532999660159,6,6,216.84284414416587,0.9417396937526079,0.9904865993410304,vic_albedo,Physics perturbations,Paradise,2020
2159.0,1645.8469585398223,-23.768088997692345,-2,0,254.2376697429338,0.8882267297527989,0.9888473340930475,vic_albedo,Physics perturbations,Paradise,2022
1905.0,1858.8675332071325,-2.4216518001505243,-4,10,88.72863763631429,0.9815358547748955,0.9916075228767993,vic_albedo,Physics perturbations,Paradise,2023
185.42,230.42230242725023,24.270468356838663,2,9,36.90383666289592,0.5605539694048647,0.9351862121364725,vic_albedo,Physics perturbations,Leavitt_Lake,2015
411.47999999999996,365.15412007600327,-11.258355187128585,3,18,86.32949686058622,0.6044172554472529,0.8056226188228552,vic_albedo,Physics perturbations,Leavitt_Lake,2021
454.6599999999999,341.4544080950216,-24.8989556822633,9,16,72.67439974143134,0.8316784048347334,0.9156714068502756,vic_albedo,Physics perturbations,Leavitt_Lake,2022
1023.6199999999999,917.3059420556045,-10.386086432894567,6,17,131.33827774241152,0.8541000258761074,0.92429170631553,vic_albedo,Physics perturbations,CSS_Lab,2024
701.04,592.2754239760383,-15.514746094939191,67,15,136.60841562411966,0.7633140942067329,0.8747132130391635,vic_albedo,Physics perturbations,Donner_Summit,2022
759.4599999999999,603.2984414388314,-20.562183467354238,-2,-19,127.59057963243662,0.7713407517598678,0.9596028115874726,vic_albedo,Physics perturbations,Togwotee_Pass,2020
574.04,370.07609133934494,-35.53130594743485,-28,-10,115.99857726999414,0.653758775404413,0.9599037331554606,vic_albedo,Physics perturbations,Togwotee_Pass,2024
431.79999999999995,365.5964221121598,-15.332000437202442,7,-18,69.60873521647645,0.8114230290470789,0.9226311009530472,vic_albedo,Physics perturbations,Canyon,1995
335.28,344.75999388828745,2.8274856502885597,-6,-19,35.24089684239191,0.9150063173312182,0.9601701555978434,vic_albedo,Physics perturbations,Canyon,2000
609.5999999999999,590.720395831737,-3.097047927864643,28,17,106.74112117605789,0.7678071528763923,0.8834081339567889,vic_albedo,Physics perturbations,Berthoud_Summit,2024
863.5999999999999,751.3872531553093,-12.99360199683773,38,22,125.74617913280335,0.8035434087446686,0.8973676324797026,vic_albedo,Physics perturbations,Schofield_Pass,2024
604.52,520.7155738477148,-13.862969984828483,-4,-25,87.63326493477574,0.7703919538595652,0.8993126083314567,vic_albedo,Physics perturbations,Northeast_Entrance,1995
685.8,626.7311435415928,-8.613131592068699,12,12,89.95753249967737,0.8465642636120645,0.9222857771489592,vic_albedo,Physics perturbations,Brighton,2024
187.96,32.57758166128795,-82.6678114166376,-86,-9,76.02594788909742,-0.37488757023614183,0.24219590486042647,vic_albedo,Physics perturbations,Quemazon,2020
223.52,66.19944435602089,-70.38321208123618,-23,-30,65.96596967353378,0.07615944513979922,0.7065054063379487,vic_albedo,Physics perturbations,Quemazon,2023
1315.7199999999998,1306.2870507276423,-0.7169419992367312,-31,-4,147.16257652825846,0.9106879847587506,0.9551147430668893,vic_v2,Albedo v2,Stevens_Pass,2020
1107.44,798.8260518797366,-27.867328985792767,-54,-17,232.99498547453365,0.6815038376666014,0.9141881037662066,vic_v2,Albedo v2,Stevens_Pass,2022
2286.0,1828.7280072870697,-20.003149287529762,-2,-22,529.1001832051369,0.6531366635965216,0.8799667952482328,vic_v2,Albedo v2,Paradise,2020
2159.0,1336.262166706571,-38.107356799139836,-18,-17,495.9053220167059,0.5747388616939771,0.8945504168716086,vic_v2,Albedo v2,Paradise,2022
1905.0,1754.6159403450638,-7.894176359839171,-4,-15,246.2919541557435,0.8577337022368106,0.9358240398509927,vic_v2,Albedo v2,Paradise,2023
185.42,278.2806368542183,50.081240887832124,69,77,107.50191019138346,-2.729021348206146,0.519268596700508,vic_v2,Albedo v2,Leavitt_Lake,2015
411.47999999999996,331.2595503071339,-19.49558901838876,-36,38,83.14046488567305,0.6331032905049225,0.8086766038730604,vic_v2,Albedo v2,Leavitt_Lake,2021
454.6599999999999,444.4284500993926,-2.250373883914864,-63,40,105.85951379215938,0.6428614578957581,0.8566187715651672,vic_v2,Albedo v2,Leavitt_Lake,2022
1023.6199999999999,834.3679276178583,-18.48850866358039,-27,8,95.64211362611576,0.9226303003096726,0.9790737978942933,vic_v2,Albedo v2,CSS_Lab,2024
701.04,527.4879533235336,-24.75636863466655,-2,12,111.81960604090898,0.8414181777274827,0.9608690427708678,vic_v2,Albedo v2,Donner_Summit,2022
759.4599999999999,572.9760156685326,-24.554813200361753,-19,-14,152.11371989430788,0.6749962855447478,0.9305420896873133,vic_v2,Albedo v2,Togwotee_Pass,2020
574.04,360.71120958577984,-37.162704761727426,-55,-3,116.40791973789014,0.6513107917241632,0.9441716304613301,vic_v2,Albedo v2,Togwotee_Pass,2024
431.79999999999995,338.3817722581958,-21.63460577623997,-19,-6,69.37452132616166,0.8126899114428454,0.9344648104572831,vic_v2,Albedo v2,Canyon,1995
335.28,337.1998070719599,0.5725981484013217,-7,-2,22.50085728322837,0.965350986614596,0.9826540388655476,vic_v2,Albedo v2,Canyon,2000
609.5999999999999,529.6042189944332,-13.122667487789824,-8,14,52.44951765048028,0.9439380352981088,0.9838463897532158,vic_v2,Albedo v2,Berthoud_Summit,2024
863.5999999999999,658.9788871049615,-23.693968607577403,3,11,92.87166680996086,0.8928373390110307,0.9787955406511761,vic_v2,Albedo v2,Schofield_Pass,2024
604.52,501.2249914138374,-17.087111855052367,-6,-16,88.44916578393456,0.7660965645886175,0.8852279436409715,vic_v2,Albedo v2,Northeast_Entrance,1995
685.8,536.6272433756519,-21.751641385877523,-21,8,62.33256251606785,0.9263315697712043,0.9848529683100179,vic_v2,Albedo v2,Brighton,2024
187.96,169.59088222097614,-9.772886666856708,25,24,31.75375444796772,0.7601533468808156,0.8784738114286816,vic_v2,Albedo v2,Quemazon,2020
223.52,194.19836594051574,-13.118125473999761,-1,24,37.484346070557564,0.7016974271884369,0.8390004112188801,vic_v2,Albedo v2,Quemazon,2023
1315.7199999999998,1303.6219542217766,-0.9195000287464807,0,-6,81.71155323363404,0.9724651918338747,0.9868225753233921,wetbulb,Physics perturbations,Stevens_Pass,2020
1107.44,827.7878497710622,-25.252126546714752,-34,-18,185.71925589759192,0.797639881433311,0.9522779271015271,wetbulb,Physics perturbations,Stevens_Pass,2022
2286.0,1961.2551607499502,-14.205810990815829,1,-14,369.0005063601975,0.8312916812243196,0.9498862064020528,wetbulb,Physics perturbations,Paradise,2020
2159.0,1510.7235085430366,-30.026701781239623,-2,-15,389.74970051919047,0.7373183477046086,0.9442402212895294,wetbulb,Physics perturbations,Paradise,2022
1905.0,1779.209866370412,-6.603156620975743,-4,-13,178.18415704292372,0.9255371328640739,0.9696939897707547,wetbulb,Physics perturbations,Paradise,2023
185.42,242.26069438511695,30.655104295716196,2,8,37.703395364583855,0.5413056069085748,0.9505570412304273,wetbulb,Physics perturbations,Leavitt_Lake,2015
411.47999999999996,347.2712291525595,-15.604347926373205,3,3,53.57524248577718,0.8476483330425543,0.945542646965201,wetbulb,Physics perturbations,Leavitt_Lake,2021
454.6599999999999,327.067187256689,-28.06334684012469,-61,0,54.914936955746704,0.9038923606033265,0.9887810384638375,wetbulb,Physics perturbations,Leavitt_Lake,2022
1023.6199999999999,830.8307341542148,-18.834065946912435,4,1,86.03400320670004,0.9373944488164212,0.997055044209602,wetbulb,Physics perturbations,CSS_Lab,2024
701.04,528.302714730152,-24.640146820416515,42,1,81.34904842964121,0.9160689912635473,0.9884959201389806,wetbulb,Physics perturbations,Donner_Summit,2022
759.4599999999999,585.8214503346392,-22.86342265101003,-11,-25,166.3735164421841,0.6112056524935072,0.900386175828661,wetbulb,Physics perturbations,Togwotee_Pass,2020
574.04,349.2314051373112,-39.162531332779736,-38,-15,140.10995744234881,0.49486035788301275,0.8787012880178205,wetbulb,Physics perturbations,Togwotee_Pass,2024
431.79999999999995,341.66827564922045,-20.873488733390346,0,-24,95.19057513906048,0.6473457909311751,0.8476006086483603,wetbulb,Physics perturbations,Canyon,1995
335.28,336.95385483329216,0.4992408832295939,-6,-23,47.20628051355556,0.8474921115093716,0.9275986434374623,wetbulb,Physics perturbations,Canyon,2000
609.5999999999999,566.0947096254101,-7.13669461525423,14,5,72.17859348165103,0.8938299196109066,0.974331146815211,wetbulb,Physics perturbations,Berthoud_Summit,2024
863.5999999999999,654.7720260180444,-24.1810993494622,13,5,69.11903140746878,0.9406429517202556,0.993037592711115,wetbulb,Physics perturbations,Schofield_Pass,2024
604.52,440.54445448133214,-27.124916548446343,-33,-36,122.25075166492756,0.5531598444883288,0.8027106303606867,wetbulb,Physics perturbations,Northeast_Entrance,1995
685.8,596.2927587194378,-13.051507914925956,4,-2,56.354113988348246,0.939785275260649,0.99463006902938,wetbulb,Physics perturbations,Brighton,2024
187.96,32.57959564259535,-82.66673992200715,-86,-9,75.97389586527139,-0.3730055501252527,0.24195199030710932,wetbulb,Physics perturbations,Quemazon,2020
223.52,67.94299771218927,-69.60316852532692,-23,-29,65.03585045226573,0.10202805378103241,0.7403259672560121,wetbulb,Physics perturbations,Quemazon,2023
